大类,子类,产品,币种,历史日期,历史低点字段,历史低点,历史中间字段,历史中间值,历史报价字段,历史报价,历史低点数值,历史中间数值,历史报价数值,当前报价字段,当前报价,更新时间,涨跌额,涨跌幅,对比价字段,对比价,高点字段,高点,低点字段,低点,香港价,子类页面URL,明细页URL,最近三个月URL,抓取时间
芯片,Flash Wafer,1Tb QLC,美元,2026-04-21,日低点,28.00,开盘价,28.00,收盘价,28.00,28.0,28.0,28.0,当前价,$28.00,2026-04-22 18:00,0.00,0.00%,前收盘,$28.00,日高点,$28.00,日低点,$28.00,,https://www.chinaflashmarket.com/price/nandflash,https://www.chinaflashmarket.com/price/in/100257,https://www.chinaflashmarket.com/price/in/100257/1,2026-04-22 20:13:57
芯片,Flash Wafer,1Tb QLC,美元,2026-04-20,日低点,28.00,开盘价,28.00,收盘价,28.00,28.0,28.0,28.0,当前价,$28.00,2026-04-22 18:00,0.00,0.00%,前收盘,$28.00,日高点,$28.00,日低点,$28.00,,https://www.chinaflashmarket.com/price/nandflash,https://www.chinaflashmarket.com/price/in/100257,https://www.chinaflashmarket.com/price/in/100257/1,2026-04-22 20:13:57
芯片,Flash Wafer,1Tb QLC,美元,2026-04-17,日低点,28.00,开盘价,28.00,收盘价,28.00,28.0,28.0,28.0,当前价,$28.00,2026-04-22 18:00,0.00,0.00%,前收盘,$28.00,日高点,$28.00,日低点,$28.00,,https://www.chinaflashmarket.com/price/nandflash,https://www.chinaflashmarket.com/price/in/100257,https://www.chinaflashmarket.com/price/in/100257/1,2026-04-22 20:13:57
芯片,Flash Wafer,1Tb QLC,美元,2026-04-16,日低点,28.00,开盘价,28.00,收盘价,28.00,28.0,28.0,28.0,当前价,$28.00,2026-04-22 18:00,0.00,0.00%,前收盘,$28.00,日高点,$28.00,日低点,$28.00,,https://www.chinaflashmarket.com/price/nandflash,https://www.chinaflashmarket.com/price/in/100257,https://www.chinaflashmarket.com/price/in/100257/1,2026-04-22 20:13:57
芯片,Flash Wafer,1Tb QLC,美元,2026-04-15,日低点,28.00,开盘价,28.00,收盘价,28.00,28.0,28.0,28.0,当前价,$28.00,2026-04-22 18:00,0.00,0.00%,前收盘,$28.00,日高点,$28.00,日低点,$28.00,,https://www.chinaflashmarket.com/price/nandflash,https://www.chinaflashmarket.com/price/in/100257,https://www.chinaflashmarket.com/price/in/100257/1,2026-04-22 20:13:57
芯片,Flash Wafer,1Tb QLC,美元,2026-04-14,日低点,28.00,开盘价,28.00,收盘价,28.00,28.0,28.0,28.0,当前价,$28.00,2026-04-22 18:00,0.00,0.00%,前收盘,$28.00,日高点,$28.00,日低点,$28.00,,https://www.chinaflashmarket.com/price/nandflash,https://www.chinaflashmarket.com/price/in/100257,https://www.chinaflashmarket.com/price/in/100257/1,2026-04-22 20:13:57
芯片,Flash Wafer,1Tb QLC,美元,2026-04-13,日低点,28.00,开盘价,28.00,收盘价,28.00,28.0,28.0,28.0,当前价,$28.00,2026-04-22 18:00,0.00,0.00%,前收盘,$28.00,日高点,$28.00,日低点,$28.00,,https://www.chinaflashmarket.com/price/nandflash,https://www.chinaflashmarket.com/price/in/100257,https://www.chinaflashmarket.com/price/in/100257/1,2026-04-22 20:13:57
芯片,Flash Wafer,1Tb QLC,美元,2026-04-10,日低点,28.00,开盘价,28.00,收盘价,28.00,28.0,28.0,28.0,当前价,$28.00,2026-04-22 18:00,0.00,0.00%,前收盘,$28.00,日高点,$28.00,日低点,$28.00,,https://www.chinaflashmarket.com/price/nandflash,https://www.chinaflashmarket.com/price/in/100257,https://www.chinaflashmarket.com/price/in/100257/1,2026-04-22 20:13:57
芯片,Flash Wafer,1Tb QLC,美元,2026-04-09,日低点,28.00,开盘价,28.00,收盘价,28.00,28.0,28.0,28.0,当前价,$28.00,2026-04-22 18:00,0.00,0.00%,前收盘,$28.00,日高点,$28.00,日低点,$28.00,,https://www.chinaflashmarket.com/price/nandflash,https://www.chinaflashmarket.com/price/in/100257,https://www.chinaflashmarket.com/price/in/100257/1,2026-04-22 20:13:57
芯片,Flash Wafer,1Tb QLC,美元,2026-04-08,日低点,28.00,开盘价,28.00,收盘价,28.00,28.0,28.0,28.0,当前价,$28.00,2026-04-22 18:00,0.00,0.00%,前收盘,$28.00,日高点,$28.00,日低点,$28.00,,https://www.chinaflashmarket.com/price/nandflash,https://www.chinaflashmarket.com/price/in/100257,https://www.chinaflashmarket.com/price/in/100257/1,2026-04-22 20:13:57
芯片,Flash Wafer,1Tb QLC,美元,2026-04-07,日低点,28.00,开盘价,28.00,收盘价,28.00,28.0,28.0,28.0,当前价,$28.00,2026-04-22 18:00,0.00,0.00%,前收盘,$28.00,日高点,$28.00,日低点,$28.00,,https://www.chinaflashmarket.com/price/nandflash,https://www.chinaflashmarket.com/price/in/100257,https://www.chinaflashmarket.com/price/in/100257/1,2026-04-22 20:13:57
芯片,Flash Wafer,1Tb QLC,美元,2026-04-03,日低点,28.00,开盘价,28.00,收盘价,28.00,28.0,28.0,28.0,当前价,$28.00,2026-04-22 18:00,0.00,0.00%,前收盘,$28.00,日高点,$28.00,日低点,$28.00,,https://www.chinaflashmarket.com/price/nandflash,https://www.chinaflashmarket.com/price/in/100257,https://www.chinaflashmarket.com/price/in/100257/1,2026-04-22 20:13:57
芯片,Flash Wafer,1Tb QLC,美元,2026-04-02,日低点,28.00,开盘价,28.00,收盘价,28.00,28.0,28.0,28.0,当前价,$28.00,2026-04-22 18:00,0.00,0.00%,前收盘,$28.00,日高点,$28.00,日低点,$28.00,,https://www.chinaflashmarket.com/price/nandflash,https://www.chinaflashmarket.com/price/in/100257,https://www.chinaflashmarket.com/price/in/100257/1,2026-04-22 20:13:57
芯片,Flash Wafer,1Tb QLC,美元,2026-04-01,日低点,28.00,开盘价,28.00,收盘价,28.00,28.0,28.0,28.0,当前价,$28.00,2026-04-22 18:00,0.00,0.00%,前收盘,$28.00,日高点,$28.00,日低点,$28.00,,https://www.chinaflashmarket.com/price/nandflash,https://www.chinaflashmarket.com/price/in/100257,https://www.chinaflashmarket.com/price/in/100257/1,2026-04-22 20:13:57
芯片,Flash Wafer,1Tb QLC,美元,2026-03-31,日低点,28.00,开盘价,28.00,收盘价,28.00,28.0,28.0,28.0,当前价,$28.00,2026-04-22 18:00,0.00,0.00%,前收盘,$28.00,日高点,$28.00,日低点,$28.00,,https://www.chinaflashmarket.com/price/nandflash,https://www.chinaflashmarket.com/price/in/100257,https://www.chinaflashmarket.com/price/in/100257/1,2026-04-22 20:13:57
芯片,Flash Wafer,1Tb QLC,美元,2026-03-30,日低点,28.00,开盘价,28.00,收盘价,28.00,28.0,28.0,28.0,当前价,$28.00,2026-04-22 18:00,0.00,0.00%,前收盘,$28.00,日高点,$28.00,日低点,$28.00,,https://www.chinaflashmarket.com/price/nandflash,https://www.chinaflashmarket.com/price/in/100257,https://www.chinaflashmarket.com/price/in/100257/1,2026-04-22 20:13:57
芯片,Flash Wafer,1Tb QLC,美元,2026-03-27,日低点,28.00,开盘价,28.00,收盘价,28.00,28.0,28.0,28.0,当前价,$28.00,2026-04-22 18:00,0.00,0.00%,前收盘,$28.00,日高点,$28.00,日低点,$28.00,,https://www.chinaflashmarket.com/price/nandflash,https://www.chinaflashmarket.com/price/in/100257,https://www.chinaflashmarket.com/price/in/100257/1,2026-04-22 20:13:57
芯片,Flash Wafer,1Tb QLC,美元,2026-03-26,日低点,28.00,开盘价,28.00,收盘价,28.00,28.0,28.0,28.0,当前价,$28.00,2026-04-22 18:00,0.00,0.00%,前收盘,$28.00,日高点,$28.00,日低点,$28.00,,https://www.chinaflashmarket.com/price/nandflash,https://www.chinaflashmarket.com/price/in/100257,https://www.chinaflashmarket.com/price/in/100257/1,2026-04-22 20:13:57
芯片,Flash Wafer,1Tb QLC,美元,2026-03-25,日低点,28.00,开盘价,28.00,收盘价,28.00,28.0,28.0,28.0,当前价,$28.00,2026-04-22 18:00,0.00,0.00%,前收盘,$28.00,日高点,$28.00,日低点,$28.00,,https://www.chinaflashmarket.com/price/nandflash,https://www.chinaflashmarket.com/price/in/100257,https://www.chinaflashmarket.com/price/in/100257/1,2026-04-22 20:13:57
芯片,Flash Wafer,1Tb QLC,美元,2026-03-24,日低点,28.00,开盘价,28.00,收盘价,28.00,28.0,28.0,28.0,当前价,$28.00,2026-04-22 18:00,0.00,0.00%,前收盘,$28.00,日高点,$28.00,日低点,$28.00,,https://www.chinaflashmarket.com/price/nandflash,https://www.chinaflashmarket.com/price/in/100257,https://www.chinaflashmarket.com/price/in/100257/1,2026-04-22 20:13:57
芯片,Flash Wafer,1Tb QLC,美元,2026-03-23,日低点,28.00,开盘价,28.00,收盘价,28.00,28.0,28.0,28.0,当前价,$28.00,2026-04-22 18:00,0.00,0.00%,前收盘,$28.00,日高点,$28.00,日低点,$28.00,,https://www.chinaflashmarket.com/price/nandflash,https://www.chinaflashmarket.com/price/in/100257,https://www.chinaflashmarket.com/price/in/100257/1,2026-04-22 20:13:57
芯片,Flash Wafer,1Tb QLC,美元,2026-03-20,日低点,28.00,开盘价,28.00,收盘价,28.00,28.0,28.0,28.0,当前价,$28.00,2026-04-22 18:00,0.00,0.00%,前收盘,$28.00,日高点,$28.00,日低点,$28.00,,https://www.chinaflashmarket.com/price/nandflash,https://www.chinaflashmarket.com/price/in/100257,https://www.chinaflashmarket.com/price/in/100257/1,2026-04-22 20:13:57
芯片,Flash Wafer,1Tb QLC,美元,2026-03-19,日低点,28.00,开盘价,28.00,收盘价,28.00,28.0,28.0,28.0,当前价,$28.00,2026-04-22 18:00,0.00,0.00%,前收盘,$28.00,日高点,$28.00,日低点,$28.00,,https://www.chinaflashmarket.com/price/nandflash,https://www.chinaflashmarket.com/price/in/100257,https://www.chinaflashmarket.com/price/in/100257/1,2026-04-22 20:13:57
芯片,Flash Wafer,1Tb QLC,美元,2026-03-18,日低点,28.00,开盘价,28.00,收盘价,28.00,28.0,28.0,28.0,当前价,$28.00,2026-04-22 18:00,0.00,0.00%,前收盘,$28.00,日高点,$28.00,日低点,$28.00,,https://www.chinaflashmarket.com/price/nandflash,https://www.chinaflashmarket.com/price/in/100257,https://www.chinaflashmarket.com/price/in/100257/1,2026-04-22 20:13:57
芯片,Flash Wafer,1Tb QLC,美元,2026-03-17,日低点,28.00,开盘价,28.00,收盘价,28.00,28.0,28.0,28.0,当前价,$28.00,2026-04-22 18:00,0.00,0.00%,前收盘,$28.00,日高点,$28.00,日低点,$28.00,,https://www.chinaflashmarket.com/price/nandflash,https://www.chinaflashmarket.com/price/in/100257,https://www.chinaflashmarket.com/price/in/100257/1,2026-04-22 20:13:57
芯片,Flash Wafer,1Tb QLC,美元,2026-03-16,日低点,28.00,开盘价,28.00,收盘价,28.00,28.0,28.0,28.0,当前价,$28.00,2026-04-22 18:00,0.00,0.00%,前收盘,$28.00,日高点,$28.00,日低点,$28.00,,https://www.chinaflashmarket.com/price/nandflash,https://www.chinaflashmarket.com/price/in/100257,https://www.chinaflashmarket.com/price/in/100257/1,2026-04-22 20:13:57
芯片,Flash Wafer,1Tb QLC,美元,2026-03-13,日低点,28.00,开盘价,28.00,收盘价,28.00,28.0,28.0,28.0,当前价,$28.00,2026-04-22 18:00,0.00,0.00%,前收盘,$28.00,日高点,$28.00,日低点,$28.00,,https://www.chinaflashmarket.com/price/nandflash,https://www.chinaflashmarket.com/price/in/100257,https://www.chinaflashmarket.com/price/in/100257/1,2026-04-22 20:13:57
芯片,Flash Wafer,1Tb QLC,美元,2026-03-12,日低点,24.00,开盘价,24.00,收盘价,28.00,24.0,24.0,28.0,当前价,$28.00,2026-04-22 18:00,0.00,0.00%,前收盘,$28.00,日高点,$28.00,日低点,$28.00,,https://www.chinaflashmarket.com/price/nandflash,https://www.chinaflashmarket.com/price/in/100257,https://www.chinaflashmarket.com/price/in/100257/1,2026-04-22 20:13:57
芯片,Flash Wafer,1Tb QLC,美元,2026-03-11,日低点,24.00,开盘价,24.00,收盘价,24.00,24.0,24.0,24.0,当前价,$28.00,2026-04-22 18:00,0.00,0.00%,前收盘,$28.00,日高点,$28.00,日低点,$28.00,,https://www.chinaflashmarket.com/price/nandflash,https://www.chinaflashmarket.com/price/in/100257,https://www.chinaflashmarket.com/price/in/100257/1,2026-04-22 20:13:57
芯片,Flash Wafer,1Tb QLC,美元,2026-03-10,日低点,24.00,开盘价,24.00,收盘价,24.00,24.0,24.0,24.0,当前价,$28.00,2026-04-22 18:00,0.00,0.00%,前收盘,$28.00,日高点,$28.00,日低点,$28.00,,https://www.chinaflashmarket.com/price/nandflash,https://www.chinaflashmarket.com/price/in/100257,https://www.chinaflashmarket.com/price/in/100257/1,2026-04-22 20:13:57
芯片,Flash Wafer,1Tb QLC,美元,2026-03-09,日低点,24.00,开盘价,24.00,收盘价,24.00,24.0,24.0,24.0,当前价,$28.00,2026-04-22 18:00,0.00,0.00%,前收盘,$28.00,日高点,$28.00,日低点,$28.00,,https://www.chinaflashmarket.com/price/nandflash,https://www.chinaflashmarket.com/price/in/100257,https://www.chinaflashmarket.com/price/in/100257/1,2026-04-22 20:13:57
芯片,Flash Wafer,1Tb QLC,美元,2026-03-06,日低点,24.00,开盘价,24.00,收盘价,24.00,24.0,24.0,24.0,当前价,$28.00,2026-04-22 18:00,0.00,0.00%,前收盘,$28.00,日高点,$28.00,日低点,$28.00,,https://www.chinaflashmarket.com/price/nandflash,https://www.chinaflashmarket.com/price/in/100257,https://www.chinaflashmarket.com/price/in/100257/1,2026-04-22 20:13:57
芯片,Flash Wafer,1Tb QLC,美元,2026-03-05,日低点,24.00,开盘价,24.00,收盘价,24.00,24.0,24.0,24.0,当前价,$28.00,2026-04-22 18:00,0.00,0.00%,前收盘,$28.00,日高点,$28.00,日低点,$28.00,,https://www.chinaflashmarket.com/price/nandflash,https://www.chinaflashmarket.com/price/in/100257,https://www.chinaflashmarket.com/price/in/100257/1,2026-04-22 20:13:57
芯片,Flash Wafer,1Tb QLC,美元,2026-03-04,日低点,24.00,开盘价,24.00,收盘价,24.00,24.0,24.0,24.0,当前价,$28.00,2026-04-22 18:00,0.00,0.00%,前收盘,$28.00,日高点,$28.00,日低点,$28.00,,https://www.chinaflashmarket.com/price/nandflash,https://www.chinaflashmarket.com/price/in/100257,https://www.chinaflashmarket.com/price/in/100257/1,2026-04-22 20:13:57
芯片,Flash Wafer,1Tb QLC,美元,2026-03-03,日低点,24.00,开盘价,24.00,收盘价,24.00,24.0,24.0,24.0,当前价,$28.00,2026-04-22 18:00,0.00,0.00%,前收盘,$28.00,日高点,$28.00,日低点,$28.00,,https://www.chinaflashmarket.com/price/nandflash,https://www.chinaflashmarket.com/price/in/100257,https://www.chinaflashmarket.com/price/in/100257/1,2026-04-22 20:13:57
芯片,Flash Wafer,1Tb QLC,美元,2026-03-02,日低点,24.00,开盘价,24.00,收盘价,24.00,24.0,24.0,24.0,当前价,$28.00,2026-04-22 18:00,0.00,0.00%,前收盘,$28.00,日高点,$28.00,日低点,$28.00,,https://www.chinaflashmarket.com/price/nandflash,https://www.chinaflashmarket.com/price/in/100257,https://www.chinaflashmarket.com/price/in/100257/1,2026-04-22 20:13:57
芯片,Flash Wafer,1Tb QLC,美元,2026-02-28,日低点,24.00,开盘价,24.00,收盘价,24.00,24.0,24.0,24.0,当前价,$28.00,2026-04-22 18:00,0.00,0.00%,前收盘,$28.00,日高点,$28.00,日低点,$28.00,,https://www.chinaflashmarket.com/price/nandflash,https://www.chinaflashmarket.com/price/in/100257,https://www.chinaflashmarket.com/price/in/100257/1,2026-04-22 20:13:57
芯片,Flash Wafer,1Tb QLC,美元,2026-02-27,日低点,24.00,开盘价,24.00,收盘价,24.00,24.0,24.0,24.0,当前价,$28.00,2026-04-22 18:00,0.00,0.00%,前收盘,$28.00,日高点,$28.00,日低点,$28.00,,https://www.chinaflashmarket.com/price/nandflash,https://www.chinaflashmarket.com/price/in/100257,https://www.chinaflashmarket.com/price/in/100257/1,2026-04-22 20:13:57
芯片,Flash Wafer,1Tb QLC,美元,2026-02-26,日低点,24.00,开盘价,24.00,收盘价,24.00,24.0,24.0,24.0,当前价,$28.00,2026-04-22 18:00,0.00,0.00%,前收盘,$28.00,日高点,$28.00,日低点,$28.00,,https://www.chinaflashmarket.com/price/nandflash,https://www.chinaflashmarket.com/price/in/100257,https://www.chinaflashmarket.com/price/in/100257/1,2026-04-22 20:13:57
芯片,Flash Wafer,1Tb QLC,美元,2026-02-25,日低点,24.00,开盘价,24.00,收盘价,24.00,24.0,24.0,24.0,当前价,$28.00,2026-04-22 18:00,0.00,0.00%,前收盘,$28.00,日高点,$28.00,日低点,$28.00,,https://www.chinaflashmarket.com/price/nandflash,https://www.chinaflashmarket.com/price/in/100257,https://www.chinaflashmarket.com/price/in/100257/1,2026-04-22 20:13:57
芯片,Flash Wafer,1Tb QLC,美元,2026-02-24,日低点,24.00,开盘价,24.00,收盘价,24.00,24.0,24.0,24.0,当前价,$28.00,2026-04-22 18:00,0.00,0.00%,前收盘,$28.00,日高点,$28.00,日低点,$28.00,,https://www.chinaflashmarket.com/price/nandflash,https://www.chinaflashmarket.com/price/in/100257,https://www.chinaflashmarket.com/price/in/100257/1,2026-04-22 20:13:57
芯片,Flash Wafer,1Tb QLC,美元,2026-02-14,日低点,24.00,开盘价,24.00,收盘价,24.00,24.0,24.0,24.0,当前价,$28.00,2026-04-22 18:00,0.00,0.00%,前收盘,$28.00,日高点,$28.00,日低点,$28.00,,https://www.chinaflashmarket.com/price/nandflash,https://www.chinaflashmarket.com/price/in/100257,https://www.chinaflashmarket.com/price/in/100257/1,2026-04-22 20:13:57
芯片,Flash Wafer,1Tb QLC,美元,2026-02-13,日低点,24.00,开盘价,24.00,收盘价,24.00,24.0,24.0,24.0,当前价,$28.00,2026-04-22 18:00,0.00,0.00%,前收盘,$28.00,日高点,$28.00,日低点,$28.00,,https://www.chinaflashmarket.com/price/nandflash,https://www.chinaflashmarket.com/price/in/100257,https://www.chinaflashmarket.com/price/in/100257/1,2026-04-22 20:13:57
芯片,Flash Wafer,1Tb QLC,美元,2026-02-12,日低点,24.00,开盘价,24.00,收盘价,24.00,24.0,24.0,24.0,当前价,$28.00,2026-04-22 18:00,0.00,0.00%,前收盘,$28.00,日高点,$28.00,日低点,$28.00,,https://www.chinaflashmarket.com/price/nandflash,https://www.chinaflashmarket.com/price/in/100257,https://www.chinaflashmarket.com/price/in/100257/1,2026-04-22 20:13:57
芯片,Flash Wafer,1Tb QLC,美元,2026-02-11,日低点,24.00,开盘价,24.00,收盘价,24.00,24.0,24.0,24.0,当前价,$28.00,2026-04-22 18:00,0.00,0.00%,前收盘,$28.00,日高点,$28.00,日低点,$28.00,,https://www.chinaflashmarket.com/price/nandflash,https://www.chinaflashmarket.com/price/in/100257,https://www.chinaflashmarket.com/price/in/100257/1,2026-04-22 20:13:57
芯片,Flash Wafer,1Tb QLC,美元,2026-02-10,日低点,24.00,开盘价,24.00,收盘价,24.00,24.0,24.0,24.0,当前价,$28.00,2026-04-22 18:00,0.00,0.00%,前收盘,$28.00,日高点,$28.00,日低点,$28.00,,https://www.chinaflashmarket.com/price/nandflash,https://www.chinaflashmarket.com/price/in/100257,https://www.chinaflashmarket.com/price/in/100257/1,2026-04-22 20:13:57
芯片,Flash Wafer,1Tb QLC,美元,2026-02-09,日低点,19.00,开盘价,19.00,收盘价,19.00,19.0,19.0,19.0,当前价,$28.00,2026-04-22 18:00,0.00,0.00%,前收盘,$28.00,日高点,$28.00,日低点,$28.00,,https://www.chinaflashmarket.com/price/nandflash,https://www.chinaflashmarket.com/price/in/100257,https://www.chinaflashmarket.com/price/in/100257/1,2026-04-22 20:13:57
芯片,Flash Wafer,1Tb QLC,美元,2026-02-06,日低点,19.00,开盘价,19.00,收盘价,19.00,19.0,19.0,19.0,当前价,$28.00,2026-04-22 18:00,0.00,0.00%,前收盘,$28.00,日高点,$28.00,日低点,$28.00,,https://www.chinaflashmarket.com/price/nandflash,https://www.chinaflashmarket.com/price/in/100257,https://www.chinaflashmarket.com/price/in/100257/1,2026-04-22 20:13:57
芯片,Flash Wafer,1Tb QLC,美元,2026-02-05,日低点,19.00,开盘价,19.00,收盘价,19.00,19.0,19.0,19.0,当前价,$28.00,2026-04-22 18:00,0.00,0.00%,前收盘,$28.00,日高点,$28.00,日低点,$28.00,,https://www.chinaflashmarket.com/price/nandflash,https://www.chinaflashmarket.com/price/in/100257,https://www.chinaflashmarket.com/price/in/100257/1,2026-04-22 20:13:57
芯片,Flash Wafer,1Tb QLC,美元,2026-02-04,日低点,19.00,开盘价,19.00,收盘价,19.00,19.0,19.0,19.0,当前价,$28.00,2026-04-22 18:00,0.00,0.00%,前收盘,$28.00,日高点,$28.00,日低点,$28.00,,https://www.chinaflashmarket.com/price/nandflash,https://www.chinaflashmarket.com/price/in/100257,https://www.chinaflashmarket.com/price/in/100257/1,2026-04-22 20:13:57
芯片,Flash Wafer,1Tb QLC,美元,2026-02-03,日低点,19.00,开盘价,19.00,收盘价,19.00,19.0,19.0,19.0,当前价,$28.00,2026-04-22 18:00,0.00,0.00%,前收盘,$28.00,日高点,$28.00,日低点,$28.00,,https://www.chinaflashmarket.com/price/nandflash,https://www.chinaflashmarket.com/price/in/100257,https://www.chinaflashmarket.com/price/in/100257/1,2026-04-22 20:13:57
芯片,Flash Wafer,1Tb QLC,美元,2026-02-02,日低点,19.00,开盘价,19.00,收盘价,19.00,19.0,19.0,19.0,当前价,$28.00,2026-04-22 18:00,0.00,0.00%,前收盘,$28.00,日高点,$28.00,日低点,$28.00,,https://www.chinaflashmarket.com/price/nandflash,https://www.chinaflashmarket.com/price/in/100257,https://www.chinaflashmarket.com/price/in/100257/1,2026-04-22 20:13:57
芯片,Flash Wafer,1Tb QLC,美元,2026-01-30,日低点,19.00,开盘价,19.00,收盘价,19.00,19.0,19.0,19.0,当前价,$28.00,2026-04-22 18:00,0.00,0.00%,前收盘,$28.00,日高点,$28.00,日低点,$28.00,,https://www.chinaflashmarket.com/price/nandflash,https://www.chinaflashmarket.com/price/in/100257,https://www.chinaflashmarket.com/price/in/100257/1,2026-04-22 20:13:57
芯片,Flash Wafer,1Tb QLC,美元,2026-01-29,日低点,19.00,开盘价,19.00,收盘价,19.00,19.0,19.0,19.0,当前价,$28.00,2026-04-22 18:00,0.00,0.00%,前收盘,$28.00,日高点,$28.00,日低点,$28.00,,https://www.chinaflashmarket.com/price/nandflash,https://www.chinaflashmarket.com/price/in/100257,https://www.chinaflashmarket.com/price/in/100257/1,2026-04-22 20:13:57
芯片,Flash Wafer,1Tb QLC,美元,2026-01-28,日低点,19.00,开盘价,19.00,收盘价,19.00,19.0,19.0,19.0,当前价,$28.00,2026-04-22 18:00,0.00,0.00%,前收盘,$28.00,日高点,$28.00,日低点,$28.00,,https://www.chinaflashmarket.com/price/nandflash,https://www.chinaflashmarket.com/price/in/100257,https://www.chinaflashmarket.com/price/in/100257/1,2026-04-22 20:13:57
芯片,Flash Wafer,1Tb QLC,美元,2026-01-27,日低点,19.00,开盘价,19.00,收盘价,19.00,19.0,19.0,19.0,当前价,$28.00,2026-04-22 18:00,0.00,0.00%,前收盘,$28.00,日高点,$28.00,日低点,$28.00,,https://www.chinaflashmarket.com/price/nandflash,https://www.chinaflashmarket.com/price/in/100257,https://www.chinaflashmarket.com/price/in/100257/1,2026-04-22 20:13:57
芯片,Flash Wafer,1Tb QLC,美元,2026-01-26,日低点,19.00,开盘价,19.00,收盘价,19.00,19.0,19.0,19.0,当前价,$28.00,2026-04-22 18:00,0.00,0.00%,前收盘,$28.00,日高点,$28.00,日低点,$28.00,,https://www.chinaflashmarket.com/price/nandflash,https://www.chinaflashmarket.com/price/in/100257,https://www.chinaflashmarket.com/price/in/100257/1,2026-04-22 20:13:57
芯片,Flash Wafer,1Tb QLC,美元,2026-01-23,日低点,17.00,开盘价,17.00,收盘价,19.00,17.0,17.0,19.0,当前价,$28.00,2026-04-22 18:00,0.00,0.00%,前收盘,$28.00,日高点,$28.00,日低点,$28.00,,https://www.chinaflashmarket.com/price/nandflash,https://www.chinaflashmarket.com/price/in/100257,https://www.chinaflashmarket.com/price/in/100257/1,2026-04-22 20:13:57
芯片,Flash Wafer,1Tb QLC,美元,2026-01-22,日低点,17.00,开盘价,17.00,收盘价,17.00,17.0,17.0,17.0,当前价,$28.00,2026-04-22 18:00,0.00,0.00%,前收盘,$28.00,日高点,$28.00,日低点,$28.00,,https://www.chinaflashmarket.com/price/nandflash,https://www.chinaflashmarket.com/price/in/100257,https://www.chinaflashmarket.com/price/in/100257/1,2026-04-22 20:13:57
芯片,Flash Wafer,1Tb TLC,美元,2026-04-21,日低点,29.00,开盘价,29.00,收盘价,29.00,29.0,29.0,29.0,当前价,$29.00,2026-04-22 18:00,0.00,0.00%,前收盘,$29.00,日高点,$29.00,日低点,$29.00,,https://www.chinaflashmarket.com/price/nandflash,https://www.chinaflashmarket.com/price/in/100242,https://www.chinaflashmarket.com/price/in/100242/1,2026-04-22 20:13:57
芯片,Flash Wafer,1Tb TLC,美元,2026-04-20,日低点,29.00,开盘价,29.00,收盘价,29.00,29.0,29.0,29.0,当前价,$29.00,2026-04-22 18:00,0.00,0.00%,前收盘,$29.00,日高点,$29.00,日低点,$29.00,,https://www.chinaflashmarket.com/price/nandflash,https://www.chinaflashmarket.com/price/in/100242,https://www.chinaflashmarket.com/price/in/100242/1,2026-04-22 20:13:57
芯片,Flash Wafer,1Tb TLC,美元,2026-04-17,日低点,29.00,开盘价,29.00,收盘价,29.00,29.0,29.0,29.0,当前价,$29.00,2026-04-22 18:00,0.00,0.00%,前收盘,$29.00,日高点,$29.00,日低点,$29.00,,https://www.chinaflashmarket.com/price/nandflash,https://www.chinaflashmarket.com/price/in/100242,https://www.chinaflashmarket.com/price/in/100242/1,2026-04-22 20:13:57
芯片,Flash Wafer,1Tb TLC,美元,2026-04-16,日低点,29.00,开盘价,29.00,收盘价,29.00,29.0,29.0,29.0,当前价,$29.00,2026-04-22 18:00,0.00,0.00%,前收盘,$29.00,日高点,$29.00,日低点,$29.00,,https://www.chinaflashmarket.com/price/nandflash,https://www.chinaflashmarket.com/price/in/100242,https://www.chinaflashmarket.com/price/in/100242/1,2026-04-22 20:13:57
芯片,Flash Wafer,1Tb TLC,美元,2026-04-15,日低点,29.00,开盘价,29.00,收盘价,29.00,29.0,29.0,29.0,当前价,$29.00,2026-04-22 18:00,0.00,0.00%,前收盘,$29.00,日高点,$29.00,日低点,$29.00,,https://www.chinaflashmarket.com/price/nandflash,https://www.chinaflashmarket.com/price/in/100242,https://www.chinaflashmarket.com/price/in/100242/1,2026-04-22 20:13:57
芯片,Flash Wafer,1Tb TLC,美元,2026-04-14,日低点,29.00,开盘价,29.00,收盘价,29.00,29.0,29.0,29.0,当前价,$29.00,2026-04-22 18:00,0.00,0.00%,前收盘,$29.00,日高点,$29.00,日低点,$29.00,,https://www.chinaflashmarket.com/price/nandflash,https://www.chinaflashmarket.com/price/in/100242,https://www.chinaflashmarket.com/price/in/100242/1,2026-04-22 20:13:57
芯片,Flash Wafer,1Tb TLC,美元,2026-04-13,日低点,29.00,开盘价,29.00,收盘价,29.00,29.0,29.0,29.0,当前价,$29.00,2026-04-22 18:00,0.00,0.00%,前收盘,$29.00,日高点,$29.00,日低点,$29.00,,https://www.chinaflashmarket.com/price/nandflash,https://www.chinaflashmarket.com/price/in/100242,https://www.chinaflashmarket.com/price/in/100242/1,2026-04-22 20:13:57
芯片,Flash Wafer,1Tb TLC,美元,2026-04-10,日低点,29.00,开盘价,29.00,收盘价,29.00,29.0,29.0,29.0,当前价,$29.00,2026-04-22 18:00,0.00,0.00%,前收盘,$29.00,日高点,$29.00,日低点,$29.00,,https://www.chinaflashmarket.com/price/nandflash,https://www.chinaflashmarket.com/price/in/100242,https://www.chinaflashmarket.com/price/in/100242/1,2026-04-22 20:13:57
芯片,Flash Wafer,1Tb TLC,美元,2026-04-09,日低点,29.00,开盘价,29.00,收盘价,29.00,29.0,29.0,29.0,当前价,$29.00,2026-04-22 18:00,0.00,0.00%,前收盘,$29.00,日高点,$29.00,日低点,$29.00,,https://www.chinaflashmarket.com/price/nandflash,https://www.chinaflashmarket.com/price/in/100242,https://www.chinaflashmarket.com/price/in/100242/1,2026-04-22 20:13:57
芯片,Flash Wafer,1Tb TLC,美元,2026-04-08,日低点,29.00,开盘价,29.00,收盘价,29.00,29.0,29.0,29.0,当前价,$29.00,2026-04-22 18:00,0.00,0.00%,前收盘,$29.00,日高点,$29.00,日低点,$29.00,,https://www.chinaflashmarket.com/price/nandflash,https://www.chinaflashmarket.com/price/in/100242,https://www.chinaflashmarket.com/price/in/100242/1,2026-04-22 20:13:57
芯片,Flash Wafer,1Tb TLC,美元,2026-04-07,日低点,29.00,开盘价,29.00,收盘价,29.00,29.0,29.0,29.0,当前价,$29.00,2026-04-22 18:00,0.00,0.00%,前收盘,$29.00,日高点,$29.00,日低点,$29.00,,https://www.chinaflashmarket.com/price/nandflash,https://www.chinaflashmarket.com/price/in/100242,https://www.chinaflashmarket.com/price/in/100242/1,2026-04-22 20:13:57
芯片,Flash Wafer,1Tb TLC,美元,2026-04-03,日低点,29.00,开盘价,29.00,收盘价,29.00,29.0,29.0,29.0,当前价,$29.00,2026-04-22 18:00,0.00,0.00%,前收盘,$29.00,日高点,$29.00,日低点,$29.00,,https://www.chinaflashmarket.com/price/nandflash,https://www.chinaflashmarket.com/price/in/100242,https://www.chinaflashmarket.com/price/in/100242/1,2026-04-22 20:13:57
芯片,Flash Wafer,1Tb TLC,美元,2026-04-02,日低点,29.00,开盘价,29.00,收盘价,29.00,29.0,29.0,29.0,当前价,$29.00,2026-04-22 18:00,0.00,0.00%,前收盘,$29.00,日高点,$29.00,日低点,$29.00,,https://www.chinaflashmarket.com/price/nandflash,https://www.chinaflashmarket.com/price/in/100242,https://www.chinaflashmarket.com/price/in/100242/1,2026-04-22 20:13:57
芯片,Flash Wafer,1Tb TLC,美元,2026-04-01,日低点,29.00,开盘价,29.00,收盘价,29.00,29.0,29.0,29.0,当前价,$29.00,2026-04-22 18:00,0.00,0.00%,前收盘,$29.00,日高点,$29.00,日低点,$29.00,,https://www.chinaflashmarket.com/price/nandflash,https://www.chinaflashmarket.com/price/in/100242,https://www.chinaflashmarket.com/price/in/100242/1,2026-04-22 20:13:57
芯片,Flash Wafer,1Tb TLC,美元,2026-03-31,日低点,29.00,开盘价,29.00,收盘价,29.00,29.0,29.0,29.0,当前价,$29.00,2026-04-22 18:00,0.00,0.00%,前收盘,$29.00,日高点,$29.00,日低点,$29.00,,https://www.chinaflashmarket.com/price/nandflash,https://www.chinaflashmarket.com/price/in/100242,https://www.chinaflashmarket.com/price/in/100242/1,2026-04-22 20:13:57
芯片,Flash Wafer,1Tb TLC,美元,2026-03-30,日低点,29.00,开盘价,29.00,收盘价,29.00,29.0,29.0,29.0,当前价,$29.00,2026-04-22 18:00,0.00,0.00%,前收盘,$29.00,日高点,$29.00,日低点,$29.00,,https://www.chinaflashmarket.com/price/nandflash,https://www.chinaflashmarket.com/price/in/100242,https://www.chinaflashmarket.com/price/in/100242/1,2026-04-22 20:13:57
芯片,Flash Wafer,1Tb TLC,美元,2026-03-27,日低点,29.00,开盘价,29.00,收盘价,29.00,29.0,29.0,29.0,当前价,$29.00,2026-04-22 18:00,0.00,0.00%,前收盘,$29.00,日高点,$29.00,日低点,$29.00,,https://www.chinaflashmarket.com/price/nandflash,https://www.chinaflashmarket.com/price/in/100242,https://www.chinaflashmarket.com/price/in/100242/1,2026-04-22 20:13:57
芯片,Flash Wafer,1Tb TLC,美元,2026-03-26,日低点,29.00,开盘价,29.00,收盘价,29.00,29.0,29.0,29.0,当前价,$29.00,2026-04-22 18:00,0.00,0.00%,前收盘,$29.00,日高点,$29.00,日低点,$29.00,,https://www.chinaflashmarket.com/price/nandflash,https://www.chinaflashmarket.com/price/in/100242,https://www.chinaflashmarket.com/price/in/100242/1,2026-04-22 20:13:57
芯片,Flash Wafer,1Tb TLC,美元,2026-03-25,日低点,29.00,开盘价,29.00,收盘价,29.00,29.0,29.0,29.0,当前价,$29.00,2026-04-22 18:00,0.00,0.00%,前收盘,$29.00,日高点,$29.00,日低点,$29.00,,https://www.chinaflashmarket.com/price/nandflash,https://www.chinaflashmarket.com/price/in/100242,https://www.chinaflashmarket.com/price/in/100242/1,2026-04-22 20:13:57
芯片,Flash Wafer,1Tb TLC,美元,2026-03-24,日低点,29.00,开盘价,29.00,收盘价,29.00,29.0,29.0,29.0,当前价,$29.00,2026-04-22 18:00,0.00,0.00%,前收盘,$29.00,日高点,$29.00,日低点,$29.00,,https://www.chinaflashmarket.com/price/nandflash,https://www.chinaflashmarket.com/price/in/100242,https://www.chinaflashmarket.com/price/in/100242/1,2026-04-22 20:13:57
芯片,Flash Wafer,1Tb TLC,美元,2026-03-23,日低点,29.00,开盘价,29.00,收盘价,29.00,29.0,29.0,29.0,当前价,$29.00,2026-04-22 18:00,0.00,0.00%,前收盘,$29.00,日高点,$29.00,日低点,$29.00,,https://www.chinaflashmarket.com/price/nandflash,https://www.chinaflashmarket.com/price/in/100242,https://www.chinaflashmarket.com/price/in/100242/1,2026-04-22 20:13:57
芯片,Flash Wafer,1Tb TLC,美元,2026-03-20,日低点,29.00,开盘价,29.00,收盘价,29.00,29.0,29.0,29.0,当前价,$29.00,2026-04-22 18:00,0.00,0.00%,前收盘,$29.00,日高点,$29.00,日低点,$29.00,,https://www.chinaflashmarket.com/price/nandflash,https://www.chinaflashmarket.com/price/in/100242,https://www.chinaflashmarket.com/price/in/100242/1,2026-04-22 20:13:57
芯片,Flash Wafer,1Tb TLC,美元,2026-03-19,日低点,29.00,开盘价,29.00,收盘价,29.00,29.0,29.0,29.0,当前价,$29.00,2026-04-22 18:00,0.00,0.00%,前收盘,$29.00,日高点,$29.00,日低点,$29.00,,https://www.chinaflashmarket.com/price/nandflash,https://www.chinaflashmarket.com/price/in/100242,https://www.chinaflashmarket.com/price/in/100242/1,2026-04-22 20:13:57
芯片,Flash Wafer,1Tb TLC,美元,2026-03-18,日低点,29.00,开盘价,29.00,收盘价,29.00,29.0,29.0,29.0,当前价,$29.00,2026-04-22 18:00,0.00,0.00%,前收盘,$29.00,日高点,$29.00,日低点,$29.00,,https://www.chinaflashmarket.com/price/nandflash,https://www.chinaflashmarket.com/price/in/100242,https://www.chinaflashmarket.com/price/in/100242/1,2026-04-22 20:13:57
芯片,Flash Wafer,1Tb TLC,美元,2026-03-17,日低点,29.00,开盘价,29.00,收盘价,29.00,29.0,29.0,29.0,当前价,$29.00,2026-04-22 18:00,0.00,0.00%,前收盘,$29.00,日高点,$29.00,日低点,$29.00,,https://www.chinaflashmarket.com/price/nandflash,https://www.chinaflashmarket.com/price/in/100242,https://www.chinaflashmarket.com/price/in/100242/1,2026-04-22 20:13:57
芯片,Flash Wafer,1Tb TLC,美元,2026-03-16,日低点,29.00,开盘价,29.00,收盘价,29.00,29.0,29.0,29.0,当前价,$29.00,2026-04-22 18:00,0.00,0.00%,前收盘,$29.00,日高点,$29.00,日低点,$29.00,,https://www.chinaflashmarket.com/price/nandflash,https://www.chinaflashmarket.com/price/in/100242,https://www.chinaflashmarket.com/price/in/100242/1,2026-04-22 20:13:57
芯片,Flash Wafer,1Tb TLC,美元,2026-03-13,日低点,29.00,开盘价,29.00,收盘价,29.00,29.0,29.0,29.0,当前价,$29.00,2026-04-22 18:00,0.00,0.00%,前收盘,$29.00,日高点,$29.00,日低点,$29.00,,https://www.chinaflashmarket.com/price/nandflash,https://www.chinaflashmarket.com/price/in/100242,https://www.chinaflashmarket.com/price/in/100242/1,2026-04-22 20:13:57
芯片,Flash Wafer,1Tb TLC,美元,2026-03-12,日低点,25.00,开盘价,25.00,收盘价,29.00,25.0,25.0,29.0,当前价,$29.00,2026-04-22 18:00,0.00,0.00%,前收盘,$29.00,日高点,$29.00,日低点,$29.00,,https://www.chinaflashmarket.com/price/nandflash,https://www.chinaflashmarket.com/price/in/100242,https://www.chinaflashmarket.com/price/in/100242/1,2026-04-22 20:13:57
芯片,Flash Wafer,1Tb TLC,美元,2026-03-11,日低点,25.00,开盘价,25.00,收盘价,25.00,25.0,25.0,25.0,当前价,$29.00,2026-04-22 18:00,0.00,0.00%,前收盘,$29.00,日高点,$29.00,日低点,$29.00,,https://www.chinaflashmarket.com/price/nandflash,https://www.chinaflashmarket.com/price/in/100242,https://www.chinaflashmarket.com/price/in/100242/1,2026-04-22 20:13:57
芯片,Flash Wafer,1Tb TLC,美元,2026-03-10,日低点,25.00,开盘价,25.00,收盘价,25.00,25.0,25.0,25.0,当前价,$29.00,2026-04-22 18:00,0.00,0.00%,前收盘,$29.00,日高点,$29.00,日低点,$29.00,,https://www.chinaflashmarket.com/price/nandflash,https://www.chinaflashmarket.com/price/in/100242,https://www.chinaflashmarket.com/price/in/100242/1,2026-04-22 20:13:57
芯片,Flash Wafer,1Tb TLC,美元,2026-03-09,日低点,25.00,开盘价,25.00,收盘价,25.00,25.0,25.0,25.0,当前价,$29.00,2026-04-22 18:00,0.00,0.00%,前收盘,$29.00,日高点,$29.00,日低点,$29.00,,https://www.chinaflashmarket.com/price/nandflash,https://www.chinaflashmarket.com/price/in/100242,https://www.chinaflashmarket.com/price/in/100242/1,2026-04-22 20:13:57
芯片,Flash Wafer,1Tb TLC,美元,2026-03-06,日低点,25.00,开盘价,25.00,收盘价,25.00,25.0,25.0,25.0,当前价,$29.00,2026-04-22 18:00,0.00,0.00%,前收盘,$29.00,日高点,$29.00,日低点,$29.00,,https://www.chinaflashmarket.com/price/nandflash,https://www.chinaflashmarket.com/price/in/100242,https://www.chinaflashmarket.com/price/in/100242/1,2026-04-22 20:13:57
芯片,Flash Wafer,1Tb TLC,美元,2026-03-05,日低点,25.00,开盘价,25.00,收盘价,25.00,25.0,25.0,25.0,当前价,$29.00,2026-04-22 18:00,0.00,0.00%,前收盘,$29.00,日高点,$29.00,日低点,$29.00,,https://www.chinaflashmarket.com/price/nandflash,https://www.chinaflashmarket.com/price/in/100242,https://www.chinaflashmarket.com/price/in/100242/1,2026-04-22 20:13:57
芯片,Flash Wafer,1Tb TLC,美元,2026-03-04,日低点,25.00,开盘价,25.00,收盘价,25.00,25.0,25.0,25.0,当前价,$29.00,2026-04-22 18:00,0.00,0.00%,前收盘,$29.00,日高点,$29.00,日低点,$29.00,,https://www.chinaflashmarket.com/price/nandflash,https://www.chinaflashmarket.com/price/in/100242,https://www.chinaflashmarket.com/price/in/100242/1,2026-04-22 20:13:57
芯片,Flash Wafer,1Tb TLC,美元,2026-03-03,日低点,25.00,开盘价,25.00,收盘价,25.00,25.0,25.0,25.0,当前价,$29.00,2026-04-22 18:00,0.00,0.00%,前收盘,$29.00,日高点,$29.00,日低点,$29.00,,https://www.chinaflashmarket.com/price/nandflash,https://www.chinaflashmarket.com/price/in/100242,https://www.chinaflashmarket.com/price/in/100242/1,2026-04-22 20:13:57
芯片,Flash Wafer,1Tb TLC,美元,2026-03-02,日低点,25.00,开盘价,25.00,收盘价,25.00,25.0,25.0,25.0,当前价,$29.00,2026-04-22 18:00,0.00,0.00%,前收盘,$29.00,日高点,$29.00,日低点,$29.00,,https://www.chinaflashmarket.com/price/nandflash,https://www.chinaflashmarket.com/price/in/100242,https://www.chinaflashmarket.com/price/in/100242/1,2026-04-22 20:13:57
芯片,Flash Wafer,1Tb TLC,美元,2026-02-28,日低点,25.00,开盘价,25.00,收盘价,25.00,25.0,25.0,25.0,当前价,$29.00,2026-04-22 18:00,0.00,0.00%,前收盘,$29.00,日高点,$29.00,日低点,$29.00,,https://www.chinaflashmarket.com/price/nandflash,https://www.chinaflashmarket.com/price/in/100242,https://www.chinaflashmarket.com/price/in/100242/1,2026-04-22 20:13:57
芯片,Flash Wafer,1Tb TLC,美元,2026-02-27,日低点,25.00,开盘价,25.00,收盘价,25.00,25.0,25.0,25.0,当前价,$29.00,2026-04-22 18:00,0.00,0.00%,前收盘,$29.00,日高点,$29.00,日低点,$29.00,,https://www.chinaflashmarket.com/price/nandflash,https://www.chinaflashmarket.com/price/in/100242,https://www.chinaflashmarket.com/price/in/100242/1,2026-04-22 20:13:57
芯片,Flash Wafer,1Tb TLC,美元,2026-02-26,日低点,25.00,开盘价,25.00,收盘价,25.00,25.0,25.0,25.0,当前价,$29.00,2026-04-22 18:00,0.00,0.00%,前收盘,$29.00,日高点,$29.00,日低点,$29.00,,https://www.chinaflashmarket.com/price/nandflash,https://www.chinaflashmarket.com/price/in/100242,https://www.chinaflashmarket.com/price/in/100242/1,2026-04-22 20:13:57
芯片,Flash Wafer,1Tb TLC,美元,2026-02-25,日低点,25.00,开盘价,25.00,收盘价,25.00,25.0,25.0,25.0,当前价,$29.00,2026-04-22 18:00,0.00,0.00%,前收盘,$29.00,日高点,$29.00,日低点,$29.00,,https://www.chinaflashmarket.com/price/nandflash,https://www.chinaflashmarket.com/price/in/100242,https://www.chinaflashmarket.com/price/in/100242/1,2026-04-22 20:13:57
芯片,Flash Wafer,1Tb TLC,美元,2026-02-24,日低点,25.00,开盘价,25.00,收盘价,25.00,25.0,25.0,25.0,当前价,$29.00,2026-04-22 18:00,0.00,0.00%,前收盘,$29.00,日高点,$29.00,日低点,$29.00,,https://www.chinaflashmarket.com/price/nandflash,https://www.chinaflashmarket.com/price/in/100242,https://www.chinaflashmarket.com/price/in/100242/1,2026-04-22 20:13:57
芯片,Flash Wafer,1Tb TLC,美元,2026-02-14,日低点,25.00,开盘价,25.00,收盘价,25.00,25.0,25.0,25.0,当前价,$29.00,2026-04-22 18:00,0.00,0.00%,前收盘,$29.00,日高点,$29.00,日低点,$29.00,,https://www.chinaflashmarket.com/price/nandflash,https://www.chinaflashmarket.com/price/in/100242,https://www.chinaflashmarket.com/price/in/100242/1,2026-04-22 20:13:57
芯片,Flash Wafer,1Tb TLC,美元,2026-02-13,日低点,25.00,开盘价,25.00,收盘价,25.00,25.0,25.0,25.0,当前价,$29.00,2026-04-22 18:00,0.00,0.00%,前收盘,$29.00,日高点,$29.00,日低点,$29.00,,https://www.chinaflashmarket.com/price/nandflash,https://www.chinaflashmarket.com/price/in/100242,https://www.chinaflashmarket.com/price/in/100242/1,2026-04-22 20:13:57
芯片,Flash Wafer,1Tb TLC,美元,2026-02-12,日低点,25.00,开盘价,25.00,收盘价,25.00,25.0,25.0,25.0,当前价,$29.00,2026-04-22 18:00,0.00,0.00%,前收盘,$29.00,日高点,$29.00,日低点,$29.00,,https://www.chinaflashmarket.com/price/nandflash,https://www.chinaflashmarket.com/price/in/100242,https://www.chinaflashmarket.com/price/in/100242/1,2026-04-22 20:13:57
芯片,Flash Wafer,1Tb TLC,美元,2026-02-11,日低点,25.00,开盘价,25.00,收盘价,25.00,25.0,25.0,25.0,当前价,$29.00,2026-04-22 18:00,0.00,0.00%,前收盘,$29.00,日高点,$29.00,日低点,$29.00,,https://www.chinaflashmarket.com/price/nandflash,https://www.chinaflashmarket.com/price/in/100242,https://www.chinaflashmarket.com/price/in/100242/1,2026-04-22 20:13:57
芯片,Flash Wafer,1Tb TLC,美元,2026-02-10,日低点,25.00,开盘价,25.00,收盘价,25.00,25.0,25.0,25.0,当前价,$29.00,2026-04-22 18:00,0.00,0.00%,前收盘,$29.00,日高点,$29.00,日低点,$29.00,,https://www.chinaflashmarket.com/price/nandflash,https://www.chinaflashmarket.com/price/in/100242,https://www.chinaflashmarket.com/price/in/100242/1,2026-04-22 20:13:57
芯片,Flash Wafer,1Tb TLC,美元,2026-02-09,日低点,20.00,开盘价,20.00,收盘价,20.00,20.0,20.0,20.0,当前价,$29.00,2026-04-22 18:00,0.00,0.00%,前收盘,$29.00,日高点,$29.00,日低点,$29.00,,https://www.chinaflashmarket.com/price/nandflash,https://www.chinaflashmarket.com/price/in/100242,https://www.chinaflashmarket.com/price/in/100242/1,2026-04-22 20:13:57
芯片,Flash Wafer,1Tb TLC,美元,2026-02-06,日低点,20.00,开盘价,20.00,收盘价,20.00,20.0,20.0,20.0,当前价,$29.00,2026-04-22 18:00,0.00,0.00%,前收盘,$29.00,日高点,$29.00,日低点,$29.00,,https://www.chinaflashmarket.com/price/nandflash,https://www.chinaflashmarket.com/price/in/100242,https://www.chinaflashmarket.com/price/in/100242/1,2026-04-22 20:13:57
芯片,Flash Wafer,1Tb TLC,美元,2026-02-05,日低点,20.00,开盘价,20.00,收盘价,20.00,20.0,20.0,20.0,当前价,$29.00,2026-04-22 18:00,0.00,0.00%,前收盘,$29.00,日高点,$29.00,日低点,$29.00,,https://www.chinaflashmarket.com/price/nandflash,https://www.chinaflashmarket.com/price/in/100242,https://www.chinaflashmarket.com/price/in/100242/1,2026-04-22 20:13:57
芯片,Flash Wafer,1Tb TLC,美元,2026-02-04,日低点,20.00,开盘价,20.00,收盘价,20.00,20.0,20.0,20.0,当前价,$29.00,2026-04-22 18:00,0.00,0.00%,前收盘,$29.00,日高点,$29.00,日低点,$29.00,,https://www.chinaflashmarket.com/price/nandflash,https://www.chinaflashmarket.com/price/in/100242,https://www.chinaflashmarket.com/price/in/100242/1,2026-04-22 20:13:57
芯片,Flash Wafer,1Tb TLC,美元,2026-02-03,日低点,20.00,开盘价,20.00,收盘价,20.00,20.0,20.0,20.0,当前价,$29.00,2026-04-22 18:00,0.00,0.00%,前收盘,$29.00,日高点,$29.00,日低点,$29.00,,https://www.chinaflashmarket.com/price/nandflash,https://www.chinaflashmarket.com/price/in/100242,https://www.chinaflashmarket.com/price/in/100242/1,2026-04-22 20:13:57
芯片,Flash Wafer,1Tb TLC,美元,2026-02-02,日低点,20.00,开盘价,20.00,收盘价,20.00,20.0,20.0,20.0,当前价,$29.00,2026-04-22 18:00,0.00,0.00%,前收盘,$29.00,日高点,$29.00,日低点,$29.00,,https://www.chinaflashmarket.com/price/nandflash,https://www.chinaflashmarket.com/price/in/100242,https://www.chinaflashmarket.com/price/in/100242/1,2026-04-22 20:13:57
芯片,Flash Wafer,1Tb TLC,美元,2026-01-30,日低点,20.00,开盘价,20.00,收盘价,20.00,20.0,20.0,20.0,当前价,$29.00,2026-04-22 18:00,0.00,0.00%,前收盘,$29.00,日高点,$29.00,日低点,$29.00,,https://www.chinaflashmarket.com/price/nandflash,https://www.chinaflashmarket.com/price/in/100242,https://www.chinaflashmarket.com/price/in/100242/1,2026-04-22 20:13:57
芯片,Flash Wafer,1Tb TLC,美元,2026-01-29,日低点,20.00,开盘价,20.00,收盘价,20.00,20.0,20.0,20.0,当前价,$29.00,2026-04-22 18:00,0.00,0.00%,前收盘,$29.00,日高点,$29.00,日低点,$29.00,,https://www.chinaflashmarket.com/price/nandflash,https://www.chinaflashmarket.com/price/in/100242,https://www.chinaflashmarket.com/price/in/100242/1,2026-04-22 20:13:57
芯片,Flash Wafer,1Tb TLC,美元,2026-01-28,日低点,20.00,开盘价,20.00,收盘价,20.00,20.0,20.0,20.0,当前价,$29.00,2026-04-22 18:00,0.00,0.00%,前收盘,$29.00,日高点,$29.00,日低点,$29.00,,https://www.chinaflashmarket.com/price/nandflash,https://www.chinaflashmarket.com/price/in/100242,https://www.chinaflashmarket.com/price/in/100242/1,2026-04-22 20:13:57
芯片,Flash Wafer,1Tb TLC,美元,2026-01-27,日低点,20.00,开盘价,20.00,收盘价,20.00,20.0,20.0,20.0,当前价,$29.00,2026-04-22 18:00,0.00,0.00%,前收盘,$29.00,日高点,$29.00,日低点,$29.00,,https://www.chinaflashmarket.com/price/nandflash,https://www.chinaflashmarket.com/price/in/100242,https://www.chinaflashmarket.com/price/in/100242/1,2026-04-22 20:13:57
芯片,Flash Wafer,1Tb TLC,美元,2026-01-26,日低点,20.00,开盘价,20.00,收盘价,20.00,20.0,20.0,20.0,当前价,$29.00,2026-04-22 18:00,0.00,0.00%,前收盘,$29.00,日高点,$29.00,日低点,$29.00,,https://www.chinaflashmarket.com/price/nandflash,https://www.chinaflashmarket.com/price/in/100242,https://www.chinaflashmarket.com/price/in/100242/1,2026-04-22 20:13:57
芯片,Flash Wafer,1Tb TLC,美元,2026-01-23,日低点,18.00,开盘价,18.00,收盘价,20.00,18.0,18.0,20.0,当前价,$29.00,2026-04-22 18:00,0.00,0.00%,前收盘,$29.00,日高点,$29.00,日低点,$29.00,,https://www.chinaflashmarket.com/price/nandflash,https://www.chinaflashmarket.com/price/in/100242,https://www.chinaflashmarket.com/price/in/100242/1,2026-04-22 20:13:57
芯片,Flash Wafer,1Tb TLC,美元,2026-01-22,日低点,18.00,开盘价,18.00,收盘价,18.00,18.0,18.0,18.0,当前价,$29.00,2026-04-22 18:00,0.00,0.00%,前收盘,$29.00,日高点,$29.00,日低点,$29.00,,https://www.chinaflashmarket.com/price/nandflash,https://www.chinaflashmarket.com/price/in/100242,https://www.chinaflashmarket.com/price/in/100242/1,2026-04-22 20:13:57
芯片,Flash Wafer,512Gb TLC,美元,2026-04-21,日低点,23.00,开盘价,23.00,收盘价,23.00,23.0,23.0,23.0,当前价,$23.00,2026-04-22 18:00,0.00,0.00%,前收盘,$23.00,日高点,$23.00,日低点,$23.00,,https://www.chinaflashmarket.com/price/nandflash,https://www.chinaflashmarket.com/price/in/100170,https://www.chinaflashmarket.com/price/in/100170/1,2026-04-22 20:13:57
芯片,Flash Wafer,512Gb TLC,美元,2026-04-20,日低点,23.00,开盘价,23.00,收盘价,23.00,23.0,23.0,23.0,当前价,$23.00,2026-04-22 18:00,0.00,0.00%,前收盘,$23.00,日高点,$23.00,日低点,$23.00,,https://www.chinaflashmarket.com/price/nandflash,https://www.chinaflashmarket.com/price/in/100170,https://www.chinaflashmarket.com/price/in/100170/1,2026-04-22 20:13:57
芯片,Flash Wafer,512Gb TLC,美元,2026-04-17,日低点,23.00,开盘价,23.00,收盘价,23.00,23.0,23.0,23.0,当前价,$23.00,2026-04-22 18:00,0.00,0.00%,前收盘,$23.00,日高点,$23.00,日低点,$23.00,,https://www.chinaflashmarket.com/price/nandflash,https://www.chinaflashmarket.com/price/in/100170,https://www.chinaflashmarket.com/price/in/100170/1,2026-04-22 20:13:57
芯片,Flash Wafer,512Gb TLC,美元,2026-04-16,日低点,23.00,开盘价,23.00,收盘价,23.00,23.0,23.0,23.0,当前价,$23.00,2026-04-22 18:00,0.00,0.00%,前收盘,$23.00,日高点,$23.00,日低点,$23.00,,https://www.chinaflashmarket.com/price/nandflash,https://www.chinaflashmarket.com/price/in/100170,https://www.chinaflashmarket.com/price/in/100170/1,2026-04-22 20:13:57
芯片,Flash Wafer,512Gb TLC,美元,2026-04-15,日低点,23.00,开盘价,23.00,收盘价,23.00,23.0,23.0,23.0,当前价,$23.00,2026-04-22 18:00,0.00,0.00%,前收盘,$23.00,日高点,$23.00,日低点,$23.00,,https://www.chinaflashmarket.com/price/nandflash,https://www.chinaflashmarket.com/price/in/100170,https://www.chinaflashmarket.com/price/in/100170/1,2026-04-22 20:13:57
芯片,Flash Wafer,512Gb TLC,美元,2026-04-14,日低点,23.00,开盘价,23.00,收盘价,23.00,23.0,23.0,23.0,当前价,$23.00,2026-04-22 18:00,0.00,0.00%,前收盘,$23.00,日高点,$23.00,日低点,$23.00,,https://www.chinaflashmarket.com/price/nandflash,https://www.chinaflashmarket.com/price/in/100170,https://www.chinaflashmarket.com/price/in/100170/1,2026-04-22 20:13:57
芯片,Flash Wafer,512Gb TLC,美元,2026-04-13,日低点,23.00,开盘价,23.00,收盘价,23.00,23.0,23.0,23.0,当前价,$23.00,2026-04-22 18:00,0.00,0.00%,前收盘,$23.00,日高点,$23.00,日低点,$23.00,,https://www.chinaflashmarket.com/price/nandflash,https://www.chinaflashmarket.com/price/in/100170,https://www.chinaflashmarket.com/price/in/100170/1,2026-04-22 20:13:57
芯片,Flash Wafer,512Gb TLC,美元,2026-04-10,日低点,23.00,开盘价,23.00,收盘价,23.00,23.0,23.0,23.0,当前价,$23.00,2026-04-22 18:00,0.00,0.00%,前收盘,$23.00,日高点,$23.00,日低点,$23.00,,https://www.chinaflashmarket.com/price/nandflash,https://www.chinaflashmarket.com/price/in/100170,https://www.chinaflashmarket.com/price/in/100170/1,2026-04-22 20:13:57
芯片,Flash Wafer,512Gb TLC,美元,2026-04-09,日低点,23.00,开盘价,23.00,收盘价,23.00,23.0,23.0,23.0,当前价,$23.00,2026-04-22 18:00,0.00,0.00%,前收盘,$23.00,日高点,$23.00,日低点,$23.00,,https://www.chinaflashmarket.com/price/nandflash,https://www.chinaflashmarket.com/price/in/100170,https://www.chinaflashmarket.com/price/in/100170/1,2026-04-22 20:13:57
芯片,Flash Wafer,512Gb TLC,美元,2026-04-08,日低点,23.00,开盘价,23.00,收盘价,23.00,23.0,23.0,23.0,当前价,$23.00,2026-04-22 18:00,0.00,0.00%,前收盘,$23.00,日高点,$23.00,日低点,$23.00,,https://www.chinaflashmarket.com/price/nandflash,https://www.chinaflashmarket.com/price/in/100170,https://www.chinaflashmarket.com/price/in/100170/1,2026-04-22 20:13:57
芯片,Flash Wafer,512Gb TLC,美元,2026-04-07,日低点,23.00,开盘价,23.00,收盘价,23.00,23.0,23.0,23.0,当前价,$23.00,2026-04-22 18:00,0.00,0.00%,前收盘,$23.00,日高点,$23.00,日低点,$23.00,,https://www.chinaflashmarket.com/price/nandflash,https://www.chinaflashmarket.com/price/in/100170,https://www.chinaflashmarket.com/price/in/100170/1,2026-04-22 20:13:57
芯片,Flash Wafer,512Gb TLC,美元,2026-04-03,日低点,23.00,开盘价,23.00,收盘价,23.00,23.0,23.0,23.0,当前价,$23.00,2026-04-22 18:00,0.00,0.00%,前收盘,$23.00,日高点,$23.00,日低点,$23.00,,https://www.chinaflashmarket.com/price/nandflash,https://www.chinaflashmarket.com/price/in/100170,https://www.chinaflashmarket.com/price/in/100170/1,2026-04-22 20:13:57
芯片,Flash Wafer,512Gb TLC,美元,2026-04-02,日低点,23.00,开盘价,23.00,收盘价,23.00,23.0,23.0,23.0,当前价,$23.00,2026-04-22 18:00,0.00,0.00%,前收盘,$23.00,日高点,$23.00,日低点,$23.00,,https://www.chinaflashmarket.com/price/nandflash,https://www.chinaflashmarket.com/price/in/100170,https://www.chinaflashmarket.com/price/in/100170/1,2026-04-22 20:13:57
芯片,Flash Wafer,512Gb TLC,美元,2026-04-01,日低点,23.00,开盘价,23.00,收盘价,23.00,23.0,23.0,23.0,当前价,$23.00,2026-04-22 18:00,0.00,0.00%,前收盘,$23.00,日高点,$23.00,日低点,$23.00,,https://www.chinaflashmarket.com/price/nandflash,https://www.chinaflashmarket.com/price/in/100170,https://www.chinaflashmarket.com/price/in/100170/1,2026-04-22 20:13:57
芯片,Flash Wafer,512Gb TLC,美元,2026-03-31,日低点,23.00,开盘价,23.00,收盘价,23.00,23.0,23.0,23.0,当前价,$23.00,2026-04-22 18:00,0.00,0.00%,前收盘,$23.00,日高点,$23.00,日低点,$23.00,,https://www.chinaflashmarket.com/price/nandflash,https://www.chinaflashmarket.com/price/in/100170,https://www.chinaflashmarket.com/price/in/100170/1,2026-04-22 20:13:57
芯片,Flash Wafer,512Gb TLC,美元,2026-03-30,日低点,23.00,开盘价,23.00,收盘价,23.00,23.0,23.0,23.0,当前价,$23.00,2026-04-22 18:00,0.00,0.00%,前收盘,$23.00,日高点,$23.00,日低点,$23.00,,https://www.chinaflashmarket.com/price/nandflash,https://www.chinaflashmarket.com/price/in/100170,https://www.chinaflashmarket.com/price/in/100170/1,2026-04-22 20:13:57
芯片,Flash Wafer,512Gb TLC,美元,2026-03-27,日低点,23.00,开盘价,23.00,收盘价,23.00,23.0,23.0,23.0,当前价,$23.00,2026-04-22 18:00,0.00,0.00%,前收盘,$23.00,日高点,$23.00,日低点,$23.00,,https://www.chinaflashmarket.com/price/nandflash,https://www.chinaflashmarket.com/price/in/100170,https://www.chinaflashmarket.com/price/in/100170/1,2026-04-22 20:13:57
芯片,Flash Wafer,512Gb TLC,美元,2026-03-26,日低点,23.00,开盘价,23.00,收盘价,23.00,23.0,23.0,23.0,当前价,$23.00,2026-04-22 18:00,0.00,0.00%,前收盘,$23.00,日高点,$23.00,日低点,$23.00,,https://www.chinaflashmarket.com/price/nandflash,https://www.chinaflashmarket.com/price/in/100170,https://www.chinaflashmarket.com/price/in/100170/1,2026-04-22 20:13:57
芯片,Flash Wafer,512Gb TLC,美元,2026-03-25,日低点,23.00,开盘价,23.00,收盘价,23.00,23.0,23.0,23.0,当前价,$23.00,2026-04-22 18:00,0.00,0.00%,前收盘,$23.00,日高点,$23.00,日低点,$23.00,,https://www.chinaflashmarket.com/price/nandflash,https://www.chinaflashmarket.com/price/in/100170,https://www.chinaflashmarket.com/price/in/100170/1,2026-04-22 20:13:57
芯片,Flash Wafer,512Gb TLC,美元,2026-03-24,日低点,23.00,开盘价,23.00,收盘价,23.00,23.0,23.0,23.0,当前价,$23.00,2026-04-22 18:00,0.00,0.00%,前收盘,$23.00,日高点,$23.00,日低点,$23.00,,https://www.chinaflashmarket.com/price/nandflash,https://www.chinaflashmarket.com/price/in/100170,https://www.chinaflashmarket.com/price/in/100170/1,2026-04-22 20:13:57
芯片,Flash Wafer,512Gb TLC,美元,2026-03-23,日低点,23.00,开盘价,23.00,收盘价,23.00,23.0,23.0,23.0,当前价,$23.00,2026-04-22 18:00,0.00,0.00%,前收盘,$23.00,日高点,$23.00,日低点,$23.00,,https://www.chinaflashmarket.com/price/nandflash,https://www.chinaflashmarket.com/price/in/100170,https://www.chinaflashmarket.com/price/in/100170/1,2026-04-22 20:13:57
芯片,Flash Wafer,512Gb TLC,美元,2026-03-20,日低点,23.00,开盘价,23.00,收盘价,23.00,23.0,23.0,23.0,当前价,$23.00,2026-04-22 18:00,0.00,0.00%,前收盘,$23.00,日高点,$23.00,日低点,$23.00,,https://www.chinaflashmarket.com/price/nandflash,https://www.chinaflashmarket.com/price/in/100170,https://www.chinaflashmarket.com/price/in/100170/1,2026-04-22 20:13:57
芯片,Flash Wafer,512Gb TLC,美元,2026-03-19,日低点,23.00,开盘价,23.00,收盘价,23.00,23.0,23.0,23.0,当前价,$23.00,2026-04-22 18:00,0.00,0.00%,前收盘,$23.00,日高点,$23.00,日低点,$23.00,,https://www.chinaflashmarket.com/price/nandflash,https://www.chinaflashmarket.com/price/in/100170,https://www.chinaflashmarket.com/price/in/100170/1,2026-04-22 20:13:57
芯片,Flash Wafer,512Gb TLC,美元,2026-03-18,日低点,23.00,开盘价,23.00,收盘价,23.00,23.0,23.0,23.0,当前价,$23.00,2026-04-22 18:00,0.00,0.00%,前收盘,$23.00,日高点,$23.00,日低点,$23.00,,https://www.chinaflashmarket.com/price/nandflash,https://www.chinaflashmarket.com/price/in/100170,https://www.chinaflashmarket.com/price/in/100170/1,2026-04-22 20:13:57
芯片,Flash Wafer,512Gb TLC,美元,2026-03-17,日低点,23.00,开盘价,23.00,收盘价,23.00,23.0,23.0,23.0,当前价,$23.00,2026-04-22 18:00,0.00,0.00%,前收盘,$23.00,日高点,$23.00,日低点,$23.00,,https://www.chinaflashmarket.com/price/nandflash,https://www.chinaflashmarket.com/price/in/100170,https://www.chinaflashmarket.com/price/in/100170/1,2026-04-22 20:13:57
芯片,Flash Wafer,512Gb TLC,美元,2026-03-16,日低点,23.00,开盘价,23.00,收盘价,23.00,23.0,23.0,23.0,当前价,$23.00,2026-04-22 18:00,0.00,0.00%,前收盘,$23.00,日高点,$23.00,日低点,$23.00,,https://www.chinaflashmarket.com/price/nandflash,https://www.chinaflashmarket.com/price/in/100170,https://www.chinaflashmarket.com/price/in/100170/1,2026-04-22 20:13:57
芯片,Flash Wafer,512Gb TLC,美元,2026-03-13,日低点,23.00,开盘价,23.00,收盘价,23.00,23.0,23.0,23.0,当前价,$23.00,2026-04-22 18:00,0.00,0.00%,前收盘,$23.00,日高点,$23.00,日低点,$23.00,,https://www.chinaflashmarket.com/price/nandflash,https://www.chinaflashmarket.com/price/in/100170,https://www.chinaflashmarket.com/price/in/100170/1,2026-04-22 20:13:57
芯片,Flash Wafer,512Gb TLC,美元,2026-03-12,日低点,20.00,开盘价,20.00,收盘价,23.00,20.0,20.0,23.0,当前价,$23.00,2026-04-22 18:00,0.00,0.00%,前收盘,$23.00,日高点,$23.00,日低点,$23.00,,https://www.chinaflashmarket.com/price/nandflash,https://www.chinaflashmarket.com/price/in/100170,https://www.chinaflashmarket.com/price/in/100170/1,2026-04-22 20:13:57
芯片,Flash Wafer,512Gb TLC,美元,2026-03-11,日低点,20.00,开盘价,20.00,收盘价,20.00,20.0,20.0,20.0,当前价,$23.00,2026-04-22 18:00,0.00,0.00%,前收盘,$23.00,日高点,$23.00,日低点,$23.00,,https://www.chinaflashmarket.com/price/nandflash,https://www.chinaflashmarket.com/price/in/100170,https://www.chinaflashmarket.com/price/in/100170/1,2026-04-22 20:13:57
芯片,Flash Wafer,512Gb TLC,美元,2026-03-10,日低点,20.00,开盘价,20.00,收盘价,20.00,20.0,20.0,20.0,当前价,$23.00,2026-04-22 18:00,0.00,0.00%,前收盘,$23.00,日高点,$23.00,日低点,$23.00,,https://www.chinaflashmarket.com/price/nandflash,https://www.chinaflashmarket.com/price/in/100170,https://www.chinaflashmarket.com/price/in/100170/1,2026-04-22 20:13:57
芯片,Flash Wafer,512Gb TLC,美元,2026-03-09,日低点,20.00,开盘价,20.00,收盘价,20.00,20.0,20.0,20.0,当前价,$23.00,2026-04-22 18:00,0.00,0.00%,前收盘,$23.00,日高点,$23.00,日低点,$23.00,,https://www.chinaflashmarket.com/price/nandflash,https://www.chinaflashmarket.com/price/in/100170,https://www.chinaflashmarket.com/price/in/100170/1,2026-04-22 20:13:57
芯片,Flash Wafer,512Gb TLC,美元,2026-03-06,日低点,20.00,开盘价,20.00,收盘价,20.00,20.0,20.0,20.0,当前价,$23.00,2026-04-22 18:00,0.00,0.00%,前收盘,$23.00,日高点,$23.00,日低点,$23.00,,https://www.chinaflashmarket.com/price/nandflash,https://www.chinaflashmarket.com/price/in/100170,https://www.chinaflashmarket.com/price/in/100170/1,2026-04-22 20:13:57
芯片,Flash Wafer,512Gb TLC,美元,2026-03-05,日低点,20.00,开盘价,20.00,收盘价,20.00,20.0,20.0,20.0,当前价,$23.00,2026-04-22 18:00,0.00,0.00%,前收盘,$23.00,日高点,$23.00,日低点,$23.00,,https://www.chinaflashmarket.com/price/nandflash,https://www.chinaflashmarket.com/price/in/100170,https://www.chinaflashmarket.com/price/in/100170/1,2026-04-22 20:13:57
芯片,Flash Wafer,512Gb TLC,美元,2026-03-04,日低点,20.00,开盘价,20.00,收盘价,20.00,20.0,20.0,20.0,当前价,$23.00,2026-04-22 18:00,0.00,0.00%,前收盘,$23.00,日高点,$23.00,日低点,$23.00,,https://www.chinaflashmarket.com/price/nandflash,https://www.chinaflashmarket.com/price/in/100170,https://www.chinaflashmarket.com/price/in/100170/1,2026-04-22 20:13:57
芯片,Flash Wafer,512Gb TLC,美元,2026-03-03,日低点,20.00,开盘价,20.00,收盘价,20.00,20.0,20.0,20.0,当前价,$23.00,2026-04-22 18:00,0.00,0.00%,前收盘,$23.00,日高点,$23.00,日低点,$23.00,,https://www.chinaflashmarket.com/price/nandflash,https://www.chinaflashmarket.com/price/in/100170,https://www.chinaflashmarket.com/price/in/100170/1,2026-04-22 20:13:57
芯片,Flash Wafer,512Gb TLC,美元,2026-03-02,日低点,20.00,开盘价,20.00,收盘价,20.00,20.0,20.0,20.0,当前价,$23.00,2026-04-22 18:00,0.00,0.00%,前收盘,$23.00,日高点,$23.00,日低点,$23.00,,https://www.chinaflashmarket.com/price/nandflash,https://www.chinaflashmarket.com/price/in/100170,https://www.chinaflashmarket.com/price/in/100170/1,2026-04-22 20:13:57
芯片,Flash Wafer,512Gb TLC,美元,2026-02-28,日低点,20.00,开盘价,20.00,收盘价,20.00,20.0,20.0,20.0,当前价,$23.00,2026-04-22 18:00,0.00,0.00%,前收盘,$23.00,日高点,$23.00,日低点,$23.00,,https://www.chinaflashmarket.com/price/nandflash,https://www.chinaflashmarket.com/price/in/100170,https://www.chinaflashmarket.com/price/in/100170/1,2026-04-22 20:13:57
芯片,Flash Wafer,512Gb TLC,美元,2026-02-27,日低点,20.00,开盘价,20.00,收盘价,20.00,20.0,20.0,20.0,当前价,$23.00,2026-04-22 18:00,0.00,0.00%,前收盘,$23.00,日高点,$23.00,日低点,$23.00,,https://www.chinaflashmarket.com/price/nandflash,https://www.chinaflashmarket.com/price/in/100170,https://www.chinaflashmarket.com/price/in/100170/1,2026-04-22 20:13:57
芯片,Flash Wafer,512Gb TLC,美元,2026-02-26,日低点,20.00,开盘价,20.00,收盘价,20.00,20.0,20.0,20.0,当前价,$23.00,2026-04-22 18:00,0.00,0.00%,前收盘,$23.00,日高点,$23.00,日低点,$23.00,,https://www.chinaflashmarket.com/price/nandflash,https://www.chinaflashmarket.com/price/in/100170,https://www.chinaflashmarket.com/price/in/100170/1,2026-04-22 20:13:57
芯片,Flash Wafer,512Gb TLC,美元,2026-02-25,日低点,20.00,开盘价,20.00,收盘价,20.00,20.0,20.0,20.0,当前价,$23.00,2026-04-22 18:00,0.00,0.00%,前收盘,$23.00,日高点,$23.00,日低点,$23.00,,https://www.chinaflashmarket.com/price/nandflash,https://www.chinaflashmarket.com/price/in/100170,https://www.chinaflashmarket.com/price/in/100170/1,2026-04-22 20:13:57
芯片,Flash Wafer,512Gb TLC,美元,2026-02-24,日低点,20.00,开盘价,20.00,收盘价,20.00,20.0,20.0,20.0,当前价,$23.00,2026-04-22 18:00,0.00,0.00%,前收盘,$23.00,日高点,$23.00,日低点,$23.00,,https://www.chinaflashmarket.com/price/nandflash,https://www.chinaflashmarket.com/price/in/100170,https://www.chinaflashmarket.com/price/in/100170/1,2026-04-22 20:13:57
芯片,Flash Wafer,512Gb TLC,美元,2026-02-14,日低点,20.00,开盘价,20.00,收盘价,20.00,20.0,20.0,20.0,当前价,$23.00,2026-04-22 18:00,0.00,0.00%,前收盘,$23.00,日高点,$23.00,日低点,$23.00,,https://www.chinaflashmarket.com/price/nandflash,https://www.chinaflashmarket.com/price/in/100170,https://www.chinaflashmarket.com/price/in/100170/1,2026-04-22 20:13:57
芯片,Flash Wafer,512Gb TLC,美元,2026-02-13,日低点,20.00,开盘价,20.00,收盘价,20.00,20.0,20.0,20.0,当前价,$23.00,2026-04-22 18:00,0.00,0.00%,前收盘,$23.00,日高点,$23.00,日低点,$23.00,,https://www.chinaflashmarket.com/price/nandflash,https://www.chinaflashmarket.com/price/in/100170,https://www.chinaflashmarket.com/price/in/100170/1,2026-04-22 20:13:57
芯片,Flash Wafer,512Gb TLC,美元,2026-02-12,日低点,20.00,开盘价,20.00,收盘价,20.00,20.0,20.0,20.0,当前价,$23.00,2026-04-22 18:00,0.00,0.00%,前收盘,$23.00,日高点,$23.00,日低点,$23.00,,https://www.chinaflashmarket.com/price/nandflash,https://www.chinaflashmarket.com/price/in/100170,https://www.chinaflashmarket.com/price/in/100170/1,2026-04-22 20:13:57
芯片,Flash Wafer,512Gb TLC,美元,2026-02-11,日低点,20.00,开盘价,20.00,收盘价,20.00,20.0,20.0,20.0,当前价,$23.00,2026-04-22 18:00,0.00,0.00%,前收盘,$23.00,日高点,$23.00,日低点,$23.00,,https://www.chinaflashmarket.com/price/nandflash,https://www.chinaflashmarket.com/price/in/100170,https://www.chinaflashmarket.com/price/in/100170/1,2026-04-22 20:13:57
芯片,Flash Wafer,512Gb TLC,美元,2026-02-10,日低点,20.00,开盘价,20.00,收盘价,20.00,20.0,20.0,20.0,当前价,$23.00,2026-04-22 18:00,0.00,0.00%,前收盘,$23.00,日高点,$23.00,日低点,$23.00,,https://www.chinaflashmarket.com/price/nandflash,https://www.chinaflashmarket.com/price/in/100170,https://www.chinaflashmarket.com/price/in/100170/1,2026-04-22 20:13:57
芯片,Flash Wafer,512Gb TLC,美元,2026-02-09,日低点,16.00,开盘价,16.00,收盘价,16.00,16.0,16.0,16.0,当前价,$23.00,2026-04-22 18:00,0.00,0.00%,前收盘,$23.00,日高点,$23.00,日低点,$23.00,,https://www.chinaflashmarket.com/price/nandflash,https://www.chinaflashmarket.com/price/in/100170,https://www.chinaflashmarket.com/price/in/100170/1,2026-04-22 20:13:57
芯片,Flash Wafer,512Gb TLC,美元,2026-02-06,日低点,16.00,开盘价,16.00,收盘价,16.00,16.0,16.0,16.0,当前价,$23.00,2026-04-22 18:00,0.00,0.00%,前收盘,$23.00,日高点,$23.00,日低点,$23.00,,https://www.chinaflashmarket.com/price/nandflash,https://www.chinaflashmarket.com/price/in/100170,https://www.chinaflashmarket.com/price/in/100170/1,2026-04-22 20:13:57
芯片,Flash Wafer,512Gb TLC,美元,2026-02-05,日低点,16.00,开盘价,16.00,收盘价,16.00,16.0,16.0,16.0,当前价,$23.00,2026-04-22 18:00,0.00,0.00%,前收盘,$23.00,日高点,$23.00,日低点,$23.00,,https://www.chinaflashmarket.com/price/nandflash,https://www.chinaflashmarket.com/price/in/100170,https://www.chinaflashmarket.com/price/in/100170/1,2026-04-22 20:13:57
芯片,Flash Wafer,512Gb TLC,美元,2026-02-04,日低点,16.00,开盘价,16.00,收盘价,16.00,16.0,16.0,16.0,当前价,$23.00,2026-04-22 18:00,0.00,0.00%,前收盘,$23.00,日高点,$23.00,日低点,$23.00,,https://www.chinaflashmarket.com/price/nandflash,https://www.chinaflashmarket.com/price/in/100170,https://www.chinaflashmarket.com/price/in/100170/1,2026-04-22 20:13:57
芯片,Flash Wafer,512Gb TLC,美元,2026-02-03,日低点,16.00,开盘价,16.00,收盘价,16.00,16.0,16.0,16.0,当前价,$23.00,2026-04-22 18:00,0.00,0.00%,前收盘,$23.00,日高点,$23.00,日低点,$23.00,,https://www.chinaflashmarket.com/price/nandflash,https://www.chinaflashmarket.com/price/in/100170,https://www.chinaflashmarket.com/price/in/100170/1,2026-04-22 20:13:57
芯片,Flash Wafer,512Gb TLC,美元,2026-02-02,日低点,16.00,开盘价,16.00,收盘价,16.00,16.0,16.0,16.0,当前价,$23.00,2026-04-22 18:00,0.00,0.00%,前收盘,$23.00,日高点,$23.00,日低点,$23.00,,https://www.chinaflashmarket.com/price/nandflash,https://www.chinaflashmarket.com/price/in/100170,https://www.chinaflashmarket.com/price/in/100170/1,2026-04-22 20:13:57
芯片,Flash Wafer,512Gb TLC,美元,2026-01-30,日低点,16.00,开盘价,16.00,收盘价,16.00,16.0,16.0,16.0,当前价,$23.00,2026-04-22 18:00,0.00,0.00%,前收盘,$23.00,日高点,$23.00,日低点,$23.00,,https://www.chinaflashmarket.com/price/nandflash,https://www.chinaflashmarket.com/price/in/100170,https://www.chinaflashmarket.com/price/in/100170/1,2026-04-22 20:13:57
芯片,Flash Wafer,512Gb TLC,美元,2026-01-29,日低点,16.00,开盘价,16.00,收盘价,16.00,16.0,16.0,16.0,当前价,$23.00,2026-04-22 18:00,0.00,0.00%,前收盘,$23.00,日高点,$23.00,日低点,$23.00,,https://www.chinaflashmarket.com/price/nandflash,https://www.chinaflashmarket.com/price/in/100170,https://www.chinaflashmarket.com/price/in/100170/1,2026-04-22 20:13:57
芯片,Flash Wafer,512Gb TLC,美元,2026-01-28,日低点,16.00,开盘价,16.00,收盘价,16.00,16.0,16.0,16.0,当前价,$23.00,2026-04-22 18:00,0.00,0.00%,前收盘,$23.00,日高点,$23.00,日低点,$23.00,,https://www.chinaflashmarket.com/price/nandflash,https://www.chinaflashmarket.com/price/in/100170,https://www.chinaflashmarket.com/price/in/100170/1,2026-04-22 20:13:57
芯片,Flash Wafer,512Gb TLC,美元,2026-01-27,日低点,16.00,开盘价,16.00,收盘价,16.00,16.0,16.0,16.0,当前价,$23.00,2026-04-22 18:00,0.00,0.00%,前收盘,$23.00,日高点,$23.00,日低点,$23.00,,https://www.chinaflashmarket.com/price/nandflash,https://www.chinaflashmarket.com/price/in/100170,https://www.chinaflashmarket.com/price/in/100170/1,2026-04-22 20:13:57
芯片,Flash Wafer,512Gb TLC,美元,2026-01-26,日低点,16.00,开盘价,16.00,收盘价,16.00,16.0,16.0,16.0,当前价,$23.00,2026-04-22 18:00,0.00,0.00%,前收盘,$23.00,日高点,$23.00,日低点,$23.00,,https://www.chinaflashmarket.com/price/nandflash,https://www.chinaflashmarket.com/price/in/100170,https://www.chinaflashmarket.com/price/in/100170/1,2026-04-22 20:13:57
芯片,Flash Wafer,512Gb TLC,美元,2026-01-23,日低点,15.00,开盘价,15.00,收盘价,16.00,15.0,15.0,16.0,当前价,$23.00,2026-04-22 18:00,0.00,0.00%,前收盘,$23.00,日高点,$23.00,日低点,$23.00,,https://www.chinaflashmarket.com/price/nandflash,https://www.chinaflashmarket.com/price/in/100170,https://www.chinaflashmarket.com/price/in/100170/1,2026-04-22 20:13:57
芯片,Flash Wafer,512Gb TLC,美元,2026-01-22,日低点,15.00,开盘价,15.00,收盘价,15.00,15.0,15.0,15.0,当前价,$23.00,2026-04-22 18:00,0.00,0.00%,前收盘,$23.00,日高点,$23.00,日低点,$23.00,,https://www.chinaflashmarket.com/price/nandflash,https://www.chinaflashmarket.com/price/in/100170,https://www.chinaflashmarket.com/price/in/100170/1,2026-04-22 20:13:57
芯片,Flash Wafer,256Gb TLC,美元,2026-04-21,日低点,11.00,开盘价,11.00,收盘价,11.00,11.0,11.0,11.0,当前价,$11.00,2026-04-22 18:00,0.00,0.00%,前收盘,$11.00,日高点,$11.00,日低点,$11.00,,https://www.chinaflashmarket.com/price/nandflash,https://www.chinaflashmarket.com/price/in/100164,https://www.chinaflashmarket.com/price/in/100164/1,2026-04-22 20:13:57
芯片,Flash Wafer,256Gb TLC,美元,2026-04-20,日低点,11.00,开盘价,11.00,收盘价,11.00,11.0,11.0,11.0,当前价,$11.00,2026-04-22 18:00,0.00,0.00%,前收盘,$11.00,日高点,$11.00,日低点,$11.00,,https://www.chinaflashmarket.com/price/nandflash,https://www.chinaflashmarket.com/price/in/100164,https://www.chinaflashmarket.com/price/in/100164/1,2026-04-22 20:13:57
芯片,Flash Wafer,256Gb TLC,美元,2026-04-17,日低点,11.00,开盘价,11.00,收盘价,11.00,11.0,11.0,11.0,当前价,$11.00,2026-04-22 18:00,0.00,0.00%,前收盘,$11.00,日高点,$11.00,日低点,$11.00,,https://www.chinaflashmarket.com/price/nandflash,https://www.chinaflashmarket.com/price/in/100164,https://www.chinaflashmarket.com/price/in/100164/1,2026-04-22 20:13:57
芯片,Flash Wafer,256Gb TLC,美元,2026-04-16,日低点,11.00,开盘价,11.00,收盘价,11.00,11.0,11.0,11.0,当前价,$11.00,2026-04-22 18:00,0.00,0.00%,前收盘,$11.00,日高点,$11.00,日低点,$11.00,,https://www.chinaflashmarket.com/price/nandflash,https://www.chinaflashmarket.com/price/in/100164,https://www.chinaflashmarket.com/price/in/100164/1,2026-04-22 20:13:57
芯片,Flash Wafer,256Gb TLC,美元,2026-04-15,日低点,11.00,开盘价,11.00,收盘价,11.00,11.0,11.0,11.0,当前价,$11.00,2026-04-22 18:00,0.00,0.00%,前收盘,$11.00,日高点,$11.00,日低点,$11.00,,https://www.chinaflashmarket.com/price/nandflash,https://www.chinaflashmarket.com/price/in/100164,https://www.chinaflashmarket.com/price/in/100164/1,2026-04-22 20:13:57
芯片,Flash Wafer,256Gb TLC,美元,2026-04-14,日低点,11.00,开盘价,11.00,收盘价,11.00,11.0,11.0,11.0,当前价,$11.00,2026-04-22 18:00,0.00,0.00%,前收盘,$11.00,日高点,$11.00,日低点,$11.00,,https://www.chinaflashmarket.com/price/nandflash,https://www.chinaflashmarket.com/price/in/100164,https://www.chinaflashmarket.com/price/in/100164/1,2026-04-22 20:13:57
芯片,Flash Wafer,256Gb TLC,美元,2026-04-13,日低点,11.00,开盘价,11.00,收盘价,11.00,11.0,11.0,11.0,当前价,$11.00,2026-04-22 18:00,0.00,0.00%,前收盘,$11.00,日高点,$11.00,日低点,$11.00,,https://www.chinaflashmarket.com/price/nandflash,https://www.chinaflashmarket.com/price/in/100164,https://www.chinaflashmarket.com/price/in/100164/1,2026-04-22 20:13:57
芯片,Flash Wafer,256Gb TLC,美元,2026-04-10,日低点,11.00,开盘价,11.00,收盘价,11.00,11.0,11.0,11.0,当前价,$11.00,2026-04-22 18:00,0.00,0.00%,前收盘,$11.00,日高点,$11.00,日低点,$11.00,,https://www.chinaflashmarket.com/price/nandflash,https://www.chinaflashmarket.com/price/in/100164,https://www.chinaflashmarket.com/price/in/100164/1,2026-04-22 20:13:57
芯片,Flash Wafer,256Gb TLC,美元,2026-04-09,日低点,11.00,开盘价,11.00,收盘价,11.00,11.0,11.0,11.0,当前价,$11.00,2026-04-22 18:00,0.00,0.00%,前收盘,$11.00,日高点,$11.00,日低点,$11.00,,https://www.chinaflashmarket.com/price/nandflash,https://www.chinaflashmarket.com/price/in/100164,https://www.chinaflashmarket.com/price/in/100164/1,2026-04-22 20:13:57
芯片,Flash Wafer,256Gb TLC,美元,2026-04-08,日低点,11.00,开盘价,11.00,收盘价,11.00,11.0,11.0,11.0,当前价,$11.00,2026-04-22 18:00,0.00,0.00%,前收盘,$11.00,日高点,$11.00,日低点,$11.00,,https://www.chinaflashmarket.com/price/nandflash,https://www.chinaflashmarket.com/price/in/100164,https://www.chinaflashmarket.com/price/in/100164/1,2026-04-22 20:13:57
芯片,Flash Wafer,256Gb TLC,美元,2026-04-07,日低点,11.00,开盘价,11.00,收盘价,11.00,11.0,11.0,11.0,当前价,$11.00,2026-04-22 18:00,0.00,0.00%,前收盘,$11.00,日高点,$11.00,日低点,$11.00,,https://www.chinaflashmarket.com/price/nandflash,https://www.chinaflashmarket.com/price/in/100164,https://www.chinaflashmarket.com/price/in/100164/1,2026-04-22 20:13:57
芯片,Flash Wafer,256Gb TLC,美元,2026-04-03,日低点,11.00,开盘价,11.00,收盘价,11.00,11.0,11.0,11.0,当前价,$11.00,2026-04-22 18:00,0.00,0.00%,前收盘,$11.00,日高点,$11.00,日低点,$11.00,,https://www.chinaflashmarket.com/price/nandflash,https://www.chinaflashmarket.com/price/in/100164,https://www.chinaflashmarket.com/price/in/100164/1,2026-04-22 20:13:57
芯片,Flash Wafer,256Gb TLC,美元,2026-04-02,日低点,11.00,开盘价,11.00,收盘价,11.00,11.0,11.0,11.0,当前价,$11.00,2026-04-22 18:00,0.00,0.00%,前收盘,$11.00,日高点,$11.00,日低点,$11.00,,https://www.chinaflashmarket.com/price/nandflash,https://www.chinaflashmarket.com/price/in/100164,https://www.chinaflashmarket.com/price/in/100164/1,2026-04-22 20:13:57
芯片,Flash Wafer,256Gb TLC,美元,2026-04-01,日低点,11.00,开盘价,11.00,收盘价,11.00,11.0,11.0,11.0,当前价,$11.00,2026-04-22 18:00,0.00,0.00%,前收盘,$11.00,日高点,$11.00,日低点,$11.00,,https://www.chinaflashmarket.com/price/nandflash,https://www.chinaflashmarket.com/price/in/100164,https://www.chinaflashmarket.com/price/in/100164/1,2026-04-22 20:13:57
芯片,Flash Wafer,256Gb TLC,美元,2026-03-31,日低点,11.00,开盘价,11.00,收盘价,11.00,11.0,11.0,11.0,当前价,$11.00,2026-04-22 18:00,0.00,0.00%,前收盘,$11.00,日高点,$11.00,日低点,$11.00,,https://www.chinaflashmarket.com/price/nandflash,https://www.chinaflashmarket.com/price/in/100164,https://www.chinaflashmarket.com/price/in/100164/1,2026-04-22 20:13:57
芯片,Flash Wafer,256Gb TLC,美元,2026-03-30,日低点,11.00,开盘价,11.00,收盘价,11.00,11.0,11.0,11.0,当前价,$11.00,2026-04-22 18:00,0.00,0.00%,前收盘,$11.00,日高点,$11.00,日低点,$11.00,,https://www.chinaflashmarket.com/price/nandflash,https://www.chinaflashmarket.com/price/in/100164,https://www.chinaflashmarket.com/price/in/100164/1,2026-04-22 20:13:57
芯片,Flash Wafer,256Gb TLC,美元,2026-03-27,日低点,11.00,开盘价,11.00,收盘价,11.00,11.0,11.0,11.0,当前价,$11.00,2026-04-22 18:00,0.00,0.00%,前收盘,$11.00,日高点,$11.00,日低点,$11.00,,https://www.chinaflashmarket.com/price/nandflash,https://www.chinaflashmarket.com/price/in/100164,https://www.chinaflashmarket.com/price/in/100164/1,2026-04-22 20:13:57
芯片,Flash Wafer,256Gb TLC,美元,2026-03-26,日低点,11.00,开盘价,11.00,收盘价,11.00,11.0,11.0,11.0,当前价,$11.00,2026-04-22 18:00,0.00,0.00%,前收盘,$11.00,日高点,$11.00,日低点,$11.00,,https://www.chinaflashmarket.com/price/nandflash,https://www.chinaflashmarket.com/price/in/100164,https://www.chinaflashmarket.com/price/in/100164/1,2026-04-22 20:13:57
芯片,Flash Wafer,256Gb TLC,美元,2026-03-25,日低点,11.00,开盘价,11.00,收盘价,11.00,11.0,11.0,11.0,当前价,$11.00,2026-04-22 18:00,0.00,0.00%,前收盘,$11.00,日高点,$11.00,日低点,$11.00,,https://www.chinaflashmarket.com/price/nandflash,https://www.chinaflashmarket.com/price/in/100164,https://www.chinaflashmarket.com/price/in/100164/1,2026-04-22 20:13:57
芯片,Flash Wafer,256Gb TLC,美元,2026-03-24,日低点,11.00,开盘价,11.00,收盘价,11.00,11.0,11.0,11.0,当前价,$11.00,2026-04-22 18:00,0.00,0.00%,前收盘,$11.00,日高点,$11.00,日低点,$11.00,,https://www.chinaflashmarket.com/price/nandflash,https://www.chinaflashmarket.com/price/in/100164,https://www.chinaflashmarket.com/price/in/100164/1,2026-04-22 20:13:57
芯片,Flash Wafer,256Gb TLC,美元,2026-03-23,日低点,11.00,开盘价,11.00,收盘价,11.00,11.0,11.0,11.0,当前价,$11.00,2026-04-22 18:00,0.00,0.00%,前收盘,$11.00,日高点,$11.00,日低点,$11.00,,https://www.chinaflashmarket.com/price/nandflash,https://www.chinaflashmarket.com/price/in/100164,https://www.chinaflashmarket.com/price/in/100164/1,2026-04-22 20:13:57
芯片,Flash Wafer,256Gb TLC,美元,2026-03-20,日低点,11.00,开盘价,11.00,收盘价,11.00,11.0,11.0,11.0,当前价,$11.00,2026-04-22 18:00,0.00,0.00%,前收盘,$11.00,日高点,$11.00,日低点,$11.00,,https://www.chinaflashmarket.com/price/nandflash,https://www.chinaflashmarket.com/price/in/100164,https://www.chinaflashmarket.com/price/in/100164/1,2026-04-22 20:13:57
芯片,Flash Wafer,256Gb TLC,美元,2026-03-19,日低点,11.00,开盘价,11.00,收盘价,11.00,11.0,11.0,11.0,当前价,$11.00,2026-04-22 18:00,0.00,0.00%,前收盘,$11.00,日高点,$11.00,日低点,$11.00,,https://www.chinaflashmarket.com/price/nandflash,https://www.chinaflashmarket.com/price/in/100164,https://www.chinaflashmarket.com/price/in/100164/1,2026-04-22 20:13:57
芯片,Flash Wafer,256Gb TLC,美元,2026-03-18,日低点,11.00,开盘价,11.00,收盘价,11.00,11.0,11.0,11.0,当前价,$11.00,2026-04-22 18:00,0.00,0.00%,前收盘,$11.00,日高点,$11.00,日低点,$11.00,,https://www.chinaflashmarket.com/price/nandflash,https://www.chinaflashmarket.com/price/in/100164,https://www.chinaflashmarket.com/price/in/100164/1,2026-04-22 20:13:57
芯片,Flash Wafer,256Gb TLC,美元,2026-03-17,日低点,11.00,开盘价,11.00,收盘价,11.00,11.0,11.0,11.0,当前价,$11.00,2026-04-22 18:00,0.00,0.00%,前收盘,$11.00,日高点,$11.00,日低点,$11.00,,https://www.chinaflashmarket.com/price/nandflash,https://www.chinaflashmarket.com/price/in/100164,https://www.chinaflashmarket.com/price/in/100164/1,2026-04-22 20:13:57
芯片,Flash Wafer,256Gb TLC,美元,2026-03-16,日低点,11.00,开盘价,11.00,收盘价,11.00,11.0,11.0,11.0,当前价,$11.00,2026-04-22 18:00,0.00,0.00%,前收盘,$11.00,日高点,$11.00,日低点,$11.00,,https://www.chinaflashmarket.com/price/nandflash,https://www.chinaflashmarket.com/price/in/100164,https://www.chinaflashmarket.com/price/in/100164/1,2026-04-22 20:13:57
芯片,Flash Wafer,256Gb TLC,美元,2026-03-13,日低点,11.00,开盘价,11.00,收盘价,11.00,11.0,11.0,11.0,当前价,$11.00,2026-04-22 18:00,0.00,0.00%,前收盘,$11.00,日高点,$11.00,日低点,$11.00,,https://www.chinaflashmarket.com/price/nandflash,https://www.chinaflashmarket.com/price/in/100164,https://www.chinaflashmarket.com/price/in/100164/1,2026-04-22 20:13:57
芯片,Flash Wafer,256Gb TLC,美元,2026-03-12,日低点,11.00,开盘价,11.00,收盘价,11.00,11.0,11.0,11.0,当前价,$11.00,2026-04-22 18:00,0.00,0.00%,前收盘,$11.00,日高点,$11.00,日低点,$11.00,,https://www.chinaflashmarket.com/price/nandflash,https://www.chinaflashmarket.com/price/in/100164,https://www.chinaflashmarket.com/price/in/100164/1,2026-04-22 20:13:57
芯片,Flash Wafer,256Gb TLC,美元,2026-03-11,日低点,11.00,开盘价,11.00,收盘价,11.00,11.0,11.0,11.0,当前价,$11.00,2026-04-22 18:00,0.00,0.00%,前收盘,$11.00,日高点,$11.00,日低点,$11.00,,https://www.chinaflashmarket.com/price/nandflash,https://www.chinaflashmarket.com/price/in/100164,https://www.chinaflashmarket.com/price/in/100164/1,2026-04-22 20:13:57
芯片,Flash Wafer,256Gb TLC,美元,2026-03-10,日低点,11.00,开盘价,11.00,收盘价,11.00,11.0,11.0,11.0,当前价,$11.00,2026-04-22 18:00,0.00,0.00%,前收盘,$11.00,日高点,$11.00,日低点,$11.00,,https://www.chinaflashmarket.com/price/nandflash,https://www.chinaflashmarket.com/price/in/100164,https://www.chinaflashmarket.com/price/in/100164/1,2026-04-22 20:13:57
芯片,Flash Wafer,256Gb TLC,美元,2026-03-09,日低点,11.00,开盘价,11.00,收盘价,11.00,11.0,11.0,11.0,当前价,$11.00,2026-04-22 18:00,0.00,0.00%,前收盘,$11.00,日高点,$11.00,日低点,$11.00,,https://www.chinaflashmarket.com/price/nandflash,https://www.chinaflashmarket.com/price/in/100164,https://www.chinaflashmarket.com/price/in/100164/1,2026-04-22 20:13:57
芯片,Flash Wafer,256Gb TLC,美元,2026-03-06,日低点,11.00,开盘价,11.00,收盘价,11.00,11.0,11.0,11.0,当前价,$11.00,2026-04-22 18:00,0.00,0.00%,前收盘,$11.00,日高点,$11.00,日低点,$11.00,,https://www.chinaflashmarket.com/price/nandflash,https://www.chinaflashmarket.com/price/in/100164,https://www.chinaflashmarket.com/price/in/100164/1,2026-04-22 20:13:57
芯片,Flash Wafer,256Gb TLC,美元,2026-03-05,日低点,11.00,开盘价,11.00,收盘价,11.00,11.0,11.0,11.0,当前价,$11.00,2026-04-22 18:00,0.00,0.00%,前收盘,$11.00,日高点,$11.00,日低点,$11.00,,https://www.chinaflashmarket.com/price/nandflash,https://www.chinaflashmarket.com/price/in/100164,https://www.chinaflashmarket.com/price/in/100164/1,2026-04-22 20:13:57
芯片,Flash Wafer,256Gb TLC,美元,2026-03-04,日低点,11.00,开盘价,11.00,收盘价,11.00,11.0,11.0,11.0,当前价,$11.00,2026-04-22 18:00,0.00,0.00%,前收盘,$11.00,日高点,$11.00,日低点,$11.00,,https://www.chinaflashmarket.com/price/nandflash,https://www.chinaflashmarket.com/price/in/100164,https://www.chinaflashmarket.com/price/in/100164/1,2026-04-22 20:13:57
芯片,Flash Wafer,256Gb TLC,美元,2026-03-03,日低点,11.00,开盘价,11.00,收盘价,11.00,11.0,11.0,11.0,当前价,$11.00,2026-04-22 18:00,0.00,0.00%,前收盘,$11.00,日高点,$11.00,日低点,$11.00,,https://www.chinaflashmarket.com/price/nandflash,https://www.chinaflashmarket.com/price/in/100164,https://www.chinaflashmarket.com/price/in/100164/1,2026-04-22 20:13:57
芯片,Flash Wafer,256Gb TLC,美元,2026-03-02,日低点,11.00,开盘价,11.00,收盘价,11.00,11.0,11.0,11.0,当前价,$11.00,2026-04-22 18:00,0.00,0.00%,前收盘,$11.00,日高点,$11.00,日低点,$11.00,,https://www.chinaflashmarket.com/price/nandflash,https://www.chinaflashmarket.com/price/in/100164,https://www.chinaflashmarket.com/price/in/100164/1,2026-04-22 20:13:57
芯片,Flash Wafer,256Gb TLC,美元,2026-02-28,日低点,11.00,开盘价,11.00,收盘价,11.00,11.0,11.0,11.0,当前价,$11.00,2026-04-22 18:00,0.00,0.00%,前收盘,$11.00,日高点,$11.00,日低点,$11.00,,https://www.chinaflashmarket.com/price/nandflash,https://www.chinaflashmarket.com/price/in/100164,https://www.chinaflashmarket.com/price/in/100164/1,2026-04-22 20:13:57
芯片,Flash Wafer,256Gb TLC,美元,2026-02-27,日低点,11.00,开盘价,11.00,收盘价,11.00,11.0,11.0,11.0,当前价,$11.00,2026-04-22 18:00,0.00,0.00%,前收盘,$11.00,日高点,$11.00,日低点,$11.00,,https://www.chinaflashmarket.com/price/nandflash,https://www.chinaflashmarket.com/price/in/100164,https://www.chinaflashmarket.com/price/in/100164/1,2026-04-22 20:13:57
芯片,Flash Wafer,256Gb TLC,美元,2026-02-26,日低点,11.00,开盘价,11.00,收盘价,11.00,11.0,11.0,11.0,当前价,$11.00,2026-04-22 18:00,0.00,0.00%,前收盘,$11.00,日高点,$11.00,日低点,$11.00,,https://www.chinaflashmarket.com/price/nandflash,https://www.chinaflashmarket.com/price/in/100164,https://www.chinaflashmarket.com/price/in/100164/1,2026-04-22 20:13:57
芯片,Flash Wafer,256Gb TLC,美元,2026-02-25,日低点,11.00,开盘价,11.00,收盘价,11.00,11.0,11.0,11.0,当前价,$11.00,2026-04-22 18:00,0.00,0.00%,前收盘,$11.00,日高点,$11.00,日低点,$11.00,,https://www.chinaflashmarket.com/price/nandflash,https://www.chinaflashmarket.com/price/in/100164,https://www.chinaflashmarket.com/price/in/100164/1,2026-04-22 20:13:57
芯片,Flash Wafer,256Gb TLC,美元,2026-02-24,日低点,11.00,开盘价,11.00,收盘价,11.00,11.0,11.0,11.0,当前价,$11.00,2026-04-22 18:00,0.00,0.00%,前收盘,$11.00,日高点,$11.00,日低点,$11.00,,https://www.chinaflashmarket.com/price/nandflash,https://www.chinaflashmarket.com/price/in/100164,https://www.chinaflashmarket.com/price/in/100164/1,2026-04-22 20:13:57
芯片,Flash Wafer,256Gb TLC,美元,2026-02-14,日低点,11.00,开盘价,11.00,收盘价,11.00,11.0,11.0,11.0,当前价,$11.00,2026-04-22 18:00,0.00,0.00%,前收盘,$11.00,日高点,$11.00,日低点,$11.00,,https://www.chinaflashmarket.com/price/nandflash,https://www.chinaflashmarket.com/price/in/100164,https://www.chinaflashmarket.com/price/in/100164/1,2026-04-22 20:13:57
芯片,Flash Wafer,256Gb TLC,美元,2026-02-13,日低点,11.00,开盘价,11.00,收盘价,11.00,11.0,11.0,11.0,当前价,$11.00,2026-04-22 18:00,0.00,0.00%,前收盘,$11.00,日高点,$11.00,日低点,$11.00,,https://www.chinaflashmarket.com/price/nandflash,https://www.chinaflashmarket.com/price/in/100164,https://www.chinaflashmarket.com/price/in/100164/1,2026-04-22 20:13:57
芯片,Flash Wafer,256Gb TLC,美元,2026-02-12,日低点,11.00,开盘价,11.00,收盘价,11.00,11.0,11.0,11.0,当前价,$11.00,2026-04-22 18:00,0.00,0.00%,前收盘,$11.00,日高点,$11.00,日低点,$11.00,,https://www.chinaflashmarket.com/price/nandflash,https://www.chinaflashmarket.com/price/in/100164,https://www.chinaflashmarket.com/price/in/100164/1,2026-04-22 20:13:57
芯片,Flash Wafer,256Gb TLC,美元,2026-02-11,日低点,11.00,开盘价,11.00,收盘价,11.00,11.0,11.0,11.0,当前价,$11.00,2026-04-22 18:00,0.00,0.00%,前收盘,$11.00,日高点,$11.00,日低点,$11.00,,https://www.chinaflashmarket.com/price/nandflash,https://www.chinaflashmarket.com/price/in/100164,https://www.chinaflashmarket.com/price/in/100164/1,2026-04-22 20:13:57
芯片,Flash Wafer,256Gb TLC,美元,2026-02-10,日低点,11.00,开盘价,11.00,收盘价,11.00,11.0,11.0,11.0,当前价,$11.00,2026-04-22 18:00,0.00,0.00%,前收盘,$11.00,日高点,$11.00,日低点,$11.00,,https://www.chinaflashmarket.com/price/nandflash,https://www.chinaflashmarket.com/price/in/100164,https://www.chinaflashmarket.com/price/in/100164/1,2026-04-22 20:13:57
芯片,Flash Wafer,256Gb TLC,美元,2026-02-09,日低点,10.00,开盘价,10.00,收盘价,10.00,10.0,10.0,10.0,当前价,$11.00,2026-04-22 18:00,0.00,0.00%,前收盘,$11.00,日高点,$11.00,日低点,$11.00,,https://www.chinaflashmarket.com/price/nandflash,https://www.chinaflashmarket.com/price/in/100164,https://www.chinaflashmarket.com/price/in/100164/1,2026-04-22 20:13:57
芯片,Flash Wafer,256Gb TLC,美元,2026-02-06,日低点,10.00,开盘价,10.00,收盘价,10.00,10.0,10.0,10.0,当前价,$11.00,2026-04-22 18:00,0.00,0.00%,前收盘,$11.00,日高点,$11.00,日低点,$11.00,,https://www.chinaflashmarket.com/price/nandflash,https://www.chinaflashmarket.com/price/in/100164,https://www.chinaflashmarket.com/price/in/100164/1,2026-04-22 20:13:57
芯片,Flash Wafer,256Gb TLC,美元,2026-02-05,日低点,10.00,开盘价,10.00,收盘价,10.00,10.0,10.0,10.0,当前价,$11.00,2026-04-22 18:00,0.00,0.00%,前收盘,$11.00,日高点,$11.00,日低点,$11.00,,https://www.chinaflashmarket.com/price/nandflash,https://www.chinaflashmarket.com/price/in/100164,https://www.chinaflashmarket.com/price/in/100164/1,2026-04-22 20:13:57
芯片,Flash Wafer,256Gb TLC,美元,2026-02-04,日低点,10.00,开盘价,10.00,收盘价,10.00,10.0,10.0,10.0,当前价,$11.00,2026-04-22 18:00,0.00,0.00%,前收盘,$11.00,日高点,$11.00,日低点,$11.00,,https://www.chinaflashmarket.com/price/nandflash,https://www.chinaflashmarket.com/price/in/100164,https://www.chinaflashmarket.com/price/in/100164/1,2026-04-22 20:13:57
芯片,Flash Wafer,256Gb TLC,美元,2026-02-03,日低点,10.00,开盘价,10.00,收盘价,10.00,10.0,10.0,10.0,当前价,$11.00,2026-04-22 18:00,0.00,0.00%,前收盘,$11.00,日高点,$11.00,日低点,$11.00,,https://www.chinaflashmarket.com/price/nandflash,https://www.chinaflashmarket.com/price/in/100164,https://www.chinaflashmarket.com/price/in/100164/1,2026-04-22 20:13:57
芯片,Flash Wafer,256Gb TLC,美元,2026-02-02,日低点,10.00,开盘价,10.00,收盘价,10.00,10.0,10.0,10.0,当前价,$11.00,2026-04-22 18:00,0.00,0.00%,前收盘,$11.00,日高点,$11.00,日低点,$11.00,,https://www.chinaflashmarket.com/price/nandflash,https://www.chinaflashmarket.com/price/in/100164,https://www.chinaflashmarket.com/price/in/100164/1,2026-04-22 20:13:57
芯片,Flash Wafer,256Gb TLC,美元,2026-01-30,日低点,10.00,开盘价,10.00,收盘价,10.00,10.0,10.0,10.0,当前价,$11.00,2026-04-22 18:00,0.00,0.00%,前收盘,$11.00,日高点,$11.00,日低点,$11.00,,https://www.chinaflashmarket.com/price/nandflash,https://www.chinaflashmarket.com/price/in/100164,https://www.chinaflashmarket.com/price/in/100164/1,2026-04-22 20:13:57
芯片,Flash Wafer,256Gb TLC,美元,2026-01-29,日低点,10.00,开盘价,10.00,收盘价,10.00,10.0,10.0,10.0,当前价,$11.00,2026-04-22 18:00,0.00,0.00%,前收盘,$11.00,日高点,$11.00,日低点,$11.00,,https://www.chinaflashmarket.com/price/nandflash,https://www.chinaflashmarket.com/price/in/100164,https://www.chinaflashmarket.com/price/in/100164/1,2026-04-22 20:13:57
芯片,Flash Wafer,256Gb TLC,美元,2026-01-28,日低点,10.00,开盘价,10.00,收盘价,10.00,10.0,10.0,10.0,当前价,$11.00,2026-04-22 18:00,0.00,0.00%,前收盘,$11.00,日高点,$11.00,日低点,$11.00,,https://www.chinaflashmarket.com/price/nandflash,https://www.chinaflashmarket.com/price/in/100164,https://www.chinaflashmarket.com/price/in/100164/1,2026-04-22 20:13:57
芯片,Flash Wafer,256Gb TLC,美元,2026-01-27,日低点,10.00,开盘价,10.00,收盘价,10.00,10.0,10.0,10.0,当前价,$11.00,2026-04-22 18:00,0.00,0.00%,前收盘,$11.00,日高点,$11.00,日低点,$11.00,,https://www.chinaflashmarket.com/price/nandflash,https://www.chinaflashmarket.com/price/in/100164,https://www.chinaflashmarket.com/price/in/100164/1,2026-04-22 20:13:57
芯片,Flash Wafer,256Gb TLC,美元,2026-01-26,日低点,10.00,开盘价,10.00,收盘价,10.00,10.0,10.0,10.0,当前价,$11.00,2026-04-22 18:00,0.00,0.00%,前收盘,$11.00,日高点,$11.00,日低点,$11.00,,https://www.chinaflashmarket.com/price/nandflash,https://www.chinaflashmarket.com/price/in/100164,https://www.chinaflashmarket.com/price/in/100164/1,2026-04-22 20:13:57
芯片,Flash Wafer,256Gb TLC,美元,2026-01-23,日低点,9.00,开盘价,9.00,收盘价,10.00,9.0,9.0,10.0,当前价,$11.00,2026-04-22 18:00,0.00,0.00%,前收盘,$11.00,日高点,$11.00,日低点,$11.00,,https://www.chinaflashmarket.com/price/nandflash,https://www.chinaflashmarket.com/price/in/100164,https://www.chinaflashmarket.com/price/in/100164/1,2026-04-22 20:13:57
芯片,Flash Wafer,256Gb TLC,美元,2026-01-22,日低点,9.00,开盘价,9.00,收盘价,9.00,9.0,9.0,9.0,当前价,$11.00,2026-04-22 18:00,0.00,0.00%,前收盘,$11.00,日高点,$11.00,日低点,$11.00,,https://www.chinaflashmarket.com/price/nandflash,https://www.chinaflashmarket.com/price/in/100164,https://www.chinaflashmarket.com/price/in/100164/1,2026-04-22 20:13:57
芯片,DDR,DDR4 16Gb 3200,美元,2026-04-21,周低点,40.00,周高点,70.00,本周价,50.00,40.0,70.0,50.0,本周价,$50.00,2026-04-21 11:00,0.00,0.00%,上周价,$50.00,周高点,$70.00,周低点,$40.00,,https://www.chinaflashmarket.com/price/ddr,https://www.chinaflashmarket.com/price/ews/100222,https://www.chinaflashmarket.com/price/ews/100222/1,2026-04-22 20:13:57
芯片,DDR,DDR4 16Gb 3200,美元,2026-04-14,周低点,40.00,周高点,70.00,本周价,50.00,40.0,70.0,50.0,本周价,$50.00,2026-04-21 11:00,0.00,0.00%,上周价,$50.00,周高点,$70.00,周低点,$40.00,,https://www.chinaflashmarket.com/price/ddr,https://www.chinaflashmarket.com/price/ews/100222,https://www.chinaflashmarket.com/price/ews/100222/1,2026-04-22 20:13:57
芯片,DDR,DDR4 16Gb 3200,美元,2026-04-07,周低点,40.00,周高点,80.00,本周价,50.00,40.0,80.0,50.0,本周价,$50.00,2026-04-21 11:00,0.00,0.00%,上周价,$50.00,周高点,$70.00,周低点,$40.00,,https://www.chinaflashmarket.com/price/ddr,https://www.chinaflashmarket.com/price/ews/100222,https://www.chinaflashmarket.com/price/ews/100222/1,2026-04-22 20:13:57
芯片,DDR,DDR4 16Gb 3200,美元,2026-03-31,周低点,40.00,周高点,80.00,本周价,50.00,40.0,80.0,50.0,本周价,$50.00,2026-04-21 11:00,0.00,0.00%,上周价,$50.00,周高点,$70.00,周低点,$40.00,,https://www.chinaflashmarket.com/price/ddr,https://www.chinaflashmarket.com/price/ews/100222,https://www.chinaflashmarket.com/price/ews/100222/1,2026-04-22 20:13:57
芯片,DDR,DDR4 16Gb 3200,美元,2026-03-24,周低点,40.00,周高点,80.00,本周价,50.00,40.0,80.0,50.0,本周价,$50.00,2026-04-21 11:00,0.00,0.00%,上周价,$50.00,周高点,$70.00,周低点,$40.00,,https://www.chinaflashmarket.com/price/ddr,https://www.chinaflashmarket.com/price/ews/100222,https://www.chinaflashmarket.com/price/ews/100222/1,2026-04-22 20:13:57
芯片,DDR,DDR4 16Gb 3200,美元,2026-03-17,周低点,40.00,周高点,80.00,本周价,50.00,40.0,80.0,50.0,本周价,$50.00,2026-04-21 11:00,0.00,0.00%,上周价,$50.00,周高点,$70.00,周低点,$40.00,,https://www.chinaflashmarket.com/price/ddr,https://www.chinaflashmarket.com/price/ews/100222,https://www.chinaflashmarket.com/price/ews/100222/1,2026-04-22 20:13:57
芯片,DDR,DDR4 16Gb 3200,美元,2026-03-10,周低点,40.00,周高点,80.00,本周价,50.00,40.0,80.0,50.0,本周价,$50.00,2026-04-21 11:00,0.00,0.00%,上周价,$50.00,周高点,$70.00,周低点,$40.00,,https://www.chinaflashmarket.com/price/ddr,https://www.chinaflashmarket.com/price/ews/100222,https://www.chinaflashmarket.com/price/ews/100222/1,2026-04-22 20:13:57
芯片,DDR,DDR4 16Gb 3200,美元,2026-03-03,周低点,40.00,周高点,80.00,本周价,50.00,40.0,80.0,50.0,本周价,$50.00,2026-04-21 11:00,0.00,0.00%,上周价,$50.00,周高点,$70.00,周低点,$40.00,,https://www.chinaflashmarket.com/price/ddr,https://www.chinaflashmarket.com/price/ews/100222,https://www.chinaflashmarket.com/price/ews/100222/1,2026-04-22 20:13:57
芯片,DDR,DDR4 16Gb 3200,美元,2026-02-24,周低点,40.00,周高点,80.00,本周价,50.00,40.0,80.0,50.0,本周价,$50.00,2026-04-21 11:00,0.00,0.00%,上周价,$50.00,周高点,$70.00,周低点,$40.00,,https://www.chinaflashmarket.com/price/ddr,https://www.chinaflashmarket.com/price/ews/100222,https://www.chinaflashmarket.com/price/ews/100222/1,2026-04-22 20:13:57
芯片,DDR,DDR4 16Gb 3200,美元,2026-02-10,周低点,40.00,周高点,80.00,本周价,50.00,40.0,80.0,50.0,本周价,$50.00,2026-04-21 11:00,0.00,0.00%,上周价,$50.00,周高点,$70.00,周低点,$40.00,,https://www.chinaflashmarket.com/price/ddr,https://www.chinaflashmarket.com/price/ews/100222,https://www.chinaflashmarket.com/price/ews/100222/1,2026-04-22 20:13:57
芯片,DDR,DDR4 16Gb 3200,美元,2026-02-03,周低点,40.00,周高点,80.00,本周价,50.00,40.0,80.0,50.0,本周价,$50.00,2026-04-21 11:00,0.00,0.00%,上周价,$50.00,周高点,$70.00,周低点,$40.00,,https://www.chinaflashmarket.com/price/ddr,https://www.chinaflashmarket.com/price/ews/100222,https://www.chinaflashmarket.com/price/ews/100222/1,2026-04-22 20:13:57
芯片,DDR,DDR4 16Gb 3200,美元,2026-01-27,周低点,40.00,周高点,80.00,本周价,50.00,40.0,80.0,50.0,本周价,$50.00,2026-04-21 11:00,0.00,0.00%,上周价,$50.00,周高点,$70.00,周低点,$40.00,,https://www.chinaflashmarket.com/price/ddr,https://www.chinaflashmarket.com/price/ews/100222,https://www.chinaflashmarket.com/price/ews/100222/1,2026-04-22 20:13:57
芯片,DDR,DDR4 16Gb eTT,美元,2026-04-21,周低点,13.50,周高点,15.50,本周价,15.00,13.5,15.5,15.0,本周价,$15.00,2026-04-21 11:00,0.00,0.00%,上周价,$15.00,周高点,$15.50,周低点,$13.50,,https://www.chinaflashmarket.com/price/ddr,https://www.chinaflashmarket.com/price/ews/100246,https://www.chinaflashmarket.com/price/ews/100246/1,2026-04-22 20:13:57
芯片,DDR,DDR4 16Gb eTT,美元,2026-04-14,周低点,13.50,周高点,15.50,本周价,15.00,13.5,15.5,15.0,本周价,$15.00,2026-04-21 11:00,0.00,0.00%,上周价,$15.00,周高点,$15.50,周低点,$13.50,,https://www.chinaflashmarket.com/price/ddr,https://www.chinaflashmarket.com/price/ews/100246,https://www.chinaflashmarket.com/price/ews/100246/1,2026-04-22 20:13:57
芯片,DDR,DDR4 16Gb eTT,美元,2026-04-07,周低点,13.50,周高点,15.50,本周价,15.00,13.5,15.5,15.0,本周价,$15.00,2026-04-21 11:00,0.00,0.00%,上周价,$15.00,周高点,$15.50,周低点,$13.50,,https://www.chinaflashmarket.com/price/ddr,https://www.chinaflashmarket.com/price/ews/100246,https://www.chinaflashmarket.com/price/ews/100246/1,2026-04-22 20:13:57
芯片,DDR,DDR4 16Gb eTT,美元,2026-03-31,周低点,13.50,周高点,15.50,本周价,15.00,13.5,15.5,15.0,本周价,$15.00,2026-04-21 11:00,0.00,0.00%,上周价,$15.00,周高点,$15.50,周低点,$13.50,,https://www.chinaflashmarket.com/price/ddr,https://www.chinaflashmarket.com/price/ews/100246,https://www.chinaflashmarket.com/price/ews/100246/1,2026-04-22 20:13:57
芯片,DDR,DDR4 16Gb eTT,美元,2026-03-24,周低点,13.50,周高点,15.50,本周价,15.00,13.5,15.5,15.0,本周价,$15.00,2026-04-21 11:00,0.00,0.00%,上周价,$15.00,周高点,$15.50,周低点,$13.50,,https://www.chinaflashmarket.com/price/ddr,https://www.chinaflashmarket.com/price/ews/100246,https://www.chinaflashmarket.com/price/ews/100246/1,2026-04-22 20:13:57
芯片,DDR,DDR4 16Gb eTT,美元,2026-03-17,周低点,13.50,周高点,15.50,本周价,15.00,13.5,15.5,15.0,本周价,$15.00,2026-04-21 11:00,0.00,0.00%,上周价,$15.00,周高点,$15.50,周低点,$13.50,,https://www.chinaflashmarket.com/price/ddr,https://www.chinaflashmarket.com/price/ews/100246,https://www.chinaflashmarket.com/price/ews/100246/1,2026-04-22 20:13:57
芯片,DDR,DDR4 16Gb eTT,美元,2026-03-10,周低点,13.50,周高点,15.50,本周价,15.00,13.5,15.5,15.0,本周价,$15.00,2026-04-21 11:00,0.00,0.00%,上周价,$15.00,周高点,$15.50,周低点,$13.50,,https://www.chinaflashmarket.com/price/ddr,https://www.chinaflashmarket.com/price/ews/100246,https://www.chinaflashmarket.com/price/ews/100246/1,2026-04-22 20:13:57
芯片,DDR,DDR4 16Gb eTT,美元,2026-03-03,周低点,11.50,周高点,13.50,本周价,13.00,11.5,13.5,13.0,本周价,$15.00,2026-04-21 11:00,0.00,0.00%,上周价,$15.00,周高点,$15.50,周低点,$13.50,,https://www.chinaflashmarket.com/price/ddr,https://www.chinaflashmarket.com/price/ews/100246,https://www.chinaflashmarket.com/price/ews/100246/1,2026-04-22 20:13:57
芯片,DDR,DDR4 16Gb eTT,美元,2026-02-24,周低点,11.50,周高点,13.50,本周价,13.00,11.5,13.5,13.0,本周价,$15.00,2026-04-21 11:00,0.00,0.00%,上周价,$15.00,周高点,$15.50,周低点,$13.50,,https://www.chinaflashmarket.com/price/ddr,https://www.chinaflashmarket.com/price/ews/100246,https://www.chinaflashmarket.com/price/ews/100246/1,2026-04-22 20:13:57
芯片,DDR,DDR4 16Gb eTT,美元,2026-02-10,周低点,11.50,周高点,13.50,本周价,13.00,11.5,13.5,13.0,本周价,$15.00,2026-04-21 11:00,0.00,0.00%,上周价,$15.00,周高点,$15.50,周低点,$13.50,,https://www.chinaflashmarket.com/price/ddr,https://www.chinaflashmarket.com/price/ews/100246,https://www.chinaflashmarket.com/price/ews/100246/1,2026-04-22 20:13:57
芯片,DDR,DDR4 16Gb eTT,美元,2026-02-03,周低点,11.00,周高点,13.00,本周价,12.50,11.0,13.0,12.5,本周价,$15.00,2026-04-21 11:00,0.00,0.00%,上周价,$15.00,周高点,$15.50,周低点,$13.50,,https://www.chinaflashmarket.com/price/ddr,https://www.chinaflashmarket.com/price/ews/100246,https://www.chinaflashmarket.com/price/ews/100246/1,2026-04-22 20:13:57
芯片,DDR,DDR4 16Gb eTT,美元,2026-01-27,周低点,11.00,周高点,13.00,本周价,12.50,11.0,13.0,12.5,本周价,$15.00,2026-04-21 11:00,0.00,0.00%,上周价,$15.00,周高点,$15.50,周低点,$13.50,,https://www.chinaflashmarket.com/price/ddr,https://www.chinaflashmarket.com/price/ews/100246,https://www.chinaflashmarket.com/price/ews/100246/1,2026-04-22 20:13:57
芯片,DDR,DDR4 8Gb 3200,美元,2026-04-21,周低点,11.00,周高点,25.00,本周价,15.00,11.0,25.0,15.0,本周价,$15.00,2026-04-21 11:00,0.00,0.00%,上周价,$15.00,周高点,$25.00,周低点,$11.00,,https://www.chinaflashmarket.com/price/ddr,https://www.chinaflashmarket.com/price/ews/100221,https://www.chinaflashmarket.com/price/ews/100221/1,2026-04-22 20:13:57
芯片,DDR,DDR4 8Gb 3200,美元,2026-04-14,周低点,11.00,周高点,25.00,本周价,15.00,11.0,25.0,15.0,本周价,$15.00,2026-04-21 11:00,0.00,0.00%,上周价,$15.00,周高点,$25.00,周低点,$11.00,,https://www.chinaflashmarket.com/price/ddr,https://www.chinaflashmarket.com/price/ews/100221,https://www.chinaflashmarket.com/price/ews/100221/1,2026-04-22 20:13:57
芯片,DDR,DDR4 8Gb 3200,美元,2026-04-07,周低点,11.00,周高点,25.00,本周价,15.00,11.0,25.0,15.0,本周价,$15.00,2026-04-21 11:00,0.00,0.00%,上周价,$15.00,周高点,$25.00,周低点,$11.00,,https://www.chinaflashmarket.com/price/ddr,https://www.chinaflashmarket.com/price/ews/100221,https://www.chinaflashmarket.com/price/ews/100221/1,2026-04-22 20:13:57
芯片,DDR,DDR4 8Gb 3200,美元,2026-03-31,周低点,11.00,周高点,25.00,本周价,15.00,11.0,25.0,15.0,本周价,$15.00,2026-04-21 11:00,0.00,0.00%,上周价,$15.00,周高点,$25.00,周低点,$11.00,,https://www.chinaflashmarket.com/price/ddr,https://www.chinaflashmarket.com/price/ews/100221,https://www.chinaflashmarket.com/price/ews/100221/1,2026-04-22 20:13:57
芯片,DDR,DDR4 8Gb 3200,美元,2026-03-24,周低点,11.00,周高点,25.00,本周价,15.00,11.0,25.0,15.0,本周价,$15.00,2026-04-21 11:00,0.00,0.00%,上周价,$15.00,周高点,$25.00,周低点,$11.00,,https://www.chinaflashmarket.com/price/ddr,https://www.chinaflashmarket.com/price/ews/100221,https://www.chinaflashmarket.com/price/ews/100221/1,2026-04-22 20:13:57
芯片,DDR,DDR4 8Gb 3200,美元,2026-03-17,周低点,11.00,周高点,25.00,本周价,15.00,11.0,25.0,15.0,本周价,$15.00,2026-04-21 11:00,0.00,0.00%,上周价,$15.00,周高点,$25.00,周低点,$11.00,,https://www.chinaflashmarket.com/price/ddr,https://www.chinaflashmarket.com/price/ews/100221,https://www.chinaflashmarket.com/price/ews/100221/1,2026-04-22 20:13:57
芯片,DDR,DDR4 8Gb 3200,美元,2026-03-10,周低点,11.00,周高点,25.00,本周价,15.00,11.0,25.0,15.0,本周价,$15.00,2026-04-21 11:00,0.00,0.00%,上周价,$15.00,周高点,$25.00,周低点,$11.00,,https://www.chinaflashmarket.com/price/ddr,https://www.chinaflashmarket.com/price/ews/100221,https://www.chinaflashmarket.com/price/ews/100221/1,2026-04-22 20:13:57
芯片,DDR,DDR4 8Gb 3200,美元,2026-03-03,周低点,11.00,周高点,25.00,本周价,15.00,11.0,25.0,15.0,本周价,$15.00,2026-04-21 11:00,0.00,0.00%,上周价,$15.00,周高点,$25.00,周低点,$11.00,,https://www.chinaflashmarket.com/price/ddr,https://www.chinaflashmarket.com/price/ews/100221,https://www.chinaflashmarket.com/price/ews/100221/1,2026-04-22 20:13:57
芯片,DDR,DDR4 8Gb 3200,美元,2026-02-24,周低点,11.00,周高点,25.00,本周价,15.00,11.0,25.0,15.0,本周价,$15.00,2026-04-21 11:00,0.00,0.00%,上周价,$15.00,周高点,$25.00,周低点,$11.00,,https://www.chinaflashmarket.com/price/ddr,https://www.chinaflashmarket.com/price/ews/100221,https://www.chinaflashmarket.com/price/ews/100221/1,2026-04-22 20:13:57
芯片,DDR,DDR4 8Gb 3200,美元,2026-02-10,周低点,11.00,周高点,25.00,本周价,15.00,11.0,25.0,15.0,本周价,$15.00,2026-04-21 11:00,0.00,0.00%,上周价,$15.00,周高点,$25.00,周低点,$11.00,,https://www.chinaflashmarket.com/price/ddr,https://www.chinaflashmarket.com/price/ews/100221,https://www.chinaflashmarket.com/price/ews/100221/1,2026-04-22 20:13:57
芯片,DDR,DDR4 8Gb 3200,美元,2026-02-03,周低点,11.00,周高点,25.00,本周价,15.00,11.0,25.0,15.0,本周价,$15.00,2026-04-21 11:00,0.00,0.00%,上周价,$15.00,周高点,$25.00,周低点,$11.00,,https://www.chinaflashmarket.com/price/ddr,https://www.chinaflashmarket.com/price/ews/100221,https://www.chinaflashmarket.com/price/ews/100221/1,2026-04-22 20:13:57
芯片,DDR,DDR4 8Gb 3200,美元,2026-01-27,周低点,11.00,周高点,25.00,本周价,15.00,11.0,25.0,15.0,本周价,$15.00,2026-04-21 11:00,0.00,0.00%,上周价,$15.00,周高点,$25.00,周低点,$11.00,,https://www.chinaflashmarket.com/price/ddr,https://www.chinaflashmarket.com/price/ews/100221,https://www.chinaflashmarket.com/price/ews/100221/1,2026-04-22 20:13:57
芯片,DDR,DDR4 8Gb eTT,美元,2026-04-21,周低点,6.90,周高点,7.90,本周价,7.40,6.9,7.9,7.4,本周价,$7.40,2026-04-21 11:00,0.00,0.00%,上周价,$7.40,周高点,$7.90,周低点,$6.90,,https://www.chinaflashmarket.com/price/ddr,https://www.chinaflashmarket.com/price/ews/100247,https://www.chinaflashmarket.com/price/ews/100247/1,2026-04-22 20:13:57
芯片,DDR,DDR4 8Gb eTT,美元,2026-04-14,周低点,6.90,周高点,7.90,本周价,7.40,6.9,7.9,7.4,本周价,$7.40,2026-04-21 11:00,0.00,0.00%,上周价,$7.40,周高点,$7.90,周低点,$6.90,,https://www.chinaflashmarket.com/price/ddr,https://www.chinaflashmarket.com/price/ews/100247,https://www.chinaflashmarket.com/price/ews/100247/1,2026-04-22 20:13:57
芯片,DDR,DDR4 8Gb eTT,美元,2026-04-07,周低点,6.90,周高点,7.90,本周价,7.40,6.9,7.9,7.4,本周价,$7.40,2026-04-21 11:00,0.00,0.00%,上周价,$7.40,周高点,$7.90,周低点,$6.90,,https://www.chinaflashmarket.com/price/ddr,https://www.chinaflashmarket.com/price/ews/100247,https://www.chinaflashmarket.com/price/ews/100247/1,2026-04-22 20:13:57
芯片,DDR,DDR4 8Gb eTT,美元,2026-03-31,周低点,6.90,周高点,7.90,本周价,7.40,6.9,7.9,7.4,本周价,$7.40,2026-04-21 11:00,0.00,0.00%,上周价,$7.40,周高点,$7.90,周低点,$6.90,,https://www.chinaflashmarket.com/price/ddr,https://www.chinaflashmarket.com/price/ews/100247,https://www.chinaflashmarket.com/price/ews/100247/1,2026-04-22 20:13:57
芯片,DDR,DDR4 8Gb eTT,美元,2026-03-24,周低点,6.90,周高点,7.90,本周价,7.40,6.9,7.9,7.4,本周价,$7.40,2026-04-21 11:00,0.00,0.00%,上周价,$7.40,周高点,$7.90,周低点,$6.90,,https://www.chinaflashmarket.com/price/ddr,https://www.chinaflashmarket.com/price/ews/100247,https://www.chinaflashmarket.com/price/ews/100247/1,2026-04-22 20:13:57
芯片,DDR,DDR4 8Gb eTT,美元,2026-03-17,周低点,6.90,周高点,7.90,本周价,7.40,6.9,7.9,7.4,本周价,$7.40,2026-04-21 11:00,0.00,0.00%,上周价,$7.40,周高点,$7.90,周低点,$6.90,,https://www.chinaflashmarket.com/price/ddr,https://www.chinaflashmarket.com/price/ews/100247,https://www.chinaflashmarket.com/price/ews/100247/1,2026-04-22 20:13:57
芯片,DDR,DDR4 8Gb eTT,美元,2026-03-10,周低点,6.90,周高点,7.90,本周价,7.40,6.9,7.9,7.4,本周价,$7.40,2026-04-21 11:00,0.00,0.00%,上周价,$7.40,周高点,$7.90,周低点,$6.90,,https://www.chinaflashmarket.com/price/ddr,https://www.chinaflashmarket.com/price/ews/100247,https://www.chinaflashmarket.com/price/ews/100247/1,2026-04-22 20:13:57
芯片,DDR,DDR4 8Gb eTT,美元,2026-03-03,周低点,6.30,周高点,7.30,本周价,6.80,6.3,7.3,6.8,本周价,$7.40,2026-04-21 11:00,0.00,0.00%,上周价,$7.40,周高点,$7.90,周低点,$6.90,,https://www.chinaflashmarket.com/price/ddr,https://www.chinaflashmarket.com/price/ews/100247,https://www.chinaflashmarket.com/price/ews/100247/1,2026-04-22 20:13:57
芯片,DDR,DDR4 8Gb eTT,美元,2026-02-24,周低点,6.30,周高点,7.30,本周价,6.80,6.3,7.3,6.8,本周价,$7.40,2026-04-21 11:00,0.00,0.00%,上周价,$7.40,周高点,$7.90,周低点,$6.90,,https://www.chinaflashmarket.com/price/ddr,https://www.chinaflashmarket.com/price/ews/100247,https://www.chinaflashmarket.com/price/ews/100247/1,2026-04-22 20:13:57
芯片,DDR,DDR4 8Gb eTT,美元,2026-02-10,周低点,6.30,周高点,7.30,本周价,6.80,6.3,7.3,6.8,本周价,$7.40,2026-04-21 11:00,0.00,0.00%,上周价,$7.40,周高点,$7.90,周低点,$6.90,,https://www.chinaflashmarket.com/price/ddr,https://www.chinaflashmarket.com/price/ews/100247,https://www.chinaflashmarket.com/price/ews/100247/1,2026-04-22 20:13:57
芯片,DDR,DDR4 8Gb eTT,美元,2026-02-03,周低点,6.00,周高点,7.00,本周价,6.50,6.0,7.0,6.5,本周价,$7.40,2026-04-21 11:00,0.00,0.00%,上周价,$7.40,周高点,$7.90,周低点,$6.90,,https://www.chinaflashmarket.com/price/ddr,https://www.chinaflashmarket.com/price/ews/100247,https://www.chinaflashmarket.com/price/ews/100247/1,2026-04-22 20:13:57
芯片,DDR,DDR4 8Gb eTT,美元,2026-01-27,周低点,6.00,周高点,7.00,本周价,6.50,6.0,7.0,6.5,本周价,$7.40,2026-04-21 11:00,0.00,0.00%,上周价,$7.40,周高点,$7.90,周低点,$6.90,,https://www.chinaflashmarket.com/price/ddr,https://www.chinaflashmarket.com/price/ews/100247,https://www.chinaflashmarket.com/price/ews/100247/1,2026-04-22 20:13:57
芯片,DDR,DDR4 4Gb eTT,美元,2026-04-21,周低点,2.40,周高点,3.20,本周价,2.70,2.4,3.2,2.7,本周价,$2.70,2026-04-21 11:00,0.00,0.00%,上周价,$2.70,周高点,$3.20,周低点,$2.40,,https://www.chinaflashmarket.com/price/ddr,https://www.chinaflashmarket.com/price/ews/100248,https://www.chinaflashmarket.com/price/ews/100248/1,2026-04-22 20:13:57
芯片,DDR,DDR4 4Gb eTT,美元,2026-04-14,周低点,2.40,周高点,3.20,本周价,2.70,2.4,3.2,2.7,本周价,$2.70,2026-04-21 11:00,0.00,0.00%,上周价,$2.70,周高点,$3.20,周低点,$2.40,,https://www.chinaflashmarket.com/price/ddr,https://www.chinaflashmarket.com/price/ews/100248,https://www.chinaflashmarket.com/price/ews/100248/1,2026-04-22 20:13:57
芯片,DDR,DDR4 4Gb eTT,美元,2026-04-07,周低点,2.40,周高点,3.20,本周价,2.70,2.4,3.2,2.7,本周价,$2.70,2026-04-21 11:00,0.00,0.00%,上周价,$2.70,周高点,$3.20,周低点,$2.40,,https://www.chinaflashmarket.com/price/ddr,https://www.chinaflashmarket.com/price/ews/100248,https://www.chinaflashmarket.com/price/ews/100248/1,2026-04-22 20:13:57
芯片,DDR,DDR4 4Gb eTT,美元,2026-03-31,周低点,2.40,周高点,3.20,本周价,2.70,2.4,3.2,2.7,本周价,$2.70,2026-04-21 11:00,0.00,0.00%,上周价,$2.70,周高点,$3.20,周低点,$2.40,,https://www.chinaflashmarket.com/price/ddr,https://www.chinaflashmarket.com/price/ews/100248,https://www.chinaflashmarket.com/price/ews/100248/1,2026-04-22 20:13:57
芯片,DDR,DDR4 4Gb eTT,美元,2026-03-24,周低点,2.40,周高点,3.20,本周价,2.70,2.4,3.2,2.7,本周价,$2.70,2026-04-21 11:00,0.00,0.00%,上周价,$2.70,周高点,$3.20,周低点,$2.40,,https://www.chinaflashmarket.com/price/ddr,https://www.chinaflashmarket.com/price/ews/100248,https://www.chinaflashmarket.com/price/ews/100248/1,2026-04-22 20:13:57
芯片,DDR,DDR4 4Gb eTT,美元,2026-03-17,周低点,2.40,周高点,3.20,本周价,2.70,2.4,3.2,2.7,本周价,$2.70,2026-04-21 11:00,0.00,0.00%,上周价,$2.70,周高点,$3.20,周低点,$2.40,,https://www.chinaflashmarket.com/price/ddr,https://www.chinaflashmarket.com/price/ews/100248,https://www.chinaflashmarket.com/price/ews/100248/1,2026-04-22 20:13:57
芯片,DDR,DDR4 4Gb eTT,美元,2026-03-10,周低点,2.40,周高点,3.20,本周价,2.70,2.4,3.2,2.7,本周价,$2.70,2026-04-21 11:00,0.00,0.00%,上周价,$2.70,周高点,$3.20,周低点,$2.40,,https://www.chinaflashmarket.com/price/ddr,https://www.chinaflashmarket.com/price/ews/100248,https://www.chinaflashmarket.com/price/ews/100248/1,2026-04-22 20:13:57
芯片,DDR,DDR4 4Gb eTT,美元,2026-03-03,周低点,2.40,周高点,3.20,本周价,2.70,2.4,3.2,2.7,本周价,$2.70,2026-04-21 11:00,0.00,0.00%,上周价,$2.70,周高点,$3.20,周低点,$2.40,,https://www.chinaflashmarket.com/price/ddr,https://www.chinaflashmarket.com/price/ews/100248,https://www.chinaflashmarket.com/price/ews/100248/1,2026-04-22 20:13:57
芯片,DDR,DDR4 4Gb eTT,美元,2026-02-24,周低点,2.40,周高点,3.20,本周价,2.70,2.4,3.2,2.7,本周价,$2.70,2026-04-21 11:00,0.00,0.00%,上周价,$2.70,周高点,$3.20,周低点,$2.40,,https://www.chinaflashmarket.com/price/ddr,https://www.chinaflashmarket.com/price/ews/100248,https://www.chinaflashmarket.com/price/ews/100248/1,2026-04-22 20:13:57
芯片,DDR,DDR4 4Gb eTT,美元,2026-02-10,周低点,2.40,周高点,3.20,本周价,2.70,2.4,3.2,2.7,本周价,$2.70,2026-04-21 11:00,0.00,0.00%,上周价,$2.70,周高点,$3.20,周低点,$2.40,,https://www.chinaflashmarket.com/price/ddr,https://www.chinaflashmarket.com/price/ews/100248,https://www.chinaflashmarket.com/price/ews/100248/1,2026-04-22 20:13:57
芯片,DDR,DDR4 4Gb eTT,美元,2026-02-03,周低点,2.20,周高点,3.00,本周价,2.50,2.2,3.0,2.5,本周价,$2.70,2026-04-21 11:00,0.00,0.00%,上周价,$2.70,周高点,$3.20,周低点,$2.40,,https://www.chinaflashmarket.com/price/ddr,https://www.chinaflashmarket.com/price/ews/100248,https://www.chinaflashmarket.com/price/ews/100248/1,2026-04-22 20:13:57
芯片,DDR,DDR4 4Gb eTT,美元,2026-01-27,周低点,2.20,周高点,3.00,本周价,2.50,2.2,3.0,2.5,本周价,$2.70,2026-04-21 11:00,0.00,0.00%,上周价,$2.70,周高点,$3.20,周低点,$2.40,,https://www.chinaflashmarket.com/price/ddr,https://www.chinaflashmarket.com/price/ews/100248,https://www.chinaflashmarket.com/price/ews/100248/1,2026-04-22 20:13:57
芯片,DDR,DDR5 24Gb Major,美元,2026-04-21,周低点,32.00,周高点,40.00,本周价,36.00,32.0,40.0,36.0,本周价,$36.00,2026-04-21 11:00,0.00,0.00%,上周价,$36.00,周高点,$40.00,周低点,$32.00,,https://www.chinaflashmarket.com/price/ddr,https://www.chinaflashmarket.com/price/ews/100265,https://www.chinaflashmarket.com/price/ews/100265/1,2026-04-22 20:13:57
芯片,DDR,DDR5 24Gb Major,美元,2026-04-14,周低点,32.00,周高点,40.00,本周价,36.00,32.0,40.0,36.0,本周价,$36.00,2026-04-21 11:00,0.00,0.00%,上周价,$36.00,周高点,$40.00,周低点,$32.00,,https://www.chinaflashmarket.com/price/ddr,https://www.chinaflashmarket.com/price/ews/100265,https://www.chinaflashmarket.com/price/ews/100265/1,2026-04-22 20:13:57
芯片,DDR,DDR5 24Gb Major,美元,2026-04-07,周低点,32.00,周高点,40.00,本周价,36.00,32.0,40.0,36.0,本周价,$36.00,2026-04-21 11:00,0.00,0.00%,上周价,$36.00,周高点,$40.00,周低点,$32.00,,https://www.chinaflashmarket.com/price/ddr,https://www.chinaflashmarket.com/price/ews/100265,https://www.chinaflashmarket.com/price/ews/100265/1,2026-04-22 20:13:57
芯片,DDR,DDR5 24Gb Major,美元,2026-03-31,周低点,32.00,周高点,40.00,本周价,36.00,32.0,40.0,36.0,本周价,$36.00,2026-04-21 11:00,0.00,0.00%,上周价,$36.00,周高点,$40.00,周低点,$32.00,,https://www.chinaflashmarket.com/price/ddr,https://www.chinaflashmarket.com/price/ews/100265,https://www.chinaflashmarket.com/price/ews/100265/1,2026-04-22 20:13:57
芯片,DDR,DDR5 24Gb Major,美元,2026-03-24,周低点,32.00,周高点,40.00,本周价,36.00,32.0,40.0,36.0,本周价,$36.00,2026-04-21 11:00,0.00,0.00%,上周价,$36.00,周高点,$40.00,周低点,$32.00,,https://www.chinaflashmarket.com/price/ddr,https://www.chinaflashmarket.com/price/ews/100265,https://www.chinaflashmarket.com/price/ews/100265/1,2026-04-22 20:13:57
芯片,DDR,DDR5 24Gb Major,美元,2026-03-17,周低点,32.00,周高点,40.00,本周价,36.00,32.0,40.0,36.0,本周价,$36.00,2026-04-21 11:00,0.00,0.00%,上周价,$36.00,周高点,$40.00,周低点,$32.00,,https://www.chinaflashmarket.com/price/ddr,https://www.chinaflashmarket.com/price/ews/100265,https://www.chinaflashmarket.com/price/ews/100265/1,2026-04-22 20:13:57
芯片,DDR,DDR5 24Gb Major,美元,2026-03-10,周低点,32.00,周高点,40.00,本周价,36.00,32.0,40.0,36.0,本周价,$36.00,2026-04-21 11:00,0.00,0.00%,上周价,$36.00,周高点,$40.00,周低点,$32.00,,https://www.chinaflashmarket.com/price/ddr,https://www.chinaflashmarket.com/price/ews/100265,https://www.chinaflashmarket.com/price/ews/100265/1,2026-04-22 20:13:57
芯片,DDR,DDR5 24Gb Major,美元,2026-03-03,周低点,32.00,周高点,40.00,本周价,36.00,32.0,40.0,36.0,本周价,$36.00,2026-04-21 11:00,0.00,0.00%,上周价,$36.00,周高点,$40.00,周低点,$32.00,,https://www.chinaflashmarket.com/price/ddr,https://www.chinaflashmarket.com/price/ews/100265,https://www.chinaflashmarket.com/price/ews/100265/1,2026-04-22 20:13:57
芯片,DDR,DDR5 24Gb Major,美元,2026-02-24,周低点,32.00,周高点,40.00,本周价,36.00,32.0,40.0,36.0,本周价,$36.00,2026-04-21 11:00,0.00,0.00%,上周价,$36.00,周高点,$40.00,周低点,$32.00,,https://www.chinaflashmarket.com/price/ddr,https://www.chinaflashmarket.com/price/ews/100265,https://www.chinaflashmarket.com/price/ews/100265/1,2026-04-22 20:13:57
芯片,DDR,DDR5 24Gb Major,美元,2026-02-10,周低点,32.00,周高点,40.00,本周价,36.00,32.0,40.0,36.0,本周价,$36.00,2026-04-21 11:00,0.00,0.00%,上周价,$36.00,周高点,$40.00,周低点,$32.00,,https://www.chinaflashmarket.com/price/ddr,https://www.chinaflashmarket.com/price/ews/100265,https://www.chinaflashmarket.com/price/ews/100265/1,2026-04-22 20:13:57
芯片,DDR,DDR5 24Gb Major,美元,2026-02-03,周低点,32.00,周高点,40.00,本周价,36.00,32.0,40.0,36.0,本周价,$36.00,2026-04-21 11:00,0.00,0.00%,上周价,$36.00,周高点,$40.00,周低点,$32.00,,https://www.chinaflashmarket.com/price/ddr,https://www.chinaflashmarket.com/price/ews/100265,https://www.chinaflashmarket.com/price/ews/100265/1,2026-04-22 20:13:57
芯片,DDR,DDR5 24Gb Major,美元,2026-01-27,周低点,32.00,周高点,40.00,本周价,36.00,32.0,40.0,36.0,本周价,$36.00,2026-04-21 11:00,0.00,0.00%,上周价,$36.00,周高点,$40.00,周低点,$32.00,,https://www.chinaflashmarket.com/price/ddr,https://www.chinaflashmarket.com/price/ews/100265,https://www.chinaflashmarket.com/price/ews/100265/1,2026-04-22 20:13:57
芯片,DDR,DDR5 16Gb Major,美元,2026-04-21,周低点,28.00,周高点,32.00,本周价,30.00,28.0,32.0,30.0,本周价,$30.00,2026-04-21 11:00,0.00,0.00%,上周价,$30.00,周高点,$32.00,周低点,$28.00,,https://www.chinaflashmarket.com/price/ddr,https://www.chinaflashmarket.com/price/ews/100266,https://www.chinaflashmarket.com/price/ews/100266/1,2026-04-22 20:13:57
芯片,DDR,DDR5 16Gb Major,美元,2026-04-14,周低点,28.00,周高点,32.00,本周价,30.00,28.0,32.0,30.0,本周价,$30.00,2026-04-21 11:00,0.00,0.00%,上周价,$30.00,周高点,$32.00,周低点,$28.00,,https://www.chinaflashmarket.com/price/ddr,https://www.chinaflashmarket.com/price/ews/100266,https://www.chinaflashmarket.com/price/ews/100266/1,2026-04-22 20:13:57
芯片,DDR,DDR5 16Gb Major,美元,2026-04-07,周低点,28.00,周高点,32.00,本周价,30.00,28.0,32.0,30.0,本周价,$30.00,2026-04-21 11:00,0.00,0.00%,上周价,$30.00,周高点,$32.00,周低点,$28.00,,https://www.chinaflashmarket.com/price/ddr,https://www.chinaflashmarket.com/price/ews/100266,https://www.chinaflashmarket.com/price/ews/100266/1,2026-04-22 20:13:57
芯片,DDR,DDR5 16Gb Major,美元,2026-03-31,周低点,28.00,周高点,32.00,本周价,30.00,28.0,32.0,30.0,本周价,$30.00,2026-04-21 11:00,0.00,0.00%,上周价,$30.00,周高点,$32.00,周低点,$28.00,,https://www.chinaflashmarket.com/price/ddr,https://www.chinaflashmarket.com/price/ews/100266,https://www.chinaflashmarket.com/price/ews/100266/1,2026-04-22 20:13:57
芯片,DDR,DDR5 16Gb Major,美元,2026-03-24,周低点,28.00,周高点,32.00,本周价,30.00,28.0,32.0,30.0,本周价,$30.00,2026-04-21 11:00,0.00,0.00%,上周价,$30.00,周高点,$32.00,周低点,$28.00,,https://www.chinaflashmarket.com/price/ddr,https://www.chinaflashmarket.com/price/ews/100266,https://www.chinaflashmarket.com/price/ews/100266/1,2026-04-22 20:13:57
芯片,DDR,DDR5 16Gb Major,美元,2026-03-17,周低点,28.00,周高点,32.00,本周价,30.00,28.0,32.0,30.0,本周价,$30.00,2026-04-21 11:00,0.00,0.00%,上周价,$30.00,周高点,$32.00,周低点,$28.00,,https://www.chinaflashmarket.com/price/ddr,https://www.chinaflashmarket.com/price/ews/100266,https://www.chinaflashmarket.com/price/ews/100266/1,2026-04-22 20:13:57
芯片,DDR,DDR5 16Gb Major,美元,2026-03-10,周低点,28.00,周高点,32.00,本周价,30.00,28.0,32.0,30.0,本周价,$30.00,2026-04-21 11:00,0.00,0.00%,上周价,$30.00,周高点,$32.00,周低点,$28.00,,https://www.chinaflashmarket.com/price/ddr,https://www.chinaflashmarket.com/price/ews/100266,https://www.chinaflashmarket.com/price/ews/100266/1,2026-04-22 20:13:57
芯片,DDR,DDR5 16Gb Major,美元,2026-03-03,周低点,28.00,周高点,32.00,本周价,30.00,28.0,32.0,30.0,本周价,$30.00,2026-04-21 11:00,0.00,0.00%,上周价,$30.00,周高点,$32.00,周低点,$28.00,,https://www.chinaflashmarket.com/price/ddr,https://www.chinaflashmarket.com/price/ews/100266,https://www.chinaflashmarket.com/price/ews/100266/1,2026-04-22 20:13:57
芯片,DDR,DDR5 16Gb Major,美元,2026-02-24,周低点,28.00,周高点,32.00,本周价,30.00,28.0,32.0,30.0,本周价,$30.00,2026-04-21 11:00,0.00,0.00%,上周价,$30.00,周高点,$32.00,周低点,$28.00,,https://www.chinaflashmarket.com/price/ddr,https://www.chinaflashmarket.com/price/ews/100266,https://www.chinaflashmarket.com/price/ews/100266/1,2026-04-22 20:13:57
芯片,DDR,DDR5 16Gb Major,美元,2026-02-10,周低点,28.00,周高点,32.00,本周价,30.00,28.0,32.0,30.0,本周价,$30.00,2026-04-21 11:00,0.00,0.00%,上周价,$30.00,周高点,$32.00,周低点,$28.00,,https://www.chinaflashmarket.com/price/ddr,https://www.chinaflashmarket.com/price/ews/100266,https://www.chinaflashmarket.com/price/ews/100266/1,2026-04-22 20:13:57
芯片,DDR,DDR5 16Gb Major,美元,2026-02-03,周低点,28.00,周高点,32.00,本周价,30.00,28.0,32.0,30.0,本周价,$30.00,2026-04-21 11:00,0.00,0.00%,上周价,$30.00,周高点,$32.00,周低点,$28.00,,https://www.chinaflashmarket.com/price/ddr,https://www.chinaflashmarket.com/price/ews/100266,https://www.chinaflashmarket.com/price/ews/100266/1,2026-04-22 20:13:57
芯片,DDR,DDR5 16Gb Major,美元,2026-01-27,周低点,28.00,周高点,32.00,本周价,30.00,28.0,32.0,30.0,本周价,$30.00,2026-04-21 11:00,0.00,0.00%,上周价,$30.00,周高点,$32.00,周低点,$28.00,,https://www.chinaflashmarket.com/price/ddr,https://www.chinaflashmarket.com/price/ews/100266,https://www.chinaflashmarket.com/price/ews/100266/1,2026-04-22 20:13:57
芯片,DDR,DDR5 16Gb eTT,美元,2026-04-21,周低点,20.00,周高点,23.00,本周价,22.00,20.0,23.0,22.0,本周价,$22.00,2026-04-21 11:00,0.00,0.00%,上周价,$22.00,周高点,$23.00,周低点,$20.00,,https://www.chinaflashmarket.com/price/ddr,https://www.chinaflashmarket.com/price/ews/100267,https://www.chinaflashmarket.com/price/ews/100267/1,2026-04-22 20:13:57
芯片,DDR,DDR5 16Gb eTT,美元,2026-04-14,周低点,20.00,周高点,23.00,本周价,22.00,20.0,23.0,22.0,本周价,$22.00,2026-04-21 11:00,0.00,0.00%,上周价,$22.00,周高点,$23.00,周低点,$20.00,,https://www.chinaflashmarket.com/price/ddr,https://www.chinaflashmarket.com/price/ews/100267,https://www.chinaflashmarket.com/price/ews/100267/1,2026-04-22 20:13:57
芯片,DDR,DDR5 16Gb eTT,美元,2026-04-07,周低点,21.00,周高点,24.00,本周价,23.00,21.0,24.0,23.0,本周价,$22.00,2026-04-21 11:00,0.00,0.00%,上周价,$22.00,周高点,$23.00,周低点,$20.00,,https://www.chinaflashmarket.com/price/ddr,https://www.chinaflashmarket.com/price/ews/100267,https://www.chinaflashmarket.com/price/ews/100267/1,2026-04-22 20:13:57
芯片,DDR,DDR5 16Gb eTT,美元,2026-03-31,周低点,21.00,周高点,24.00,本周价,23.00,21.0,24.0,23.0,本周价,$22.00,2026-04-21 11:00,0.00,0.00%,上周价,$22.00,周高点,$23.00,周低点,$20.00,,https://www.chinaflashmarket.com/price/ddr,https://www.chinaflashmarket.com/price/ews/100267,https://www.chinaflashmarket.com/price/ews/100267/1,2026-04-22 20:13:57
芯片,DDR,DDR5 16Gb eTT,美元,2026-03-24,周低点,24.00,周高点,27.00,本周价,26.00,24.0,27.0,26.0,本周价,$22.00,2026-04-21 11:00,0.00,0.00%,上周价,$22.00,周高点,$23.00,周低点,$20.00,,https://www.chinaflashmarket.com/price/ddr,https://www.chinaflashmarket.com/price/ews/100267,https://www.chinaflashmarket.com/price/ews/100267/1,2026-04-22 20:13:57
芯片,DDR,DDR5 16Gb eTT,美元,2026-03-17,周低点,24.00,周高点,27.00,本周价,26.00,24.0,27.0,26.0,本周价,$22.00,2026-04-21 11:00,0.00,0.00%,上周价,$22.00,周高点,$23.00,周低点,$20.00,,https://www.chinaflashmarket.com/price/ddr,https://www.chinaflashmarket.com/price/ews/100267,https://www.chinaflashmarket.com/price/ews/100267/1,2026-04-22 20:13:57
芯片,DDR,DDR5 16Gb eTT,美元,2026-03-10,周低点,24.00,周高点,27.00,本周价,26.00,24.0,27.0,26.0,本周价,$22.00,2026-04-21 11:00,0.00,0.00%,上周价,$22.00,周高点,$23.00,周低点,$20.00,,https://www.chinaflashmarket.com/price/ddr,https://www.chinaflashmarket.com/price/ews/100267,https://www.chinaflashmarket.com/price/ews/100267/1,2026-04-22 20:13:57
芯片,DDR,DDR5 16Gb eTT,美元,2026-03-03,周低点,22.00,周高点,25.00,本周价,24.00,22.0,25.0,24.0,本周价,$22.00,2026-04-21 11:00,0.00,0.00%,上周价,$22.00,周高点,$23.00,周低点,$20.00,,https://www.chinaflashmarket.com/price/ddr,https://www.chinaflashmarket.com/price/ews/100267,https://www.chinaflashmarket.com/price/ews/100267/1,2026-04-22 20:13:57
芯片,DDR,DDR5 16Gb eTT,美元,2026-02-24,周低点,22.00,周高点,25.00,本周价,24.00,22.0,25.0,24.0,本周价,$22.00,2026-04-21 11:00,0.00,0.00%,上周价,$22.00,周高点,$23.00,周低点,$20.00,,https://www.chinaflashmarket.com/price/ddr,https://www.chinaflashmarket.com/price/ews/100267,https://www.chinaflashmarket.com/price/ews/100267/1,2026-04-22 20:13:57
芯片,DDR,DDR5 16Gb eTT,美元,2026-02-10,周低点,22.00,周高点,25.00,本周价,24.00,22.0,25.0,24.0,本周价,$22.00,2026-04-21 11:00,0.00,0.00%,上周价,$22.00,周高点,$23.00,周低点,$20.00,,https://www.chinaflashmarket.com/price/ddr,https://www.chinaflashmarket.com/price/ews/100267,https://www.chinaflashmarket.com/price/ews/100267/1,2026-04-22 20:13:57
芯片,DDR,DDR5 16Gb eTT,美元,2026-02-03,周低点,20.00,周高点,23.00,本周价,22.00,20.0,23.0,22.0,本周价,$22.00,2026-04-21 11:00,0.00,0.00%,上周价,$22.00,周高点,$23.00,周低点,$20.00,,https://www.chinaflashmarket.com/price/ddr,https://www.chinaflashmarket.com/price/ews/100267,https://www.chinaflashmarket.com/price/ews/100267/1,2026-04-22 20:13:57
芯片,DDR,DDR5 16Gb eTT,美元,2026-01-27,周低点,20.00,周高点,23.00,本周价,22.00,20.0,23.0,22.0,本周价,$22.00,2026-04-21 11:00,0.00,0.00%,上周价,$22.00,周高点,$23.00,周低点,$20.00,,https://www.chinaflashmarket.com/price/ddr,https://www.chinaflashmarket.com/price/ews/100267,https://www.chinaflashmarket.com/price/ews/100267/1,2026-04-22 20:13:57
服务器,内存条(服务器),DDR4 RDIMM 16GB 3200,美元,2026-04-07,月低点,240.00,月高点,350.00,本月价,300.00,240.0,350.0,300.0,4月价格,$300,2026-04-07 11:00,0,0%,3月价格,$300,月高点,$350,月低点,$240,,https://www.chinaflashmarket.com/price/rdimmcontract,https://www.chinaflashmarket.com/price/ems/100254,https://www.chinaflashmarket.com/price/ems/100254/1,2026-04-22 20:13:57
服务器,内存条(服务器),DDR4 RDIMM 16GB 3200,美元,2026-03-10,月低点,240.00,月高点,350.00,本月价,300.00,240.0,350.0,300.0,4月价格,$300,2026-04-07 11:00,0,0%,3月价格,$300,月高点,$350,月低点,$240,,https://www.chinaflashmarket.com/price/rdimmcontract,https://www.chinaflashmarket.com/price/ems/100254,https://www.chinaflashmarket.com/price/ems/100254/1,2026-04-22 20:13:57
服务器,内存条(服务器),DDR4 RDIMM 16GB 3200,美元,2026-02-10,月低点,240.00,月高点,350.00,本月价,300.00,240.0,350.0,300.0,4月价格,$300,2026-04-07 11:00,0,0%,3月价格,$300,月高点,$350,月低点,$240,,https://www.chinaflashmarket.com/price/rdimmcontract,https://www.chinaflashmarket.com/price/ems/100254,https://www.chinaflashmarket.com/price/ems/100254/1,2026-04-22 20:13:57
服务器,内存条(服务器),DDR4 RDIMM 32GB 3200,美元,2026-04-07,月低点,280.00,月高点,750.00,本月价,450.00,280.0,750.0,450.0,4月价格,$450,2026-04-07 11:00,0,0%,3月价格,$450,月高点,$750,月低点,$280,,https://www.chinaflashmarket.com/price/rdimmcontract,https://www.chinaflashmarket.com/price/ems/100255,https://www.chinaflashmarket.com/price/ems/100255/1,2026-04-22 20:13:57
服务器,内存条(服务器),DDR4 RDIMM 32GB 3200,美元,2026-03-10,月低点,280.00,月高点,730.00,本月价,450.00,280.0,730.0,450.0,4月价格,$450,2026-04-07 11:00,0,0%,3月价格,$450,月高点,$750,月低点,$280,,https://www.chinaflashmarket.com/price/rdimmcontract,https://www.chinaflashmarket.com/price/ems/100255,https://www.chinaflashmarket.com/price/ems/100255/1,2026-04-22 20:13:57
服务器,内存条(服务器),DDR4 RDIMM 32GB 3200,美元,2026-02-10,月低点,280.00,月高点,730.00,本月价,450.00,280.0,730.0,450.0,4月价格,$450,2026-04-07 11:00,0,0%,3月价格,$450,月高点,$750,月低点,$280,,https://www.chinaflashmarket.com/price/rdimmcontract,https://www.chinaflashmarket.com/price/ems/100255,https://www.chinaflashmarket.com/price/ems/100255/1,2026-04-22 20:13:57
服务器,内存条(服务器),DDR4 RDIMM 64GB 3200,美元,2026-04-07,月低点,600.00,月高点,1300.00,本月价,800.00,600.0,1300.0,800.0,4月价格,$800,2026-04-07 11:00,0,0%,3月价格,$800,月高点,$1300,月低点,$600,,https://www.chinaflashmarket.com/price/rdimmcontract,https://www.chinaflashmarket.com/price/ems/100256,https://www.chinaflashmarket.com/price/ems/100256/1,2026-04-22 20:13:57
服务器,内存条(服务器),DDR4 RDIMM 64GB 3200,美元,2026-03-10,月低点,600.00,月高点,1000.00,本月价,800.00,600.0,1000.0,800.0,4月价格,$800,2026-04-07 11:00,0,0%,3月价格,$800,月高点,$1300,月低点,$600,,https://www.chinaflashmarket.com/price/rdimmcontract,https://www.chinaflashmarket.com/price/ems/100256,https://www.chinaflashmarket.com/price/ems/100256/1,2026-04-22 20:13:57
服务器,内存条(服务器),DDR4 RDIMM 64GB 3200,美元,2026-02-10,月低点,600.00,月高点,1000.00,本月价,800.00,600.0,1000.0,800.0,4月价格,$800,2026-04-07 11:00,0,0%,3月价格,$800,月高点,$1300,月低点,$600,,https://www.chinaflashmarket.com/price/rdimmcontract,https://www.chinaflashmarket.com/price/ems/100256,https://www.chinaflashmarket.com/price/ems/100256/1,2026-04-22 20:13:57
服务器,内存条(服务器),DDR5 RDIMM 32GB,美元,2026-04-07,月低点,635.00,月高点,800.00,本月价,650.00,635.0,800.0,650.0,4月价格,$650,2026-04-07 11:00,+150,+30%,3月价格,$500,月高点,$800,月低点,$635,,https://www.chinaflashmarket.com/price/rdimmcontract,https://www.chinaflashmarket.com/price/ems/100262,https://www.chinaflashmarket.com/price/ems/100262/1,2026-04-22 20:13:57
服务器,内存条(服务器),DDR5 RDIMM 32GB,美元,2026-03-10,月低点,490.00,月高点,800.00,本月价,500.00,490.0,800.0,500.0,4月价格,$650,2026-04-07 11:00,+150,+30%,3月价格,$500,月高点,$800,月低点,$635,,https://www.chinaflashmarket.com/price/rdimmcontract,https://www.chinaflashmarket.com/price/ems/100262,https://www.chinaflashmarket.com/price/ems/100262/1,2026-04-22 20:13:57
服务器,内存条(服务器),DDR5 RDIMM 32GB,美元,2026-02-10,月低点,490.00,月高点,800.00,本月价,500.00,490.0,800.0,500.0,4月价格,$650,2026-04-07 11:00,+150,+30%,3月价格,$500,月高点,$800,月低点,$635,,https://www.chinaflashmarket.com/price/rdimmcontract,https://www.chinaflashmarket.com/price/ems/100262,https://www.chinaflashmarket.com/price/ems/100262/1,2026-04-22 20:13:57
服务器,内存条(服务器),DDR5 RDIMM 64GB,美元,2026-04-07,月低点,1200.00,月高点,2300.00,本月价,1220.00,1200.0,2300.0,1220.0,4月价格,$1220,2026-04-07 11:00,+300,+33%,3月价格,$920,月高点,$2300,月低点,$1200,,https://www.chinaflashmarket.com/price/rdimmcontract,https://www.chinaflashmarket.com/price/ems/100263,https://www.chinaflashmarket.com/price/ems/100263/1,2026-04-22 20:13:57
服务器,内存条(服务器),DDR5 RDIMM 64GB,美元,2026-03-10,月低点,830.00,月高点,2500.00,本月价,920.00,830.0,2500.0,920.0,4月价格,$1220,2026-04-07 11:00,+300,+33%,3月价格,$920,月高点,$2300,月低点,$1200,,https://www.chinaflashmarket.com/price/rdimmcontract,https://www.chinaflashmarket.com/price/ems/100263,https://www.chinaflashmarket.com/price/ems/100263/1,2026-04-22 20:13:57
服务器,内存条(服务器),DDR5 RDIMM 64GB,美元,2026-02-10,月低点,830.00,月高点,2500.00,本月价,920.00,830.0,2500.0,920.0,4月价格,$1220,2026-04-07 11:00,+300,+33%,3月价格,$920,月高点,$2300,月低点,$1200,,https://www.chinaflashmarket.com/price/rdimmcontract,https://www.chinaflashmarket.com/price/ems/100263,https://www.chinaflashmarket.com/price/ems/100263/1,2026-04-22 20:13:57
服务器,内存条(服务器),DDR5 RDIMM 96GB,美元,2026-04-07,月低点,1950.00,月高点,4000.00,本月价,1980.00,1950.0,4000.0,1980.0,4月价格,$1980,2026-04-07 11:00,+380,+24%,3月价格,$1600,月高点,$4000,月低点,$1950,,https://www.chinaflashmarket.com/price/rdimmcontract,https://www.chinaflashmarket.com/price/ems/100264,https://www.chinaflashmarket.com/price/ems/100264/1,2026-04-22 20:13:57
服务器,内存条(服务器),DDR5 RDIMM 96GB,美元,2026-03-10,月低点,1350.00,月高点,4000.00,本月价,1600.00,1350.0,4000.0,1600.0,4月价格,$1980,2026-04-07 11:00,+380,+24%,3月价格,$1600,月高点,$4000,月低点,$1950,,https://www.chinaflashmarket.com/price/rdimmcontract,https://www.chinaflashmarket.com/price/ems/100264,https://www.chinaflashmarket.com/price/ems/100264/1,2026-04-22 20:13:57
服务器,内存条(服务器),DDR5 RDIMM 96GB,美元,2026-02-10,月低点,1350.00,月高点,4000.00,本月价,1600.00,1350.0,4000.0,1600.0,4月价格,$1980,2026-04-07 11:00,+380,+24%,3月价格,$1600,月高点,$4000,月低点,$1950,,https://www.chinaflashmarket.com/price/rdimmcontract,https://www.chinaflashmarket.com/price/ems/100264,https://www.chinaflashmarket.com/price/ems/100264/1,2026-04-22 20:13:57
PC,内存条(渠道市场),DDR4 UDIMM 8GB 3200,美元,2026-04-21,周低点,40.00,周高点,47.00,本周价,42.00,40.0,47.0,42.0,本周价,$42.00,2026-04-21 11:00,-2.00,-4.55%,上周价,$44.00,周高点,$47.00,周低点,$40.00,,https://www.chinaflashmarket.com/price/ddrchannel,https://www.chinaflashmarket.com/price/ews/100223,https://www.chinaflashmarket.com/price/ews/100223/1,2026-04-22 20:13:57
PC,内存条(渠道市场),DDR4 UDIMM 8GB 3200,美元,2026-04-14,周低点,42.00,周高点,49.00,本周价,44.00,42.0,49.0,44.0,本周价,$42.00,2026-04-21 11:00,-2.00,-4.55%,上周价,$44.00,周高点,$47.00,周低点,$40.00,,https://www.chinaflashmarket.com/price/ddrchannel,https://www.chinaflashmarket.com/price/ews/100223,https://www.chinaflashmarket.com/price/ews/100223/1,2026-04-22 20:13:57
PC,内存条(渠道市场),DDR4 UDIMM 8GB 3200,美元,2026-04-07,周低点,43.00,周高点,50.00,本周价,45.00,43.0,50.0,45.0,本周价,$42.00,2026-04-21 11:00,-2.00,-4.55%,上周价,$44.00,周高点,$47.00,周低点,$40.00,,https://www.chinaflashmarket.com/price/ddrchannel,https://www.chinaflashmarket.com/price/ews/100223,https://www.chinaflashmarket.com/price/ews/100223/1,2026-04-22 20:13:57
PC,内存条(渠道市场),DDR4 UDIMM 8GB 3200,美元,2026-03-31,周低点,43.00,周高点,50.00,本周价,45.00,43.0,50.0,45.0,本周价,$42.00,2026-04-21 11:00,-2.00,-4.55%,上周价,$44.00,周高点,$47.00,周低点,$40.00,,https://www.chinaflashmarket.com/price/ddrchannel,https://www.chinaflashmarket.com/price/ews/100223,https://www.chinaflashmarket.com/price/ews/100223/1,2026-04-22 20:13:57
PC,内存条(渠道市场),DDR4 UDIMM 8GB 3200,美元,2026-03-24,周低点,58.00,周高点,65.00,本周价,60.00,58.0,65.0,60.0,本周价,$42.00,2026-04-21 11:00,-2.00,-4.55%,上周价,$44.00,周高点,$47.00,周低点,$40.00,,https://www.chinaflashmarket.com/price/ddrchannel,https://www.chinaflashmarket.com/price/ews/100223,https://www.chinaflashmarket.com/price/ews/100223/1,2026-04-22 20:13:57
PC,内存条(渠道市场),DDR4 UDIMM 8GB 3200,美元,2026-03-17,周低点,58.00,周高点,65.00,本周价,60.00,58.0,65.0,60.0,本周价,$42.00,2026-04-21 11:00,-2.00,-4.55%,上周价,$44.00,周高点,$47.00,周低点,$40.00,,https://www.chinaflashmarket.com/price/ddrchannel,https://www.chinaflashmarket.com/price/ews/100223,https://www.chinaflashmarket.com/price/ews/100223/1,2026-04-22 20:13:57
PC,内存条(渠道市场),DDR4 UDIMM 8GB 3200,美元,2026-03-10,周低点,58.00,周高点,65.00,本周价,60.00,58.0,65.0,60.0,本周价,$42.00,2026-04-21 11:00,-2.00,-4.55%,上周价,$44.00,周高点,$47.00,周低点,$40.00,,https://www.chinaflashmarket.com/price/ddrchannel,https://www.chinaflashmarket.com/price/ews/100223,https://www.chinaflashmarket.com/price/ews/100223/1,2026-04-22 20:13:57
PC,内存条(渠道市场),DDR4 UDIMM 8GB 3200,美元,2026-03-03,周低点,48.00,周高点,55.00,本周价,50.00,48.0,55.0,50.0,本周价,$42.00,2026-04-21 11:00,-2.00,-4.55%,上周价,$44.00,周高点,$47.00,周低点,$40.00,,https://www.chinaflashmarket.com/price/ddrchannel,https://www.chinaflashmarket.com/price/ews/100223,https://www.chinaflashmarket.com/price/ews/100223/1,2026-04-22 20:13:57
PC,内存条(渠道市场),DDR4 UDIMM 8GB 3200,美元,2026-02-24,周低点,48.00,周高点,55.00,本周价,50.00,48.0,55.0,50.0,本周价,$42.00,2026-04-21 11:00,-2.00,-4.55%,上周价,$44.00,周高点,$47.00,周低点,$40.00,,https://www.chinaflashmarket.com/price/ddrchannel,https://www.chinaflashmarket.com/price/ews/100223,https://www.chinaflashmarket.com/price/ews/100223/1,2026-04-22 20:13:57
PC,内存条(渠道市场),DDR4 UDIMM 8GB 3200,美元,2026-02-10,周低点,48.00,周高点,55.00,本周价,50.00,48.0,55.0,50.0,本周价,$42.00,2026-04-21 11:00,-2.00,-4.55%,上周价,$44.00,周高点,$47.00,周低点,$40.00,,https://www.chinaflashmarket.com/price/ddrchannel,https://www.chinaflashmarket.com/price/ews/100223,https://www.chinaflashmarket.com/price/ews/100223/1,2026-04-22 20:13:57
PC,内存条(渠道市场),DDR4 UDIMM 8GB 3200,美元,2026-02-03,周低点,48.00,周高点,55.00,本周价,50.00,48.0,55.0,50.0,本周价,$42.00,2026-04-21 11:00,-2.00,-4.55%,上周价,$44.00,周高点,$47.00,周低点,$40.00,,https://www.chinaflashmarket.com/price/ddrchannel,https://www.chinaflashmarket.com/price/ews/100223,https://www.chinaflashmarket.com/price/ews/100223/1,2026-04-22 20:13:57
PC,内存条(渠道市场),DDR4 UDIMM 8GB 3200,美元,2026-01-27,周低点,48.00,周高点,55.00,本周价,50.00,48.0,55.0,50.0,本周价,$42.00,2026-04-21 11:00,-2.00,-4.55%,上周价,$44.00,周高点,$47.00,周低点,$40.00,,https://www.chinaflashmarket.com/price/ddrchannel,https://www.chinaflashmarket.com/price/ews/100223,https://www.chinaflashmarket.com/price/ews/100223/1,2026-04-22 20:13:57
PC,内存条(渠道市场),DDR4 UDIMM 16GB 3200,美元,2026-04-21,周低点,84.00,周高点,95.00,本周价,85.00,84.0,95.0,85.0,本周价,$85.00,2026-04-21 11:00,0.00,0.00%,上周价,$85.00,周高点,$95.00,周低点,$84.00,,https://www.chinaflashmarket.com/price/ddrchannel,https://www.chinaflashmarket.com/price/ews/100224,https://www.chinaflashmarket.com/price/ews/100224/1,2026-04-22 20:13:57
PC,内存条(渠道市场),DDR4 UDIMM 16GB 3200,美元,2026-04-14,周低点,84.00,周高点,95.00,本周价,85.00,84.0,95.0,85.0,本周价,$85.00,2026-04-21 11:00,0.00,0.00%,上周价,$85.00,周高点,$95.00,周低点,$84.00,,https://www.chinaflashmarket.com/price/ddrchannel,https://www.chinaflashmarket.com/price/ews/100224,https://www.chinaflashmarket.com/price/ews/100224/1,2026-04-22 20:13:57
PC,内存条(渠道市场),DDR4 UDIMM 16GB 3200,美元,2026-04-07,周低点,89.00,周高点,100.00,本周价,90.00,89.0,100.0,90.0,本周价,$85.00,2026-04-21 11:00,0.00,0.00%,上周价,$85.00,周高点,$95.00,周低点,$84.00,,https://www.chinaflashmarket.com/price/ddrchannel,https://www.chinaflashmarket.com/price/ews/100224,https://www.chinaflashmarket.com/price/ews/100224/1,2026-04-22 20:13:57
PC,内存条(渠道市场),DDR4 UDIMM 16GB 3200,美元,2026-03-31,周低点,89.00,周高点,100.00,本周价,90.00,89.0,100.0,90.0,本周价,$85.00,2026-04-21 11:00,0.00,0.00%,上周价,$85.00,周高点,$95.00,周低点,$84.00,,https://www.chinaflashmarket.com/price/ddrchannel,https://www.chinaflashmarket.com/price/ews/100224,https://www.chinaflashmarket.com/price/ews/100224/1,2026-04-22 20:13:57
PC,内存条(渠道市场),DDR4 UDIMM 16GB 3200,美元,2026-03-24,周低点,119.00,周高点,130.60,本周价,120.00,119.0,130.6,120.0,本周价,$85.00,2026-04-21 11:00,0.00,0.00%,上周价,$85.00,周高点,$95.00,周低点,$84.00,,https://www.chinaflashmarket.com/price/ddrchannel,https://www.chinaflashmarket.com/price/ews/100224,https://www.chinaflashmarket.com/price/ews/100224/1,2026-04-22 20:13:57
PC,内存条(渠道市场),DDR4 UDIMM 16GB 3200,美元,2026-03-17,周低点,119.00,周高点,130.60,本周价,120.00,119.0,130.6,120.0,本周价,$85.00,2026-04-21 11:00,0.00,0.00%,上周价,$85.00,周高点,$95.00,周低点,$84.00,,https://www.chinaflashmarket.com/price/ddrchannel,https://www.chinaflashmarket.com/price/ews/100224,https://www.chinaflashmarket.com/price/ews/100224/1,2026-04-22 20:13:57
PC,内存条(渠道市场),DDR4 UDIMM 16GB 3200,美元,2026-03-10,周低点,119.00,周高点,130.60,本周价,120.00,119.0,130.6,120.0,本周价,$85.00,2026-04-21 11:00,0.00,0.00%,上周价,$85.00,周高点,$95.00,周低点,$84.00,,https://www.chinaflashmarket.com/price/ddrchannel,https://www.chinaflashmarket.com/price/ews/100224,https://www.chinaflashmarket.com/price/ews/100224/1,2026-04-22 20:13:57
PC,内存条(渠道市场),DDR4 UDIMM 16GB 3200,美元,2026-03-03,周低点,94.00,周高点,105.60,本周价,95.00,94.0,105.6,95.0,本周价,$85.00,2026-04-21 11:00,0.00,0.00%,上周价,$85.00,周高点,$95.00,周低点,$84.00,,https://www.chinaflashmarket.com/price/ddrchannel,https://www.chinaflashmarket.com/price/ews/100224,https://www.chinaflashmarket.com/price/ews/100224/1,2026-04-22 20:13:57
PC,内存条(渠道市场),DDR4 UDIMM 16GB 3200,美元,2026-02-24,周低点,94.00,周高点,105.60,本周价,95.00,94.0,105.6,95.0,本周价,$85.00,2026-04-21 11:00,0.00,0.00%,上周价,$85.00,周高点,$95.00,周低点,$84.00,,https://www.chinaflashmarket.com/price/ddrchannel,https://www.chinaflashmarket.com/price/ews/100224,https://www.chinaflashmarket.com/price/ews/100224/1,2026-04-22 20:13:57
PC,内存条(渠道市场),DDR4 UDIMM 16GB 3200,美元,2026-02-10,周低点,94.00,周高点,105.60,本周价,95.00,94.0,105.6,95.0,本周价,$85.00,2026-04-21 11:00,0.00,0.00%,上周价,$85.00,周高点,$95.00,周低点,$84.00,,https://www.chinaflashmarket.com/price/ddrchannel,https://www.chinaflashmarket.com/price/ews/100224,https://www.chinaflashmarket.com/price/ews/100224/1,2026-04-22 20:13:57
PC,内存条(渠道市场),DDR4 UDIMM 16GB 3200,美元,2026-02-03,周低点,94.00,周高点,105.60,本周价,95.00,94.0,105.6,95.0,本周价,$85.00,2026-04-21 11:00,0.00,0.00%,上周价,$85.00,周高点,$95.00,周低点,$84.00,,https://www.chinaflashmarket.com/price/ddrchannel,https://www.chinaflashmarket.com/price/ews/100224,https://www.chinaflashmarket.com/price/ews/100224/1,2026-04-22 20:13:57
PC,内存条(渠道市场),DDR4 UDIMM 16GB 3200,美元,2026-01-27,周低点,94.00,周高点,105.60,本周价,95.00,94.0,105.6,95.0,本周价,$85.00,2026-04-21 11:00,0.00,0.00%,上周价,$85.00,周高点,$95.00,周低点,$84.00,,https://www.chinaflashmarket.com/price/ddrchannel,https://www.chinaflashmarket.com/price/ews/100224,https://www.chinaflashmarket.com/price/ews/100224/1,2026-04-22 20:13:57
PC,内存条(渠道市场),DDR4 UDIMM 32GB 3200,美元,2026-04-21,周低点,170.00,周高点,185.00,本周价,175.00,170.0,185.0,175.0,本周价,$175.00,2026-04-21 11:00,-5.00,-2.78%,上周价,$180.00,周高点,$185.00,周低点,$170.00,,https://www.chinaflashmarket.com/price/ddrchannel,https://www.chinaflashmarket.com/price/ews/100225,https://www.chinaflashmarket.com/price/ews/100225/1,2026-04-22 20:13:57
PC,内存条(渠道市场),DDR4 UDIMM 32GB 3200,美元,2026-04-14,周低点,175.00,周高点,190.00,本周价,180.00,175.0,190.0,180.0,本周价,$175.00,2026-04-21 11:00,-5.00,-2.78%,上周价,$180.00,周高点,$185.00,周低点,$170.00,,https://www.chinaflashmarket.com/price/ddrchannel,https://www.chinaflashmarket.com/price/ews/100225,https://www.chinaflashmarket.com/price/ews/100225/1,2026-04-22 20:13:57
PC,内存条(渠道市场),DDR4 UDIMM 32GB 3200,美元,2026-04-07,周低点,195.00,周高点,210.00,本周价,200.00,195.0,210.0,200.0,本周价,$175.00,2026-04-21 11:00,-5.00,-2.78%,上周价,$180.00,周高点,$185.00,周低点,$170.00,,https://www.chinaflashmarket.com/price/ddrchannel,https://www.chinaflashmarket.com/price/ews/100225,https://www.chinaflashmarket.com/price/ews/100225/1,2026-04-22 20:13:57
PC,内存条(渠道市场),DDR4 UDIMM 32GB 3200,美元,2026-03-31,周低点,195.00,周高点,210.00,本周价,200.00,195.0,210.0,200.0,本周价,$175.00,2026-04-21 11:00,-5.00,-2.78%,上周价,$180.00,周高点,$185.00,周低点,$170.00,,https://www.chinaflashmarket.com/price/ddrchannel,https://www.chinaflashmarket.com/price/ews/100225,https://www.chinaflashmarket.com/price/ews/100225/1,2026-04-22 20:13:57
PC,内存条(渠道市场),DDR4 UDIMM 32GB 3200,美元,2026-03-24,周低点,215.00,周高点,230.00,本周价,220.00,215.0,230.0,220.0,本周价,$175.00,2026-04-21 11:00,-5.00,-2.78%,上周价,$180.00,周高点,$185.00,周低点,$170.00,,https://www.chinaflashmarket.com/price/ddrchannel,https://www.chinaflashmarket.com/price/ews/100225,https://www.chinaflashmarket.com/price/ews/100225/1,2026-04-22 20:13:57
PC,内存条(渠道市场),DDR4 UDIMM 32GB 3200,美元,2026-03-17,周低点,215.00,周高点,230.00,本周价,220.00,215.0,230.0,220.0,本周价,$175.00,2026-04-21 11:00,-5.00,-2.78%,上周价,$180.00,周高点,$185.00,周低点,$170.00,,https://www.chinaflashmarket.com/price/ddrchannel,https://www.chinaflashmarket.com/price/ews/100225,https://www.chinaflashmarket.com/price/ews/100225/1,2026-04-22 20:13:57
PC,内存条(渠道市场),DDR4 UDIMM 32GB 3200,美元,2026-03-10,周低点,215.00,周高点,230.00,本周价,220.00,215.0,230.0,220.0,本周价,$175.00,2026-04-21 11:00,-5.00,-2.78%,上周价,$180.00,周高点,$185.00,周低点,$170.00,,https://www.chinaflashmarket.com/price/ddrchannel,https://www.chinaflashmarket.com/price/ews/100225,https://www.chinaflashmarket.com/price/ews/100225/1,2026-04-22 20:13:57
PC,内存条(渠道市场),DDR4 UDIMM 32GB 3200,美元,2026-03-03,周低点,165.00,周高点,180.00,本周价,170.00,165.0,180.0,170.0,本周价,$175.00,2026-04-21 11:00,-5.00,-2.78%,上周价,$180.00,周高点,$185.00,周低点,$170.00,,https://www.chinaflashmarket.com/price/ddrchannel,https://www.chinaflashmarket.com/price/ews/100225,https://www.chinaflashmarket.com/price/ews/100225/1,2026-04-22 20:13:57
PC,内存条(渠道市场),DDR4 UDIMM 32GB 3200,美元,2026-02-24,周低点,165.00,周高点,180.00,本周价,170.00,165.0,180.0,170.0,本周价,$175.00,2026-04-21 11:00,-5.00,-2.78%,上周价,$180.00,周高点,$185.00,周低点,$170.00,,https://www.chinaflashmarket.com/price/ddrchannel,https://www.chinaflashmarket.com/price/ews/100225,https://www.chinaflashmarket.com/price/ews/100225/1,2026-04-22 20:13:57
PC,内存条(渠道市场),DDR4 UDIMM 32GB 3200,美元,2026-02-10,周低点,165.00,周高点,180.00,本周价,170.00,165.0,180.0,170.0,本周价,$175.00,2026-04-21 11:00,-5.00,-2.78%,上周价,$180.00,周高点,$185.00,周低点,$170.00,,https://www.chinaflashmarket.com/price/ddrchannel,https://www.chinaflashmarket.com/price/ews/100225,https://www.chinaflashmarket.com/price/ews/100225/1,2026-04-22 20:13:57
PC,内存条(渠道市场),DDR4 UDIMM 32GB 3200,美元,2026-02-03,周低点,165.00,周高点,180.00,本周价,170.00,165.0,180.0,170.0,本周价,$175.00,2026-04-21 11:00,-5.00,-2.78%,上周价,$180.00,周高点,$185.00,周低点,$170.00,,https://www.chinaflashmarket.com/price/ddrchannel,https://www.chinaflashmarket.com/price/ews/100225,https://www.chinaflashmarket.com/price/ews/100225/1,2026-04-22 20:13:57
PC,内存条(渠道市场),DDR4 UDIMM 32GB 3200,美元,2026-01-27,周低点,165.00,周高点,180.00,本周价,170.00,165.0,180.0,170.0,本周价,$175.00,2026-04-21 11:00,-5.00,-2.78%,上周价,$180.00,周高点,$185.00,周低点,$170.00,,https://www.chinaflashmarket.com/price/ddrchannel,https://www.chinaflashmarket.com/price/ews/100225,https://www.chinaflashmarket.com/price/ews/100225/1,2026-04-22 20:13:57
PC,内存条(渠道市场),DDR5 UDIMM 16GB 5600,美元,2026-04-21,周低点,158.00,周高点,162.00,本周价,160.00,158.0,162.0,160.0,本周价,$160.00,2026-04-21 11:00,-5.00,-3.03%,上周价,$165.00,周高点,$162.00,周低点,$158.00,,https://www.chinaflashmarket.com/price/ddrchannel,https://www.chinaflashmarket.com/price/ews/100268,https://www.chinaflashmarket.com/price/ews/100268/1,2026-04-22 20:13:57
PC,内存条(渠道市场),DDR5 UDIMM 16GB 5600,美元,2026-04-14,周低点,163.00,周高点,167.00,本周价,165.00,163.0,167.0,165.0,本周价,$160.00,2026-04-21 11:00,-5.00,-3.03%,上周价,$165.00,周高点,$162.00,周低点,$158.00,,https://www.chinaflashmarket.com/price/ddrchannel,https://www.chinaflashmarket.com/price/ews/100268,https://www.chinaflashmarket.com/price/ews/100268/1,2026-04-22 20:13:57
PC,内存条(渠道市场),DDR5 UDIMM 16GB 5600,美元,2026-04-07,周低点,168.00,周高点,172.00,本周价,170.00,168.0,172.0,170.0,本周价,$160.00,2026-04-21 11:00,-5.00,-3.03%,上周价,$165.00,周高点,$162.00,周低点,$158.00,,https://www.chinaflashmarket.com/price/ddrchannel,https://www.chinaflashmarket.com/price/ews/100268,https://www.chinaflashmarket.com/price/ews/100268/1,2026-04-22 20:13:57
PC,内存条(渠道市场),DDR5 UDIMM 16GB 5600,美元,2026-03-31,周低点,168.00,周高点,172.00,本周价,170.00,168.0,172.0,170.0,本周价,$160.00,2026-04-21 11:00,-5.00,-3.03%,上周价,$165.00,周高点,$162.00,周低点,$158.00,,https://www.chinaflashmarket.com/price/ddrchannel,https://www.chinaflashmarket.com/price/ews/100268,https://www.chinaflashmarket.com/price/ews/100268/1,2026-04-22 20:13:57
PC,内存条(渠道市场),DDR5 UDIMM 16GB 5600,美元,2026-03-24,周低点,188.00,周高点,192.00,本周价,190.00,188.0,192.0,190.0,本周价,$160.00,2026-04-21 11:00,-5.00,-3.03%,上周价,$165.00,周高点,$162.00,周低点,$158.00,,https://www.chinaflashmarket.com/price/ddrchannel,https://www.chinaflashmarket.com/price/ews/100268,https://www.chinaflashmarket.com/price/ews/100268/1,2026-04-22 20:13:57
PC,内存条(渠道市场),DDR5 UDIMM 16GB 5600,美元,2026-03-17,周低点,188.00,周高点,192.00,本周价,190.00,188.0,192.0,190.0,本周价,$160.00,2026-04-21 11:00,-5.00,-3.03%,上周价,$165.00,周高点,$162.00,周低点,$158.00,,https://www.chinaflashmarket.com/price/ddrchannel,https://www.chinaflashmarket.com/price/ews/100268,https://www.chinaflashmarket.com/price/ews/100268/1,2026-04-22 20:13:57
PC,内存条(渠道市场),DDR5 UDIMM 16GB 5600,美元,2026-03-10,周低点,188.00,周高点,192.00,本周价,190.00,188.0,192.0,190.0,本周价,$160.00,2026-04-21 11:00,-5.00,-3.03%,上周价,$165.00,周高点,$162.00,周低点,$158.00,,https://www.chinaflashmarket.com/price/ddrchannel,https://www.chinaflashmarket.com/price/ews/100268,https://www.chinaflashmarket.com/price/ews/100268/1,2026-04-22 20:13:57
PC,内存条(渠道市场),DDR5 UDIMM 16GB 5600,美元,2026-03-03,周低点,168.00,周高点,172.00,本周价,170.00,168.0,172.0,170.0,本周价,$160.00,2026-04-21 11:00,-5.00,-3.03%,上周价,$165.00,周高点,$162.00,周低点,$158.00,,https://www.chinaflashmarket.com/price/ddrchannel,https://www.chinaflashmarket.com/price/ews/100268,https://www.chinaflashmarket.com/price/ews/100268/1,2026-04-22 20:13:57
PC,内存条(渠道市场),DDR5 UDIMM 16GB 5600,美元,2026-02-24,周低点,168.00,周高点,172.00,本周价,170.00,168.0,172.0,170.0,本周价,$160.00,2026-04-21 11:00,-5.00,-3.03%,上周价,$165.00,周高点,$162.00,周低点,$158.00,,https://www.chinaflashmarket.com/price/ddrchannel,https://www.chinaflashmarket.com/price/ews/100268,https://www.chinaflashmarket.com/price/ews/100268/1,2026-04-22 20:13:57
PC,内存条(渠道市场),DDR5 UDIMM 16GB 5600,美元,2026-02-10,周低点,168.00,周高点,172.00,本周价,170.00,168.0,172.0,170.0,本周价,$160.00,2026-04-21 11:00,-5.00,-3.03%,上周价,$165.00,周高点,$162.00,周低点,$158.00,,https://www.chinaflashmarket.com/price/ddrchannel,https://www.chinaflashmarket.com/price/ews/100268,https://www.chinaflashmarket.com/price/ews/100268/1,2026-04-22 20:13:57
PC,内存条(渠道市场),DDR5 UDIMM 16GB 5600,美元,2026-02-03,周低点,168.00,周高点,172.00,本周价,170.00,168.0,172.0,170.0,本周价,$160.00,2026-04-21 11:00,-5.00,-3.03%,上周价,$165.00,周高点,$162.00,周低点,$158.00,,https://www.chinaflashmarket.com/price/ddrchannel,https://www.chinaflashmarket.com/price/ews/100268,https://www.chinaflashmarket.com/price/ews/100268/1,2026-04-22 20:13:57
PC,内存条(渠道市场),DDR5 UDIMM 16GB 5600,美元,2026-01-27,周低点,168.00,周高点,172.00,本周价,170.00,168.0,172.0,170.0,本周价,$160.00,2026-04-21 11:00,-5.00,-3.03%,上周价,$165.00,周高点,$162.00,周低点,$158.00,,https://www.chinaflashmarket.com/price/ddrchannel,https://www.chinaflashmarket.com/price/ews/100268,https://www.chinaflashmarket.com/price/ews/100268/1,2026-04-22 20:13:57
PC,内存条(渠道市场),DDR5 UDIMM 16GB 6000,美元,2026-04-21,周低点,164.00,周高点,169.00,本周价,167.00,164.0,169.0,167.0,本周价,$167.00,2026-04-21 11:00,-3.00,-1.76%,上周价,$170.00,周高点,$169.00,周低点,$164.00,,https://www.chinaflashmarket.com/price/ddrchannel,https://www.chinaflashmarket.com/price/ews/100269,https://www.chinaflashmarket.com/price/ews/100269/1,2026-04-22 20:13:57
PC,内存条(渠道市场),DDR5 UDIMM 16GB 6000,美元,2026-04-14,周低点,167.00,周高点,172.00,本周价,170.00,167.0,172.0,170.0,本周价,$167.00,2026-04-21 11:00,-3.00,-1.76%,上周价,$170.00,周高点,$169.00,周低点,$164.00,,https://www.chinaflashmarket.com/price/ddrchannel,https://www.chinaflashmarket.com/price/ews/100269,https://www.chinaflashmarket.com/price/ews/100269/1,2026-04-22 20:13:57
PC,内存条(渠道市场),DDR5 UDIMM 16GB 6000,美元,2026-04-07,周低点,177.00,周高点,182.00,本周价,180.00,177.0,182.0,180.0,本周价,$167.00,2026-04-21 11:00,-3.00,-1.76%,上周价,$170.00,周高点,$169.00,周低点,$164.00,,https://www.chinaflashmarket.com/price/ddrchannel,https://www.chinaflashmarket.com/price/ews/100269,https://www.chinaflashmarket.com/price/ews/100269/1,2026-04-22 20:13:57
PC,内存条(渠道市场),DDR5 UDIMM 16GB 6000,美元,2026-03-31,周低点,177.00,周高点,182.00,本周价,180.00,177.0,182.0,180.0,本周价,$167.00,2026-04-21 11:00,-3.00,-1.76%,上周价,$170.00,周高点,$169.00,周低点,$164.00,,https://www.chinaflashmarket.com/price/ddrchannel,https://www.chinaflashmarket.com/price/ews/100269,https://www.chinaflashmarket.com/price/ews/100269/1,2026-04-22 20:13:57
PC,内存条(渠道市场),DDR5 UDIMM 16GB 6000,美元,2026-03-24,周低点,197.00,周高点,202.00,本周价,200.00,197.0,202.0,200.0,本周价,$167.00,2026-04-21 11:00,-3.00,-1.76%,上周价,$170.00,周高点,$169.00,周低点,$164.00,,https://www.chinaflashmarket.com/price/ddrchannel,https://www.chinaflashmarket.com/price/ews/100269,https://www.chinaflashmarket.com/price/ews/100269/1,2026-04-22 20:13:57
PC,内存条(渠道市场),DDR5 UDIMM 16GB 6000,美元,2026-03-17,周低点,197.00,周高点,202.00,本周价,200.00,197.0,202.0,200.0,本周价,$167.00,2026-04-21 11:00,-3.00,-1.76%,上周价,$170.00,周高点,$169.00,周低点,$164.00,,https://www.chinaflashmarket.com/price/ddrchannel,https://www.chinaflashmarket.com/price/ews/100269,https://www.chinaflashmarket.com/price/ews/100269/1,2026-04-22 20:13:57
PC,内存条(渠道市场),DDR5 UDIMM 16GB 6000,美元,2026-03-10,周低点,197.00,周高点,202.00,本周价,200.00,197.0,202.0,200.0,本周价,$167.00,2026-04-21 11:00,-3.00,-1.76%,上周价,$170.00,周高点,$169.00,周低点,$164.00,,https://www.chinaflashmarket.com/price/ddrchannel,https://www.chinaflashmarket.com/price/ews/100269,https://www.chinaflashmarket.com/price/ews/100269/1,2026-04-22 20:13:57
PC,内存条(渠道市场),DDR5 UDIMM 16GB 6000,美元,2026-03-03,周低点,177.00,周高点,182.00,本周价,180.00,177.0,182.0,180.0,本周价,$167.00,2026-04-21 11:00,-3.00,-1.76%,上周价,$170.00,周高点,$169.00,周低点,$164.00,,https://www.chinaflashmarket.com/price/ddrchannel,https://www.chinaflashmarket.com/price/ews/100269,https://www.chinaflashmarket.com/price/ews/100269/1,2026-04-22 20:13:57
PC,内存条(渠道市场),DDR5 UDIMM 16GB 6000,美元,2026-02-24,周低点,177.00,周高点,182.00,本周价,180.00,177.0,182.0,180.0,本周价,$167.00,2026-04-21 11:00,-3.00,-1.76%,上周价,$170.00,周高点,$169.00,周低点,$164.00,,https://www.chinaflashmarket.com/price/ddrchannel,https://www.chinaflashmarket.com/price/ews/100269,https://www.chinaflashmarket.com/price/ews/100269/1,2026-04-22 20:13:57
PC,内存条(渠道市场),DDR5 UDIMM 16GB 6000,美元,2026-02-10,周低点,177.00,周高点,182.00,本周价,180.00,177.0,182.0,180.0,本周价,$167.00,2026-04-21 11:00,-3.00,-1.76%,上周价,$170.00,周高点,$169.00,周低点,$164.00,,https://www.chinaflashmarket.com/price/ddrchannel,https://www.chinaflashmarket.com/price/ews/100269,https://www.chinaflashmarket.com/price/ews/100269/1,2026-04-22 20:13:57
PC,内存条(渠道市场),DDR5 UDIMM 16GB 6000,美元,2026-02-03,周低点,177.00,周高点,182.00,本周价,180.00,177.0,182.0,180.0,本周价,$167.00,2026-04-21 11:00,-3.00,-1.76%,上周价,$170.00,周高点,$169.00,周低点,$164.00,,https://www.chinaflashmarket.com/price/ddrchannel,https://www.chinaflashmarket.com/price/ews/100269,https://www.chinaflashmarket.com/price/ews/100269/1,2026-04-22 20:13:57
PC,内存条(渠道市场),DDR5 UDIMM 16GB 6000,美元,2026-01-27,周低点,177.00,周高点,182.00,本周价,180.00,177.0,182.0,180.0,本周价,$167.00,2026-04-21 11:00,-3.00,-1.76%,上周价,$170.00,周高点,$169.00,周低点,$164.00,,https://www.chinaflashmarket.com/price/ddrchannel,https://www.chinaflashmarket.com/price/ews/100269,https://www.chinaflashmarket.com/price/ews/100269/1,2026-04-22 20:13:57
PC,内存条(渠道市场),DDR5 UDIMM 32GB 5600,美元,2026-04-21,周低点,272.00,周高点,278.00,本周价,275.00,272.0,278.0,275.0,本周价,$275.00,2026-04-21 11:00,-5.00,-1.79%,上周价,$280.00,周高点,$278.00,周低点,$272.00,,https://www.chinaflashmarket.com/price/ddrchannel,https://www.chinaflashmarket.com/price/ews/100270,https://www.chinaflashmarket.com/price/ews/100270/1,2026-04-22 20:13:57
PC,内存条(渠道市场),DDR5 UDIMM 32GB 5600,美元,2026-04-14,周低点,277.00,周高点,283.00,本周价,280.00,277.0,283.0,280.0,本周价,$275.00,2026-04-21 11:00,-5.00,-1.79%,上周价,$280.00,周高点,$278.00,周低点,$272.00,,https://www.chinaflashmarket.com/price/ddrchannel,https://www.chinaflashmarket.com/price/ews/100270,https://www.chinaflashmarket.com/price/ews/100270/1,2026-04-22 20:13:57
PC,内存条(渠道市场),DDR5 UDIMM 32GB 5600,美元,2026-04-07,周低点,287.00,周高点,293.00,本周价,290.00,287.0,293.0,290.0,本周价,$275.00,2026-04-21 11:00,-5.00,-1.79%,上周价,$280.00,周高点,$278.00,周低点,$272.00,,https://www.chinaflashmarket.com/price/ddrchannel,https://www.chinaflashmarket.com/price/ews/100270,https://www.chinaflashmarket.com/price/ews/100270/1,2026-04-22 20:13:57
PC,内存条(渠道市场),DDR5 UDIMM 32GB 5600,美元,2026-03-31,周低点,287.00,周高点,293.00,本周价,290.00,287.0,293.0,290.0,本周价,$275.00,2026-04-21 11:00,-5.00,-1.79%,上周价,$280.00,周高点,$278.00,周低点,$272.00,,https://www.chinaflashmarket.com/price/ddrchannel,https://www.chinaflashmarket.com/price/ews/100270,https://www.chinaflashmarket.com/price/ews/100270/1,2026-04-22 20:13:57
PC,内存条(渠道市场),DDR5 UDIMM 32GB 5600,美元,2026-03-24,周低点,317.00,周高点,323.00,本周价,320.00,317.0,323.0,320.0,本周价,$275.00,2026-04-21 11:00,-5.00,-1.79%,上周价,$280.00,周高点,$278.00,周低点,$272.00,,https://www.chinaflashmarket.com/price/ddrchannel,https://www.chinaflashmarket.com/price/ews/100270,https://www.chinaflashmarket.com/price/ews/100270/1,2026-04-22 20:13:57
PC,内存条(渠道市场),DDR5 UDIMM 32GB 5600,美元,2026-03-17,周低点,317.00,周高点,323.00,本周价,320.00,317.0,323.0,320.0,本周价,$275.00,2026-04-21 11:00,-5.00,-1.79%,上周价,$280.00,周高点,$278.00,周低点,$272.00,,https://www.chinaflashmarket.com/price/ddrchannel,https://www.chinaflashmarket.com/price/ews/100270,https://www.chinaflashmarket.com/price/ews/100270/1,2026-04-22 20:13:57
PC,内存条(渠道市场),DDR5 UDIMM 32GB 5600,美元,2026-03-10,周低点,317.00,周高点,323.00,本周价,320.00,317.0,323.0,320.0,本周价,$275.00,2026-04-21 11:00,-5.00,-1.79%,上周价,$280.00,周高点,$278.00,周低点,$272.00,,https://www.chinaflashmarket.com/price/ddrchannel,https://www.chinaflashmarket.com/price/ews/100270,https://www.chinaflashmarket.com/price/ews/100270/1,2026-04-22 20:13:57
PC,内存条(渠道市场),DDR5 UDIMM 32GB 5600,美元,2026-03-03,周低点,267.00,周高点,273.00,本周价,270.00,267.0,273.0,270.0,本周价,$275.00,2026-04-21 11:00,-5.00,-1.79%,上周价,$280.00,周高点,$278.00,周低点,$272.00,,https://www.chinaflashmarket.com/price/ddrchannel,https://www.chinaflashmarket.com/price/ews/100270,https://www.chinaflashmarket.com/price/ews/100270/1,2026-04-22 20:13:57
PC,内存条(渠道市场),DDR5 UDIMM 32GB 5600,美元,2026-02-24,周低点,267.00,周高点,273.00,本周价,270.00,267.0,273.0,270.0,本周价,$275.00,2026-04-21 11:00,-5.00,-1.79%,上周价,$280.00,周高点,$278.00,周低点,$272.00,,https://www.chinaflashmarket.com/price/ddrchannel,https://www.chinaflashmarket.com/price/ews/100270,https://www.chinaflashmarket.com/price/ews/100270/1,2026-04-22 20:13:57
PC,内存条(渠道市场),DDR5 UDIMM 32GB 5600,美元,2026-02-10,周低点,267.00,周高点,273.00,本周价,270.00,267.0,273.0,270.0,本周价,$275.00,2026-04-21 11:00,-5.00,-1.79%,上周价,$280.00,周高点,$278.00,周低点,$272.00,,https://www.chinaflashmarket.com/price/ddrchannel,https://www.chinaflashmarket.com/price/ews/100270,https://www.chinaflashmarket.com/price/ews/100270/1,2026-04-22 20:13:57
PC,内存条(渠道市场),DDR5 UDIMM 32GB 5600,美元,2026-02-03,周低点,267.00,周高点,273.00,本周价,270.00,267.0,273.0,270.0,本周价,$275.00,2026-04-21 11:00,-5.00,-1.79%,上周价,$280.00,周高点,$278.00,周低点,$272.00,,https://www.chinaflashmarket.com/price/ddrchannel,https://www.chinaflashmarket.com/price/ews/100270,https://www.chinaflashmarket.com/price/ews/100270/1,2026-04-22 20:13:57
PC,内存条(渠道市场),DDR5 UDIMM 32GB 5600,美元,2026-01-27,周低点,267.00,周高点,273.00,本周价,270.00,267.0,273.0,270.0,本周价,$275.00,2026-04-21 11:00,-5.00,-1.79%,上周价,$280.00,周高点,$278.00,周低点,$272.00,,https://www.chinaflashmarket.com/price/ddrchannel,https://www.chinaflashmarket.com/price/ews/100270,https://www.chinaflashmarket.com/price/ews/100270/1,2026-04-22 20:13:57
PC,内存条(渠道市场),DDR5 UDIMM 32GB 6000,美元,2026-04-21,周低点,277.00,周高点,283.00,本周价,280.00,277.0,283.0,280.0,本周价,$280.00,2026-04-21 11:00,-10.00,-3.45%,上周价,$290.00,周高点,$283.00,周低点,$277.00,,https://www.chinaflashmarket.com/price/ddrchannel,https://www.chinaflashmarket.com/price/ews/100271,https://www.chinaflashmarket.com/price/ews/100271/1,2026-04-22 20:13:57
PC,内存条(渠道市场),DDR5 UDIMM 32GB 6000,美元,2026-04-14,周低点,287.00,周高点,293.00,本周价,290.00,287.0,293.0,290.0,本周价,$280.00,2026-04-21 11:00,-10.00,-3.45%,上周价,$290.00,周高点,$283.00,周低点,$277.00,,https://www.chinaflashmarket.com/price/ddrchannel,https://www.chinaflashmarket.com/price/ews/100271,https://www.chinaflashmarket.com/price/ews/100271/1,2026-04-22 20:13:57
PC,内存条(渠道市场),DDR5 UDIMM 32GB 6000,美元,2026-04-07,周低点,297.00,周高点,303.00,本周价,300.00,297.0,303.0,300.0,本周价,$280.00,2026-04-21 11:00,-10.00,-3.45%,上周价,$290.00,周高点,$283.00,周低点,$277.00,,https://www.chinaflashmarket.com/price/ddrchannel,https://www.chinaflashmarket.com/price/ews/100271,https://www.chinaflashmarket.com/price/ews/100271/1,2026-04-22 20:13:57
PC,内存条(渠道市场),DDR5 UDIMM 32GB 6000,美元,2026-03-31,周低点,297.00,周高点,303.00,本周价,300.00,297.0,303.0,300.0,本周价,$280.00,2026-04-21 11:00,-10.00,-3.45%,上周价,$290.00,周高点,$283.00,周低点,$277.00,,https://www.chinaflashmarket.com/price/ddrchannel,https://www.chinaflashmarket.com/price/ews/100271,https://www.chinaflashmarket.com/price/ews/100271/1,2026-04-22 20:13:57
PC,内存条(渠道市场),DDR5 UDIMM 32GB 6000,美元,2026-03-24,周低点,327.00,周高点,333.00,本周价,330.00,327.0,333.0,330.0,本周价,$280.00,2026-04-21 11:00,-10.00,-3.45%,上周价,$290.00,周高点,$283.00,周低点,$277.00,,https://www.chinaflashmarket.com/price/ddrchannel,https://www.chinaflashmarket.com/price/ews/100271,https://www.chinaflashmarket.com/price/ews/100271/1,2026-04-22 20:13:57
PC,内存条(渠道市场),DDR5 UDIMM 32GB 6000,美元,2026-03-17,周低点,327.00,周高点,333.00,本周价,330.00,327.0,333.0,330.0,本周价,$280.00,2026-04-21 11:00,-10.00,-3.45%,上周价,$290.00,周高点,$283.00,周低点,$277.00,,https://www.chinaflashmarket.com/price/ddrchannel,https://www.chinaflashmarket.com/price/ews/100271,https://www.chinaflashmarket.com/price/ews/100271/1,2026-04-22 20:13:57
PC,内存条(渠道市场),DDR5 UDIMM 32GB 6000,美元,2026-03-10,周低点,327.00,周高点,333.00,本周价,330.00,327.0,333.0,330.0,本周价,$280.00,2026-04-21 11:00,-10.00,-3.45%,上周价,$290.00,周高点,$283.00,周低点,$277.00,,https://www.chinaflashmarket.com/price/ddrchannel,https://www.chinaflashmarket.com/price/ews/100271,https://www.chinaflashmarket.com/price/ews/100271/1,2026-04-22 20:13:57
PC,内存条(渠道市场),DDR5 UDIMM 32GB 6000,美元,2026-03-03,周低点,277.00,周高点,283.00,本周价,280.00,277.0,283.0,280.0,本周价,$280.00,2026-04-21 11:00,-10.00,-3.45%,上周价,$290.00,周高点,$283.00,周低点,$277.00,,https://www.chinaflashmarket.com/price/ddrchannel,https://www.chinaflashmarket.com/price/ews/100271,https://www.chinaflashmarket.com/price/ews/100271/1,2026-04-22 20:13:57
PC,内存条(渠道市场),DDR5 UDIMM 32GB 6000,美元,2026-02-24,周低点,277.00,周高点,283.00,本周价,280.00,277.0,283.0,280.0,本周价,$280.00,2026-04-21 11:00,-10.00,-3.45%,上周价,$290.00,周高点,$283.00,周低点,$277.00,,https://www.chinaflashmarket.com/price/ddrchannel,https://www.chinaflashmarket.com/price/ews/100271,https://www.chinaflashmarket.com/price/ews/100271/1,2026-04-22 20:13:57
PC,内存条(渠道市场),DDR5 UDIMM 32GB 6000,美元,2026-02-10,周低点,277.00,周高点,283.00,本周价,280.00,277.0,283.0,280.0,本周价,$280.00,2026-04-21 11:00,-10.00,-3.45%,上周价,$290.00,周高点,$283.00,周低点,$277.00,,https://www.chinaflashmarket.com/price/ddrchannel,https://www.chinaflashmarket.com/price/ews/100271,https://www.chinaflashmarket.com/price/ews/100271/1,2026-04-22 20:13:57
PC,内存条(渠道市场),DDR5 UDIMM 32GB 6000,美元,2026-02-03,周低点,277.00,周高点,283.00,本周价,280.00,277.0,283.0,280.0,本周价,$280.00,2026-04-21 11:00,-10.00,-3.45%,上周价,$290.00,周高点,$283.00,周低点,$277.00,,https://www.chinaflashmarket.com/price/ddrchannel,https://www.chinaflashmarket.com/price/ews/100271,https://www.chinaflashmarket.com/price/ews/100271/1,2026-04-22 20:13:57
PC,内存条(渠道市场),DDR5 UDIMM 32GB 6000,美元,2026-01-27,周低点,277.00,周高点,283.00,本周价,280.00,277.0,283.0,280.0,本周价,$280.00,2026-04-21 11:00,-10.00,-3.45%,上周价,$290.00,周高点,$283.00,周低点,$277.00,,https://www.chinaflashmarket.com/price/ddrchannel,https://www.chinaflashmarket.com/price/ews/100271,https://www.chinaflashmarket.com/price/ews/100271/1,2026-04-22 20:13:57
PC,内存条(行业市场),DDR4 SODIMM 4GB 3200,美元,2026-04-21,周低点,39.50,周高点,45.40,本周价,42.00,39.5,45.4,42.0,本周价,$42.00,2026-04-21 11:00,0.00,0.00%,上周价,$42.00,周高点,$45.40,周低点,$39.50,,https://www.chinaflashmarket.com/price/ddroem,https://www.chinaflashmarket.com/price/ews/100226,https://www.chinaflashmarket.com/price/ews/100226/1,2026-04-22 20:13:57
PC,内存条(行业市场),DDR4 SODIMM 4GB 3200,美元,2026-04-14,周低点,39.50,周高点,45.40,本周价,42.00,39.5,45.4,42.0,本周价,$42.00,2026-04-21 11:00,0.00,0.00%,上周价,$42.00,周高点,$45.40,周低点,$39.50,,https://www.chinaflashmarket.com/price/ddroem,https://www.chinaflashmarket.com/price/ews/100226,https://www.chinaflashmarket.com/price/ews/100226/1,2026-04-22 20:13:57
PC,内存条(行业市场),DDR4 SODIMM 4GB 3200,美元,2026-04-07,周低点,39.50,周高点,45.40,本周价,42.00,39.5,45.4,42.0,本周价,$42.00,2026-04-21 11:00,0.00,0.00%,上周价,$42.00,周高点,$45.40,周低点,$39.50,,https://www.chinaflashmarket.com/price/ddroem,https://www.chinaflashmarket.com/price/ews/100226,https://www.chinaflashmarket.com/price/ews/100226/1,2026-04-22 20:13:57
PC,内存条(行业市场),DDR4 SODIMM 4GB 3200,美元,2026-03-31,周低点,39.50,周高点,45.40,本周价,42.00,39.5,45.4,42.0,本周价,$42.00,2026-04-21 11:00,0.00,0.00%,上周价,$42.00,周高点,$45.40,周低点,$39.50,,https://www.chinaflashmarket.com/price/ddroem,https://www.chinaflashmarket.com/price/ews/100226,https://www.chinaflashmarket.com/price/ews/100226/1,2026-04-22 20:13:57
PC,内存条(行业市场),DDR4 SODIMM 4GB 3200,美元,2026-03-24,周低点,39.50,周高点,45.40,本周价,42.00,39.5,45.4,42.0,本周价,$42.00,2026-04-21 11:00,0.00,0.00%,上周价,$42.00,周高点,$45.40,周低点,$39.50,,https://www.chinaflashmarket.com/price/ddroem,https://www.chinaflashmarket.com/price/ews/100226,https://www.chinaflashmarket.com/price/ews/100226/1,2026-04-22 20:13:57
PC,内存条(行业市场),DDR4 SODIMM 4GB 3200,美元,2026-03-17,周低点,39.50,周高点,45.40,本周价,42.00,39.5,45.4,42.0,本周价,$42.00,2026-04-21 11:00,0.00,0.00%,上周价,$42.00,周高点,$45.40,周低点,$39.50,,https://www.chinaflashmarket.com/price/ddroem,https://www.chinaflashmarket.com/price/ews/100226,https://www.chinaflashmarket.com/price/ews/100226/1,2026-04-22 20:13:57
PC,内存条(行业市场),DDR4 SODIMM 4GB 3200,美元,2026-03-10,周低点,35.50,周高点,41.40,本周价,38.00,35.5,41.4,38.0,本周价,$42.00,2026-04-21 11:00,0.00,0.00%,上周价,$42.00,周高点,$45.40,周低点,$39.50,,https://www.chinaflashmarket.com/price/ddroem,https://www.chinaflashmarket.com/price/ews/100226,https://www.chinaflashmarket.com/price/ews/100226/1,2026-04-22 20:13:57
PC,内存条(行业市场),DDR4 SODIMM 4GB 3200,美元,2026-03-03,周低点,35.50,周高点,41.40,本周价,38.00,35.5,41.4,38.0,本周价,$42.00,2026-04-21 11:00,0.00,0.00%,上周价,$42.00,周高点,$45.40,周低点,$39.50,,https://www.chinaflashmarket.com/price/ddroem,https://www.chinaflashmarket.com/price/ews/100226,https://www.chinaflashmarket.com/price/ews/100226/1,2026-04-22 20:13:57
PC,内存条(行业市场),DDR4 SODIMM 4GB 3200,美元,2026-02-24,周低点,35.50,周高点,41.40,本周价,38.00,35.5,41.4,38.0,本周价,$42.00,2026-04-21 11:00,0.00,0.00%,上周价,$42.00,周高点,$45.40,周低点,$39.50,,https://www.chinaflashmarket.com/price/ddroem,https://www.chinaflashmarket.com/price/ews/100226,https://www.chinaflashmarket.com/price/ews/100226/1,2026-04-22 20:13:57
PC,内存条(行业市场),DDR4 SODIMM 4GB 3200,美元,2026-02-10,周低点,35.50,周高点,41.40,本周价,38.00,35.5,41.4,38.0,本周价,$42.00,2026-04-21 11:00,0.00,0.00%,上周价,$42.00,周高点,$45.40,周低点,$39.50,,https://www.chinaflashmarket.com/price/ddroem,https://www.chinaflashmarket.com/price/ews/100226,https://www.chinaflashmarket.com/price/ews/100226/1,2026-04-22 20:13:57
PC,内存条(行业市场),DDR4 SODIMM 4GB 3200,美元,2026-02-03,周低点,35.50,周高点,41.40,本周价,38.00,35.5,41.4,38.0,本周价,$42.00,2026-04-21 11:00,0.00,0.00%,上周价,$42.00,周高点,$45.40,周低点,$39.50,,https://www.chinaflashmarket.com/price/ddroem,https://www.chinaflashmarket.com/price/ews/100226,https://www.chinaflashmarket.com/price/ews/100226/1,2026-04-22 20:13:57
PC,内存条(行业市场),DDR4 SODIMM 4GB 3200,美元,2026-01-27,周低点,35.50,周高点,41.40,本周价,38.00,35.5,41.4,38.0,本周价,$42.00,2026-04-21 11:00,0.00,0.00%,上周价,$42.00,周高点,$45.40,周低点,$39.50,,https://www.chinaflashmarket.com/price/ddroem,https://www.chinaflashmarket.com/price/ews/100226,https://www.chinaflashmarket.com/price/ews/100226/1,2026-04-22 20:13:57
PC,内存条(行业市场),DDR4 SODIMM 8GB 3200,美元,2026-04-21,周低点,85.00,周高点,92.00,本周价,90.00,85.0,92.0,90.0,本周价,$90.00,2026-04-21 11:00,0.00,0.00%,上周价,$90.00,周高点,$92.00,周低点,$85.00,,https://www.chinaflashmarket.com/price/ddroem,https://www.chinaflashmarket.com/price/ews/100227,https://www.chinaflashmarket.com/price/ews/100227/1,2026-04-22 20:13:57
PC,内存条(行业市场),DDR4 SODIMM 8GB 3200,美元,2026-04-14,周低点,85.00,周高点,92.00,本周价,90.00,85.0,92.0,90.0,本周价,$90.00,2026-04-21 11:00,0.00,0.00%,上周价,$90.00,周高点,$92.00,周低点,$85.00,,https://www.chinaflashmarket.com/price/ddroem,https://www.chinaflashmarket.com/price/ews/100227,https://www.chinaflashmarket.com/price/ews/100227/1,2026-04-22 20:13:57
PC,内存条(行业市场),DDR4 SODIMM 8GB 3200,美元,2026-04-07,周低点,91.00,周高点,98.00,本周价,96.00,91.0,98.0,96.0,本周价,$90.00,2026-04-21 11:00,0.00,0.00%,上周价,$90.00,周高点,$92.00,周低点,$85.00,,https://www.chinaflashmarket.com/price/ddroem,https://www.chinaflashmarket.com/price/ews/100227,https://www.chinaflashmarket.com/price/ews/100227/1,2026-04-22 20:13:57
PC,内存条(行业市场),DDR4 SODIMM 8GB 3200,美元,2026-03-31,周低点,91.00,周高点,98.00,本周价,96.00,91.0,98.0,96.0,本周价,$90.00,2026-04-21 11:00,0.00,0.00%,上周价,$90.00,周高点,$92.00,周低点,$85.00,,https://www.chinaflashmarket.com/price/ddroem,https://www.chinaflashmarket.com/price/ews/100227,https://www.chinaflashmarket.com/price/ews/100227/1,2026-04-22 20:13:57
PC,内存条(行业市场),DDR4 SODIMM 8GB 3200,美元,2026-03-24,周低点,91.00,周高点,98.00,本周价,96.00,91.0,98.0,96.0,本周价,$90.00,2026-04-21 11:00,0.00,0.00%,上周价,$90.00,周高点,$92.00,周低点,$85.00,,https://www.chinaflashmarket.com/price/ddroem,https://www.chinaflashmarket.com/price/ews/100227,https://www.chinaflashmarket.com/price/ews/100227/1,2026-04-22 20:13:57
PC,内存条(行业市场),DDR4 SODIMM 8GB 3200,美元,2026-03-17,周低点,91.00,周高点,98.00,本周价,96.00,91.0,98.0,96.0,本周价,$90.00,2026-04-21 11:00,0.00,0.00%,上周价,$90.00,周高点,$92.00,周低点,$85.00,,https://www.chinaflashmarket.com/price/ddroem,https://www.chinaflashmarket.com/price/ews/100227,https://www.chinaflashmarket.com/price/ews/100227/1,2026-04-22 20:13:57
PC,内存条(行业市场),DDR4 SODIMM 8GB 3200,美元,2026-03-10,周低点,85.00,周高点,92.00,本周价,90.00,85.0,92.0,90.0,本周价,$90.00,2026-04-21 11:00,0.00,0.00%,上周价,$90.00,周高点,$92.00,周低点,$85.00,,https://www.chinaflashmarket.com/price/ddroem,https://www.chinaflashmarket.com/price/ews/100227,https://www.chinaflashmarket.com/price/ews/100227/1,2026-04-22 20:13:57
PC,内存条(行业市场),DDR4 SODIMM 8GB 3200,美元,2026-03-03,周低点,85.00,周高点,92.00,本周价,90.00,85.0,92.0,90.0,本周价,$90.00,2026-04-21 11:00,0.00,0.00%,上周价,$90.00,周高点,$92.00,周低点,$85.00,,https://www.chinaflashmarket.com/price/ddroem,https://www.chinaflashmarket.com/price/ews/100227,https://www.chinaflashmarket.com/price/ews/100227/1,2026-04-22 20:13:57
PC,内存条(行业市场),DDR4 SODIMM 8GB 3200,美元,2026-02-24,周低点,75.00,周高点,82.00,本周价,80.00,75.0,82.0,80.0,本周价,$90.00,2026-04-21 11:00,0.00,0.00%,上周价,$90.00,周高点,$92.00,周低点,$85.00,,https://www.chinaflashmarket.com/price/ddroem,https://www.chinaflashmarket.com/price/ews/100227,https://www.chinaflashmarket.com/price/ews/100227/1,2026-04-22 20:13:57
PC,内存条(行业市场),DDR4 SODIMM 8GB 3200,美元,2026-02-10,周低点,75.00,周高点,82.00,本周价,80.00,75.0,82.0,80.0,本周价,$90.00,2026-04-21 11:00,0.00,0.00%,上周价,$90.00,周高点,$92.00,周低点,$85.00,,https://www.chinaflashmarket.com/price/ddroem,https://www.chinaflashmarket.com/price/ews/100227,https://www.chinaflashmarket.com/price/ews/100227/1,2026-04-22 20:13:57
PC,内存条(行业市场),DDR4 SODIMM 8GB 3200,美元,2026-02-03,周低点,75.00,周高点,82.00,本周价,80.00,75.0,82.0,80.0,本周价,$90.00,2026-04-21 11:00,0.00,0.00%,上周价,$90.00,周高点,$92.00,周低点,$85.00,,https://www.chinaflashmarket.com/price/ddroem,https://www.chinaflashmarket.com/price/ews/100227,https://www.chinaflashmarket.com/price/ews/100227/1,2026-04-22 20:13:57
PC,内存条(行业市场),DDR4 SODIMM 8GB 3200,美元,2026-01-27,周低点,65.00,周高点,72.00,本周价,70.00,65.0,72.0,70.0,本周价,$90.00,2026-04-21 11:00,0.00,0.00%,上周价,$90.00,周高点,$92.00,周低点,$85.00,,https://www.chinaflashmarket.com/price/ddroem,https://www.chinaflashmarket.com/price/ews/100227,https://www.chinaflashmarket.com/price/ews/100227/1,2026-04-22 20:13:57
PC,内存条(行业市场),DDR4 SODIMM 16GB 3200,美元,2026-04-21,周低点,185.00,周高点,192.00,本周价,190.00,185.0,192.0,190.0,本周价,$190.00,2026-04-21 11:00,0.00,0.00%,上周价,$190.00,周高点,$192.00,周低点,$185.00,,https://www.chinaflashmarket.com/price/ddroem,https://www.chinaflashmarket.com/price/ews/100228,https://www.chinaflashmarket.com/price/ews/100228/1,2026-04-22 20:13:57
PC,内存条(行业市场),DDR4 SODIMM 16GB 3200,美元,2026-04-14,周低点,185.00,周高点,192.00,本周价,190.00,185.0,192.0,190.0,本周价,$190.00,2026-04-21 11:00,0.00,0.00%,上周价,$190.00,周高点,$192.00,周低点,$185.00,,https://www.chinaflashmarket.com/price/ddroem,https://www.chinaflashmarket.com/price/ews/100228,https://www.chinaflashmarket.com/price/ews/100228/1,2026-04-22 20:13:57
PC,内存条(行业市场),DDR4 SODIMM 16GB 3200,美元,2026-04-07,周低点,195.00,周高点,202.00,本周价,200.00,195.0,202.0,200.0,本周价,$190.00,2026-04-21 11:00,0.00,0.00%,上周价,$190.00,周高点,$192.00,周低点,$185.00,,https://www.chinaflashmarket.com/price/ddroem,https://www.chinaflashmarket.com/price/ews/100228,https://www.chinaflashmarket.com/price/ews/100228/1,2026-04-22 20:13:57
PC,内存条(行业市场),DDR4 SODIMM 16GB 3200,美元,2026-03-31,周低点,195.00,周高点,202.00,本周价,200.00,195.0,202.0,200.0,本周价,$190.00,2026-04-21 11:00,0.00,0.00%,上周价,$190.00,周高点,$192.00,周低点,$185.00,,https://www.chinaflashmarket.com/price/ddroem,https://www.chinaflashmarket.com/price/ews/100228,https://www.chinaflashmarket.com/price/ews/100228/1,2026-04-22 20:13:57
PC,内存条(行业市场),DDR4 SODIMM 16GB 3200,美元,2026-03-24,周低点,195.00,周高点,202.00,本周价,200.00,195.0,202.0,200.0,本周价,$190.00,2026-04-21 11:00,0.00,0.00%,上周价,$190.00,周高点,$192.00,周低点,$185.00,,https://www.chinaflashmarket.com/price/ddroem,https://www.chinaflashmarket.com/price/ews/100228,https://www.chinaflashmarket.com/price/ews/100228/1,2026-04-22 20:13:57
PC,内存条(行业市场),DDR4 SODIMM 16GB 3200,美元,2026-03-17,周低点,195.00,周高点,202.00,本周价,200.00,195.0,202.0,200.0,本周价,$190.00,2026-04-21 11:00,0.00,0.00%,上周价,$190.00,周高点,$192.00,周低点,$185.00,,https://www.chinaflashmarket.com/price/ddroem,https://www.chinaflashmarket.com/price/ews/100228,https://www.chinaflashmarket.com/price/ews/100228/1,2026-04-22 20:13:57
PC,内存条(行业市场),DDR4 SODIMM 16GB 3200,美元,2026-03-10,周低点,175.00,周高点,182.00,本周价,180.00,175.0,182.0,180.0,本周价,$190.00,2026-04-21 11:00,0.00,0.00%,上周价,$190.00,周高点,$192.00,周低点,$185.00,,https://www.chinaflashmarket.com/price/ddroem,https://www.chinaflashmarket.com/price/ews/100228,https://www.chinaflashmarket.com/price/ews/100228/1,2026-04-22 20:13:57
PC,内存条(行业市场),DDR4 SODIMM 16GB 3200,美元,2026-03-03,周低点,175.00,周高点,182.00,本周价,180.00,175.0,182.0,180.0,本周价,$190.00,2026-04-21 11:00,0.00,0.00%,上周价,$190.00,周高点,$192.00,周低点,$185.00,,https://www.chinaflashmarket.com/price/ddroem,https://www.chinaflashmarket.com/price/ews/100228,https://www.chinaflashmarket.com/price/ews/100228/1,2026-04-22 20:13:57
PC,内存条(行业市场),DDR4 SODIMM 16GB 3200,美元,2026-02-24,周低点,175.00,周高点,182.00,本周价,180.00,175.0,182.0,180.0,本周价,$190.00,2026-04-21 11:00,0.00,0.00%,上周价,$190.00,周高点,$192.00,周低点,$185.00,,https://www.chinaflashmarket.com/price/ddroem,https://www.chinaflashmarket.com/price/ews/100228,https://www.chinaflashmarket.com/price/ews/100228/1,2026-04-22 20:13:57
PC,内存条(行业市场),DDR4 SODIMM 16GB 3200,美元,2026-02-10,周低点,175.00,周高点,182.00,本周价,180.00,175.0,182.0,180.0,本周价,$190.00,2026-04-21 11:00,0.00,0.00%,上周价,$190.00,周高点,$192.00,周低点,$185.00,,https://www.chinaflashmarket.com/price/ddroem,https://www.chinaflashmarket.com/price/ews/100228,https://www.chinaflashmarket.com/price/ews/100228/1,2026-04-22 20:13:57
PC,内存条(行业市场),DDR4 SODIMM 16GB 3200,美元,2026-02-03,周低点,175.00,周高点,182.00,本周价,180.00,175.0,182.0,180.0,本周价,$190.00,2026-04-21 11:00,0.00,0.00%,上周价,$190.00,周高点,$192.00,周低点,$185.00,,https://www.chinaflashmarket.com/price/ddroem,https://www.chinaflashmarket.com/price/ews/100228,https://www.chinaflashmarket.com/price/ews/100228/1,2026-04-22 20:13:57
PC,内存条(行业市场),DDR4 SODIMM 16GB 3200,美元,2026-01-27,周低点,175.00,周高点,182.00,本周价,180.00,175.0,182.0,180.0,本周价,$190.00,2026-04-21 11:00,0.00,0.00%,上周价,$190.00,周高点,$192.00,周低点,$185.00,,https://www.chinaflashmarket.com/price/ddroem,https://www.chinaflashmarket.com/price/ews/100228,https://www.chinaflashmarket.com/price/ews/100228/1,2026-04-22 20:13:57
PC,SSD(渠道市场),SSD(SATA 3) 120GB,美元,2026-04-21,周低点,20.00,周高点,21.70,本周价,21.00,20.0,21.7,21.0,本周价,$21.00,2026-04-21 11:00,-1.00,-4.55%,上周价,$22.00,周高点,$21.70,周低点,$20.00,,https://www.chinaflashmarket.com/price/ssdchannel,https://www.chinaflashmarket.com/price/ews/100177,https://www.chinaflashmarket.com/price/ews/100177/1,2026-04-22 20:13:57
PC,SSD(渠道市场),SSD(SATA 3) 120GB,美元,2026-04-14,周低点,21.00,周高点,22.70,本周价,22.00,21.0,22.7,22.0,本周价,$21.00,2026-04-21 11:00,-1.00,-4.55%,上周价,$22.00,周高点,$21.70,周低点,$20.00,,https://www.chinaflashmarket.com/price/ssdchannel,https://www.chinaflashmarket.com/price/ews/100177,https://www.chinaflashmarket.com/price/ews/100177/1,2026-04-22 20:13:57
PC,SSD(渠道市场),SSD(SATA 3) 120GB,美元,2026-04-07,周低点,22.00,周高点,23.70,本周价,23.00,22.0,23.7,23.0,本周价,$21.00,2026-04-21 11:00,-1.00,-4.55%,上周价,$22.00,周高点,$21.70,周低点,$20.00,,https://www.chinaflashmarket.com/price/ssdchannel,https://www.chinaflashmarket.com/price/ews/100177,https://www.chinaflashmarket.com/price/ews/100177/1,2026-04-22 20:13:57
PC,SSD(渠道市场),SSD(SATA 3) 120GB,美元,2026-03-31,周低点,22.00,周高点,23.70,本周价,23.00,22.0,23.7,23.0,本周价,$21.00,2026-04-21 11:00,-1.00,-4.55%,上周价,$22.00,周高点,$21.70,周低点,$20.00,,https://www.chinaflashmarket.com/price/ssdchannel,https://www.chinaflashmarket.com/price/ews/100177,https://www.chinaflashmarket.com/price/ews/100177/1,2026-04-22 20:13:57
PC,SSD(渠道市场),SSD(SATA 3) 120GB,美元,2026-03-24,周低点,25.00,周高点,26.70,本周价,26.00,25.0,26.7,26.0,本周价,$21.00,2026-04-21 11:00,-1.00,-4.55%,上周价,$22.00,周高点,$21.70,周低点,$20.00,,https://www.chinaflashmarket.com/price/ssdchannel,https://www.chinaflashmarket.com/price/ews/100177,https://www.chinaflashmarket.com/price/ews/100177/1,2026-04-22 20:13:57
PC,SSD(渠道市场),SSD(SATA 3) 120GB,美元,2026-03-17,周低点,25.00,周高点,26.70,本周价,26.00,25.0,26.7,26.0,本周价,$21.00,2026-04-21 11:00,-1.00,-4.55%,上周价,$22.00,周高点,$21.70,周低点,$20.00,,https://www.chinaflashmarket.com/price/ssdchannel,https://www.chinaflashmarket.com/price/ews/100177,https://www.chinaflashmarket.com/price/ews/100177/1,2026-04-22 20:13:57
PC,SSD(渠道市场),SSD(SATA 3) 120GB,美元,2026-03-10,周低点,25.00,周高点,26.70,本周价,26.00,25.0,26.7,26.0,本周价,$21.00,2026-04-21 11:00,-1.00,-4.55%,上周价,$22.00,周高点,$21.70,周低点,$20.00,,https://www.chinaflashmarket.com/price/ssdchannel,https://www.chinaflashmarket.com/price/ews/100177,https://www.chinaflashmarket.com/price/ews/100177/1,2026-04-22 20:13:57
PC,SSD(渠道市场),SSD(SATA 3) 120GB,美元,2026-03-03,周低点,23.00,周高点,24.70,本周价,24.00,23.0,24.7,24.0,本周价,$21.00,2026-04-21 11:00,-1.00,-4.55%,上周价,$22.00,周高点,$21.70,周低点,$20.00,,https://www.chinaflashmarket.com/price/ssdchannel,https://www.chinaflashmarket.com/price/ews/100177,https://www.chinaflashmarket.com/price/ews/100177/1,2026-04-22 20:13:57
PC,SSD(渠道市场),SSD(SATA 3) 120GB,美元,2026-02-24,周低点,23.00,周高点,24.70,本周价,24.00,23.0,24.7,24.0,本周价,$21.00,2026-04-21 11:00,-1.00,-4.55%,上周价,$22.00,周高点,$21.70,周低点,$20.00,,https://www.chinaflashmarket.com/price/ssdchannel,https://www.chinaflashmarket.com/price/ews/100177,https://www.chinaflashmarket.com/price/ews/100177/1,2026-04-22 20:13:57
PC,SSD(渠道市场),SSD(SATA 3) 120GB,美元,2026-02-10,周低点,23.00,周高点,24.70,本周价,24.00,23.0,24.7,24.0,本周价,$21.00,2026-04-21 11:00,-1.00,-4.55%,上周价,$22.00,周高点,$21.70,周低点,$20.00,,https://www.chinaflashmarket.com/price/ssdchannel,https://www.chinaflashmarket.com/price/ews/100177,https://www.chinaflashmarket.com/price/ews/100177/1,2026-04-22 20:13:57
PC,SSD(渠道市场),SSD(SATA 3) 120GB,美元,2026-02-03,周低点,23.00,周高点,24.70,本周价,24.00,23.0,24.7,24.0,本周价,$21.00,2026-04-21 11:00,-1.00,-4.55%,上周价,$22.00,周高点,$21.70,周低点,$20.00,,https://www.chinaflashmarket.com/price/ssdchannel,https://www.chinaflashmarket.com/price/ews/100177,https://www.chinaflashmarket.com/price/ews/100177/1,2026-04-22 20:13:57
PC,SSD(渠道市场),SSD(SATA 3) 120GB,美元,2026-01-27,周低点,23.00,周高点,24.70,本周价,24.00,23.0,24.7,24.0,本周价,$21.00,2026-04-21 11:00,-1.00,-4.55%,上周价,$22.00,周高点,$21.70,周低点,$20.00,,https://www.chinaflashmarket.com/price/ssdchannel,https://www.chinaflashmarket.com/price/ews/100177,https://www.chinaflashmarket.com/price/ews/100177/1,2026-04-22 20:13:57
PC,SSD(渠道市场),SSD(SATA 3) 240GB,美元,2026-04-21,周低点,44.00,周高点,47.00,本周价,46.00,44.0,47.0,46.0,本周价,$46.00,2026-04-21 11:00,-2.00,-4.17%,上周价,$48.00,周高点,$47.00,周低点,$44.00,,https://www.chinaflashmarket.com/price/ssdchannel,https://www.chinaflashmarket.com/price/ews/100178,https://www.chinaflashmarket.com/price/ews/100178/1,2026-04-22 20:13:57
PC,SSD(渠道市场),SSD(SATA 3) 240GB,美元,2026-04-14,周低点,46.00,周高点,49.00,本周价,48.00,46.0,49.0,48.0,本周价,$46.00,2026-04-21 11:00,-2.00,-4.17%,上周价,$48.00,周高点,$47.00,周低点,$44.00,,https://www.chinaflashmarket.com/price/ssdchannel,https://www.chinaflashmarket.com/price/ews/100178,https://www.chinaflashmarket.com/price/ews/100178/1,2026-04-22 20:13:57
PC,SSD(渠道市场),SSD(SATA 3) 240GB,美元,2026-04-07,周低点,47.00,周高点,50.00,本周价,49.00,47.0,50.0,49.0,本周价,$46.00,2026-04-21 11:00,-2.00,-4.17%,上周价,$48.00,周高点,$47.00,周低点,$44.00,,https://www.chinaflashmarket.com/price/ssdchannel,https://www.chinaflashmarket.com/price/ews/100178,https://www.chinaflashmarket.com/price/ews/100178/1,2026-04-22 20:13:57
PC,SSD(渠道市场),SSD(SATA 3) 240GB,美元,2026-03-31,周低点,47.00,周高点,50.00,本周价,49.00,47.0,50.0,49.0,本周价,$46.00,2026-04-21 11:00,-2.00,-4.17%,上周价,$48.00,周高点,$47.00,周低点,$44.00,,https://www.chinaflashmarket.com/price/ssdchannel,https://www.chinaflashmarket.com/price/ews/100178,https://www.chinaflashmarket.com/price/ews/100178/1,2026-04-22 20:13:57
PC,SSD(渠道市场),SSD(SATA 3) 240GB,美元,2026-03-24,周低点,50.00,周高点,53.00,本周价,52.00,50.0,53.0,52.0,本周价,$46.00,2026-04-21 11:00,-2.00,-4.17%,上周价,$48.00,周高点,$47.00,周低点,$44.00,,https://www.chinaflashmarket.com/price/ssdchannel,https://www.chinaflashmarket.com/price/ews/100178,https://www.chinaflashmarket.com/price/ews/100178/1,2026-04-22 20:13:57
PC,SSD(渠道市场),SSD(SATA 3) 240GB,美元,2026-03-17,周低点,50.00,周高点,53.00,本周价,52.00,50.0,53.0,52.0,本周价,$46.00,2026-04-21 11:00,-2.00,-4.17%,上周价,$48.00,周高点,$47.00,周低点,$44.00,,https://www.chinaflashmarket.com/price/ssdchannel,https://www.chinaflashmarket.com/price/ews/100178,https://www.chinaflashmarket.com/price/ews/100178/1,2026-04-22 20:13:57
PC,SSD(渠道市场),SSD(SATA 3) 240GB,美元,2026-03-10,周低点,50.00,周高点,53.00,本周价,52.00,50.0,53.0,52.0,本周价,$46.00,2026-04-21 11:00,-2.00,-4.17%,上周价,$48.00,周高点,$47.00,周低点,$44.00,,https://www.chinaflashmarket.com/price/ssdchannel,https://www.chinaflashmarket.com/price/ews/100178,https://www.chinaflashmarket.com/price/ews/100178/1,2026-04-22 20:13:57
PC,SSD(渠道市场),SSD(SATA 3) 240GB,美元,2026-03-03,周低点,45.00,周高点,48.00,本周价,47.00,45.0,48.0,47.0,本周价,$46.00,2026-04-21 11:00,-2.00,-4.17%,上周价,$48.00,周高点,$47.00,周低点,$44.00,,https://www.chinaflashmarket.com/price/ssdchannel,https://www.chinaflashmarket.com/price/ews/100178,https://www.chinaflashmarket.com/price/ews/100178/1,2026-04-22 20:13:57
PC,SSD(渠道市场),SSD(SATA 3) 240GB,美元,2026-02-24,周低点,45.00,周高点,48.00,本周价,47.00,45.0,48.0,47.0,本周价,$46.00,2026-04-21 11:00,-2.00,-4.17%,上周价,$48.00,周高点,$47.00,周低点,$44.00,,https://www.chinaflashmarket.com/price/ssdchannel,https://www.chinaflashmarket.com/price/ews/100178,https://www.chinaflashmarket.com/price/ews/100178/1,2026-04-22 20:13:57
PC,SSD(渠道市场),SSD(SATA 3) 240GB,美元,2026-02-10,周低点,45.00,周高点,48.00,本周价,47.00,45.0,48.0,47.0,本周价,$46.00,2026-04-21 11:00,-2.00,-4.17%,上周价,$48.00,周高点,$47.00,周低点,$44.00,,https://www.chinaflashmarket.com/price/ssdchannel,https://www.chinaflashmarket.com/price/ews/100178,https://www.chinaflashmarket.com/price/ews/100178/1,2026-04-22 20:13:57
PC,SSD(渠道市场),SSD(SATA 3) 240GB,美元,2026-02-03,周低点,45.00,周高点,48.00,本周价,47.00,45.0,48.0,47.0,本周价,$46.00,2026-04-21 11:00,-2.00,-4.17%,上周价,$48.00,周高点,$47.00,周低点,$44.00,,https://www.chinaflashmarket.com/price/ssdchannel,https://www.chinaflashmarket.com/price/ews/100178,https://www.chinaflashmarket.com/price/ews/100178/1,2026-04-22 20:13:57
PC,SSD(渠道市场),SSD(SATA 3) 240GB,美元,2026-01-27,周低点,45.00,周高点,48.00,本周价,47.00,45.0,48.0,47.0,本周价,$46.00,2026-04-21 11:00,-2.00,-4.17%,上周价,$48.00,周高点,$47.00,周低点,$44.00,,https://www.chinaflashmarket.com/price/ssdchannel,https://www.chinaflashmarket.com/price/ews/100178,https://www.chinaflashmarket.com/price/ews/100178/1,2026-04-22 20:13:57
PC,SSD(渠道市场),SSD(SATA 3) 480GB,美元,2026-04-21,周低点,79.50,周高点,83.00,本周价,82.00,79.5,83.0,82.0,本周价,$82.00,2026-04-21 11:00,-1.00,-1.20%,上周价,$83.00,周高点,$83.00,周低点,$79.50,,https://www.chinaflashmarket.com/price/ssdchannel,https://www.chinaflashmarket.com/price/ews/100179,https://www.chinaflashmarket.com/price/ews/100179/1,2026-04-22 20:13:57
PC,SSD(渠道市场),SSD(SATA 3) 480GB,美元,2026-04-14,周低点,80.50,周高点,84.00,本周价,83.00,80.5,84.0,83.0,本周价,$82.00,2026-04-21 11:00,-1.00,-1.20%,上周价,$83.00,周高点,$83.00,周低点,$79.50,,https://www.chinaflashmarket.com/price/ssdchannel,https://www.chinaflashmarket.com/price/ews/100179,https://www.chinaflashmarket.com/price/ews/100179/1,2026-04-22 20:13:57
PC,SSD(渠道市场),SSD(SATA 3) 480GB,美元,2026-04-07,周低点,83.50,周高点,87.00,本周价,86.00,83.5,87.0,86.0,本周价,$82.00,2026-04-21 11:00,-1.00,-1.20%,上周价,$83.00,周高点,$83.00,周低点,$79.50,,https://www.chinaflashmarket.com/price/ssdchannel,https://www.chinaflashmarket.com/price/ews/100179,https://www.chinaflashmarket.com/price/ews/100179/1,2026-04-22 20:13:57
PC,SSD(渠道市场),SSD(SATA 3) 480GB,美元,2026-03-31,周低点,83.50,周高点,87.00,本周价,86.00,83.5,87.0,86.0,本周价,$82.00,2026-04-21 11:00,-1.00,-1.20%,上周价,$83.00,周高点,$83.00,周低点,$79.50,,https://www.chinaflashmarket.com/price/ssdchannel,https://www.chinaflashmarket.com/price/ews/100179,https://www.chinaflashmarket.com/price/ews/100179/1,2026-04-22 20:13:57
PC,SSD(渠道市场),SSD(SATA 3) 480GB,美元,2026-03-24,周低点,87.50,周高点,91.00,本周价,90.00,87.5,91.0,90.0,本周价,$82.00,2026-04-21 11:00,-1.00,-1.20%,上周价,$83.00,周高点,$83.00,周低点,$79.50,,https://www.chinaflashmarket.com/price/ssdchannel,https://www.chinaflashmarket.com/price/ews/100179,https://www.chinaflashmarket.com/price/ews/100179/1,2026-04-22 20:13:57
PC,SSD(渠道市场),SSD(SATA 3) 480GB,美元,2026-03-17,周低点,87.50,周高点,91.00,本周价,90.00,87.5,91.0,90.0,本周价,$82.00,2026-04-21 11:00,-1.00,-1.20%,上周价,$83.00,周高点,$83.00,周低点,$79.50,,https://www.chinaflashmarket.com/price/ssdchannel,https://www.chinaflashmarket.com/price/ews/100179,https://www.chinaflashmarket.com/price/ews/100179/1,2026-04-22 20:13:57
PC,SSD(渠道市场),SSD(SATA 3) 480GB,美元,2026-03-10,周低点,87.50,周高点,91.00,本周价,90.00,87.5,91.0,90.0,本周价,$82.00,2026-04-21 11:00,-1.00,-1.20%,上周价,$83.00,周高点,$83.00,周低点,$79.50,,https://www.chinaflashmarket.com/price/ssdchannel,https://www.chinaflashmarket.com/price/ews/100179,https://www.chinaflashmarket.com/price/ews/100179/1,2026-04-22 20:13:57
PC,SSD(渠道市场),SSD(SATA 3) 480GB,美元,2026-03-03,周低点,77.50,周高点,81.00,本周价,80.00,77.5,81.0,80.0,本周价,$82.00,2026-04-21 11:00,-1.00,-1.20%,上周价,$83.00,周高点,$83.00,周低点,$79.50,,https://www.chinaflashmarket.com/price/ssdchannel,https://www.chinaflashmarket.com/price/ews/100179,https://www.chinaflashmarket.com/price/ews/100179/1,2026-04-22 20:13:57
PC,SSD(渠道市场),SSD(SATA 3) 480GB,美元,2026-02-24,周低点,77.50,周高点,81.00,本周价,80.00,77.5,81.0,80.0,本周价,$82.00,2026-04-21 11:00,-1.00,-1.20%,上周价,$83.00,周高点,$83.00,周低点,$79.50,,https://www.chinaflashmarket.com/price/ssdchannel,https://www.chinaflashmarket.com/price/ews/100179,https://www.chinaflashmarket.com/price/ews/100179/1,2026-04-22 20:13:57
PC,SSD(渠道市场),SSD(SATA 3) 480GB,美元,2026-02-10,周低点,77.50,周高点,81.00,本周价,80.00,77.5,81.0,80.0,本周价,$82.00,2026-04-21 11:00,-1.00,-1.20%,上周价,$83.00,周高点,$83.00,周低点,$79.50,,https://www.chinaflashmarket.com/price/ssdchannel,https://www.chinaflashmarket.com/price/ews/100179,https://www.chinaflashmarket.com/price/ews/100179/1,2026-04-22 20:13:57
PC,SSD(渠道市场),SSD(SATA 3) 480GB,美元,2026-02-03,周低点,77.50,周高点,81.00,本周价,80.00,77.5,81.0,80.0,本周价,$82.00,2026-04-21 11:00,-1.00,-1.20%,上周价,$83.00,周高点,$83.00,周低点,$79.50,,https://www.chinaflashmarket.com/price/ssdchannel,https://www.chinaflashmarket.com/price/ews/100179,https://www.chinaflashmarket.com/price/ews/100179/1,2026-04-22 20:13:57
PC,SSD(渠道市场),SSD(SATA 3) 480GB,美元,2026-01-27,周低点,77.50,周高点,81.00,本周价,80.00,77.5,81.0,80.0,本周价,$82.00,2026-04-21 11:00,-1.00,-1.20%,上周价,$83.00,周高点,$83.00,周低点,$79.50,,https://www.chinaflashmarket.com/price/ssdchannel,https://www.chinaflashmarket.com/price/ews/100179,https://www.chinaflashmarket.com/price/ews/100179/1,2026-04-22 20:13:57
PC,SSD(渠道市场),SSD(PCIe 3.0) 256GB,美元,2026-04-21,周低点,48.00,周高点,50.00,本周价,49.00,48.0,50.0,49.0,本周价,$49.00,2026-04-21 11:00,-1.00,-2.00%,上周价,$50.00,周高点,$50.00,周低点,$48.00,,https://www.chinaflashmarket.com/price/ssdchannel,https://www.chinaflashmarket.com/price/ews/100231,https://www.chinaflashmarket.com/price/ews/100231/1,2026-04-22 20:13:57
PC,SSD(渠道市场),SSD(PCIe 3.0) 256GB,美元,2026-04-14,周低点,49.00,周高点,51.00,本周价,50.00,49.0,51.0,50.0,本周价,$49.00,2026-04-21 11:00,-1.00,-2.00%,上周价,$50.00,周高点,$50.00,周低点,$48.00,,https://www.chinaflashmarket.com/price/ssdchannel,https://www.chinaflashmarket.com/price/ews/100231,https://www.chinaflashmarket.com/price/ews/100231/1,2026-04-22 20:13:57
PC,SSD(渠道市场),SSD(PCIe 3.0) 256GB,美元,2026-04-07,周低点,51.00,周高点,53.00,本周价,52.00,51.0,53.0,52.0,本周价,$49.00,2026-04-21 11:00,-1.00,-2.00%,上周价,$50.00,周高点,$50.00,周低点,$48.00,,https://www.chinaflashmarket.com/price/ssdchannel,https://www.chinaflashmarket.com/price/ews/100231,https://www.chinaflashmarket.com/price/ews/100231/1,2026-04-22 20:13:57
PC,SSD(渠道市场),SSD(PCIe 3.0) 256GB,美元,2026-03-31,周低点,51.00,周高点,53.00,本周价,52.00,51.0,53.0,52.0,本周价,$49.00,2026-04-21 11:00,-1.00,-2.00%,上周价,$50.00,周高点,$50.00,周低点,$48.00,,https://www.chinaflashmarket.com/price/ssdchannel,https://www.chinaflashmarket.com/price/ews/100231,https://www.chinaflashmarket.com/price/ews/100231/1,2026-04-22 20:13:57
PC,SSD(渠道市场),SSD(PCIe 3.0) 256GB,美元,2026-03-24,周低点,54.00,周高点,56.00,本周价,55.00,54.0,56.0,55.0,本周价,$49.00,2026-04-21 11:00,-1.00,-2.00%,上周价,$50.00,周高点,$50.00,周低点,$48.00,,https://www.chinaflashmarket.com/price/ssdchannel,https://www.chinaflashmarket.com/price/ews/100231,https://www.chinaflashmarket.com/price/ews/100231/1,2026-04-22 20:13:57
PC,SSD(渠道市场),SSD(PCIe 3.0) 256GB,美元,2026-03-17,周低点,54.00,周高点,56.00,本周价,55.00,54.0,56.0,55.0,本周价,$49.00,2026-04-21 11:00,-1.00,-2.00%,上周价,$50.00,周高点,$50.00,周低点,$48.00,,https://www.chinaflashmarket.com/price/ssdchannel,https://www.chinaflashmarket.com/price/ews/100231,https://www.chinaflashmarket.com/price/ews/100231/1,2026-04-22 20:13:57
PC,SSD(渠道市场),SSD(PCIe 3.0) 256GB,美元,2026-03-10,周低点,54.00,周高点,56.00,本周价,55.00,54.0,56.0,55.0,本周价,$49.00,2026-04-21 11:00,-1.00,-2.00%,上周价,$50.00,周高点,$50.00,周低点,$48.00,,https://www.chinaflashmarket.com/price/ssdchannel,https://www.chinaflashmarket.com/price/ews/100231,https://www.chinaflashmarket.com/price/ews/100231/1,2026-04-22 20:13:57
PC,SSD(渠道市场),SSD(PCIe 3.0) 256GB,美元,2026-03-03,周低点,46.00,周高点,48.00,本周价,47.00,46.0,48.0,47.0,本周价,$49.00,2026-04-21 11:00,-1.00,-2.00%,上周价,$50.00,周高点,$50.00,周低点,$48.00,,https://www.chinaflashmarket.com/price/ssdchannel,https://www.chinaflashmarket.com/price/ews/100231,https://www.chinaflashmarket.com/price/ews/100231/1,2026-04-22 20:13:57
PC,SSD(渠道市场),SSD(PCIe 3.0) 256GB,美元,2026-02-24,周低点,46.00,周高点,48.00,本周价,47.00,46.0,48.0,47.0,本周价,$49.00,2026-04-21 11:00,-1.00,-2.00%,上周价,$50.00,周高点,$50.00,周低点,$48.00,,https://www.chinaflashmarket.com/price/ssdchannel,https://www.chinaflashmarket.com/price/ews/100231,https://www.chinaflashmarket.com/price/ews/100231/1,2026-04-22 20:13:57
PC,SSD(渠道市场),SSD(PCIe 3.0) 256GB,美元,2026-02-10,周低点,46.00,周高点,48.00,本周价,47.00,46.0,48.0,47.0,本周价,$49.00,2026-04-21 11:00,-1.00,-2.00%,上周价,$50.00,周高点,$50.00,周低点,$48.00,,https://www.chinaflashmarket.com/price/ssdchannel,https://www.chinaflashmarket.com/price/ews/100231,https://www.chinaflashmarket.com/price/ews/100231/1,2026-04-22 20:13:57
PC,SSD(渠道市场),SSD(PCIe 3.0) 256GB,美元,2026-02-03,周低点,46.00,周高点,48.00,本周价,47.00,46.0,48.0,47.0,本周价,$49.00,2026-04-21 11:00,-1.00,-2.00%,上周价,$50.00,周高点,$50.00,周低点,$48.00,,https://www.chinaflashmarket.com/price/ssdchannel,https://www.chinaflashmarket.com/price/ews/100231,https://www.chinaflashmarket.com/price/ews/100231/1,2026-04-22 20:13:57
PC,SSD(渠道市场),SSD(PCIe 3.0) 256GB,美元,2026-01-27,周低点,46.00,周高点,48.00,本周价,47.00,46.0,48.0,47.0,本周价,$49.00,2026-04-21 11:00,-1.00,-2.00%,上周价,$50.00,周高点,$50.00,周低点,$48.00,,https://www.chinaflashmarket.com/price/ssdchannel,https://www.chinaflashmarket.com/price/ews/100231,https://www.chinaflashmarket.com/price/ews/100231/1,2026-04-22 20:13:57
PC,SSD(渠道市场),SSD(PCIe 3.0) 512GB,美元,2026-04-21,周低点,92.00,周高点,94.00,本周价,93.00,92.0,94.0,93.0,本周价,$93.00,2026-04-21 11:00,-2.00,-2.11%,上周价,$95.00,周高点,$94.00,周低点,$92.00,,https://www.chinaflashmarket.com/price/ssdchannel,https://www.chinaflashmarket.com/price/ews/100232,https://www.chinaflashmarket.com/price/ews/100232/1,2026-04-22 20:13:57
PC,SSD(渠道市场),SSD(PCIe 3.0) 512GB,美元,2026-04-14,周低点,94.00,周高点,96.00,本周价,95.00,94.0,96.0,95.0,本周价,$93.00,2026-04-21 11:00,-2.00,-2.11%,上周价,$95.00,周高点,$94.00,周低点,$92.00,,https://www.chinaflashmarket.com/price/ssdchannel,https://www.chinaflashmarket.com/price/ews/100232,https://www.chinaflashmarket.com/price/ews/100232/1,2026-04-22 20:13:57
PC,SSD(渠道市场),SSD(PCIe 3.0) 512GB,美元,2026-04-07,周低点,99.00,周高点,101.20,本周价,100.00,99.0,101.2,100.0,本周价,$93.00,2026-04-21 11:00,-2.00,-2.11%,上周价,$95.00,周高点,$94.00,周低点,$92.00,,https://www.chinaflashmarket.com/price/ssdchannel,https://www.chinaflashmarket.com/price/ews/100232,https://www.chinaflashmarket.com/price/ews/100232/1,2026-04-22 20:13:57
PC,SSD(渠道市场),SSD(PCIe 3.0) 512GB,美元,2026-03-31,周低点,99.00,周高点,101.20,本周价,100.00,99.0,101.2,100.0,本周价,$93.00,2026-04-21 11:00,-2.00,-2.11%,上周价,$95.00,周高点,$94.00,周低点,$92.00,,https://www.chinaflashmarket.com/price/ssdchannel,https://www.chinaflashmarket.com/price/ews/100232,https://www.chinaflashmarket.com/price/ews/100232/1,2026-04-22 20:13:57
PC,SSD(渠道市场),SSD(PCIe 3.0) 512GB,美元,2026-03-24,周低点,104.00,周高点,106.20,本周价,105.00,104.0,106.2,105.0,本周价,$93.00,2026-04-21 11:00,-2.00,-2.11%,上周价,$95.00,周高点,$94.00,周低点,$92.00,,https://www.chinaflashmarket.com/price/ssdchannel,https://www.chinaflashmarket.com/price/ews/100232,https://www.chinaflashmarket.com/price/ews/100232/1,2026-04-22 20:13:57
PC,SSD(渠道市场),SSD(PCIe 3.0) 512GB,美元,2026-03-17,周低点,104.00,周高点,106.20,本周价,105.00,104.0,106.2,105.0,本周价,$93.00,2026-04-21 11:00,-2.00,-2.11%,上周价,$95.00,周高点,$94.00,周低点,$92.00,,https://www.chinaflashmarket.com/price/ssdchannel,https://www.chinaflashmarket.com/price/ews/100232,https://www.chinaflashmarket.com/price/ews/100232/1,2026-04-22 20:13:57
PC,SSD(渠道市场),SSD(PCIe 3.0) 512GB,美元,2026-03-10,周低点,104.00,周高点,106.20,本周价,105.00,104.0,106.2,105.0,本周价,$93.00,2026-04-21 11:00,-2.00,-2.11%,上周价,$95.00,周高点,$94.00,周低点,$92.00,,https://www.chinaflashmarket.com/price/ssdchannel,https://www.chinaflashmarket.com/price/ews/100232,https://www.chinaflashmarket.com/price/ews/100232/1,2026-04-22 20:13:57
PC,SSD(渠道市场),SSD(PCIe 3.0) 512GB,美元,2026-03-03,周低点,85.00,周高点,87.20,本周价,86.00,85.0,87.2,86.0,本周价,$93.00,2026-04-21 11:00,-2.00,-2.11%,上周价,$95.00,周高点,$94.00,周低点,$92.00,,https://www.chinaflashmarket.com/price/ssdchannel,https://www.chinaflashmarket.com/price/ews/100232,https://www.chinaflashmarket.com/price/ews/100232/1,2026-04-22 20:13:57
PC,SSD(渠道市场),SSD(PCIe 3.0) 512GB,美元,2026-02-24,周低点,85.00,周高点,87.20,本周价,86.00,85.0,87.2,86.0,本周价,$93.00,2026-04-21 11:00,-2.00,-2.11%,上周价,$95.00,周高点,$94.00,周低点,$92.00,,https://www.chinaflashmarket.com/price/ssdchannel,https://www.chinaflashmarket.com/price/ews/100232,https://www.chinaflashmarket.com/price/ews/100232/1,2026-04-22 20:13:57
PC,SSD(渠道市场),SSD(PCIe 3.0) 512GB,美元,2026-02-10,周低点,85.00,周高点,87.20,本周价,86.00,85.0,87.2,86.0,本周价,$93.00,2026-04-21 11:00,-2.00,-2.11%,上周价,$95.00,周高点,$94.00,周低点,$92.00,,https://www.chinaflashmarket.com/price/ssdchannel,https://www.chinaflashmarket.com/price/ews/100232,https://www.chinaflashmarket.com/price/ews/100232/1,2026-04-22 20:13:57
PC,SSD(渠道市场),SSD(PCIe 3.0) 512GB,美元,2026-02-03,周低点,85.00,周高点,87.20,本周价,86.00,85.0,87.2,86.0,本周价,$93.00,2026-04-21 11:00,-2.00,-2.11%,上周价,$95.00,周高点,$94.00,周低点,$92.00,,https://www.chinaflashmarket.com/price/ssdchannel,https://www.chinaflashmarket.com/price/ews/100232,https://www.chinaflashmarket.com/price/ews/100232/1,2026-04-22 20:13:57
PC,SSD(渠道市场),SSD(PCIe 3.0) 512GB,美元,2026-01-27,周低点,85.00,周高点,87.20,本周价,86.00,85.0,87.2,86.0,本周价,$93.00,2026-04-21 11:00,-2.00,-2.11%,上周价,$95.00,周高点,$94.00,周低点,$92.00,,https://www.chinaflashmarket.com/price/ssdchannel,https://www.chinaflashmarket.com/price/ews/100232,https://www.chinaflashmarket.com/price/ews/100232/1,2026-04-22 20:13:57
PC,SSD(渠道市场),SSD(PCIe 3.0) 1TB,美元,2026-04-21,周低点,147.00,周高点,149.00,本周价,148.00,147.0,149.0,148.0,本周价,$148.00,2026-04-21 11:00,-2.00,-1.33%,上周价,$150.00,周高点,$149.00,周低点,$147.00,,https://www.chinaflashmarket.com/price/ssdchannel,https://www.chinaflashmarket.com/price/ews/100233,https://www.chinaflashmarket.com/price/ews/100233/1,2026-04-22 20:13:57
PC,SSD(渠道市场),SSD(PCIe 3.0) 1TB,美元,2026-04-14,周低点,149.00,周高点,151.00,本周价,150.00,149.0,151.0,150.0,本周价,$148.00,2026-04-21 11:00,-2.00,-1.33%,上周价,$150.00,周高点,$149.00,周低点,$147.00,,https://www.chinaflashmarket.com/price/ssdchannel,https://www.chinaflashmarket.com/price/ews/100233,https://www.chinaflashmarket.com/price/ews/100233/1,2026-04-22 20:13:57
PC,SSD(渠道市场),SSD(PCIe 3.0) 1TB,美元,2026-04-07,周低点,154.00,周高点,156.00,本周价,155.00,154.0,156.0,155.0,本周价,$148.00,2026-04-21 11:00,-2.00,-1.33%,上周价,$150.00,周高点,$149.00,周低点,$147.00,,https://www.chinaflashmarket.com/price/ssdchannel,https://www.chinaflashmarket.com/price/ews/100233,https://www.chinaflashmarket.com/price/ews/100233/1,2026-04-22 20:13:57
PC,SSD(渠道市场),SSD(PCIe 3.0) 1TB,美元,2026-03-31,周低点,154.00,周高点,156.00,本周价,155.00,154.0,156.0,155.0,本周价,$148.00,2026-04-21 11:00,-2.00,-1.33%,上周价,$150.00,周高点,$149.00,周低点,$147.00,,https://www.chinaflashmarket.com/price/ssdchannel,https://www.chinaflashmarket.com/price/ews/100233,https://www.chinaflashmarket.com/price/ews/100233/1,2026-04-22 20:13:57
PC,SSD(渠道市场),SSD(PCIe 3.0) 1TB,美元,2026-03-24,周低点,159.00,周高点,161.00,本周价,160.00,159.0,161.0,160.0,本周价,$148.00,2026-04-21 11:00,-2.00,-1.33%,上周价,$150.00,周高点,$149.00,周低点,$147.00,,https://www.chinaflashmarket.com/price/ssdchannel,https://www.chinaflashmarket.com/price/ews/100233,https://www.chinaflashmarket.com/price/ews/100233/1,2026-04-22 20:13:57
PC,SSD(渠道市场),SSD(PCIe 3.0) 1TB,美元,2026-03-17,周低点,159.00,周高点,161.00,本周价,160.00,159.0,161.0,160.0,本周价,$148.00,2026-04-21 11:00,-2.00,-1.33%,上周价,$150.00,周高点,$149.00,周低点,$147.00,,https://www.chinaflashmarket.com/price/ssdchannel,https://www.chinaflashmarket.com/price/ews/100233,https://www.chinaflashmarket.com/price/ews/100233/1,2026-04-22 20:13:57
PC,SSD(渠道市场),SSD(PCIe 3.0) 1TB,美元,2026-03-10,周低点,159.00,周高点,161.00,本周价,160.00,159.0,161.0,160.0,本周价,$148.00,2026-04-21 11:00,-2.00,-1.33%,上周价,$150.00,周高点,$149.00,周低点,$147.00,,https://www.chinaflashmarket.com/price/ssdchannel,https://www.chinaflashmarket.com/price/ews/100233,https://www.chinaflashmarket.com/price/ews/100233/1,2026-04-22 20:13:57
PC,SSD(渠道市场),SSD(PCIe 3.0) 1TB,美元,2026-03-03,周低点,139.00,周高点,141.00,本周价,140.00,139.0,141.0,140.0,本周价,$148.00,2026-04-21 11:00,-2.00,-1.33%,上周价,$150.00,周高点,$149.00,周低点,$147.00,,https://www.chinaflashmarket.com/price/ssdchannel,https://www.chinaflashmarket.com/price/ews/100233,https://www.chinaflashmarket.com/price/ews/100233/1,2026-04-22 20:13:57
PC,SSD(渠道市场),SSD(PCIe 3.0) 1TB,美元,2026-02-24,周低点,139.00,周高点,141.00,本周价,140.00,139.0,141.0,140.0,本周价,$148.00,2026-04-21 11:00,-2.00,-1.33%,上周价,$150.00,周高点,$149.00,周低点,$147.00,,https://www.chinaflashmarket.com/price/ssdchannel,https://www.chinaflashmarket.com/price/ews/100233,https://www.chinaflashmarket.com/price/ews/100233/1,2026-04-22 20:13:57
PC,SSD(渠道市场),SSD(PCIe 3.0) 1TB,美元,2026-02-10,周低点,139.00,周高点,141.00,本周价,140.00,139.0,141.0,140.0,本周价,$148.00,2026-04-21 11:00,-2.00,-1.33%,上周价,$150.00,周高点,$149.00,周低点,$147.00,,https://www.chinaflashmarket.com/price/ssdchannel,https://www.chinaflashmarket.com/price/ews/100233,https://www.chinaflashmarket.com/price/ews/100233/1,2026-04-22 20:13:57
PC,SSD(渠道市场),SSD(PCIe 3.0) 1TB,美元,2026-02-03,周低点,139.00,周高点,141.00,本周价,140.00,139.0,141.0,140.0,本周价,$148.00,2026-04-21 11:00,-2.00,-1.33%,上周价,$150.00,周高点,$149.00,周低点,$147.00,,https://www.chinaflashmarket.com/price/ssdchannel,https://www.chinaflashmarket.com/price/ews/100233,https://www.chinaflashmarket.com/price/ews/100233/1,2026-04-22 20:13:57
PC,SSD(渠道市场),SSD(PCIe 3.0) 1TB,美元,2026-01-27,周低点,139.00,周高点,141.00,本周价,140.00,139.0,141.0,140.0,本周价,$148.00,2026-04-21 11:00,-2.00,-1.33%,上周价,$150.00,周高点,$149.00,周低点,$147.00,,https://www.chinaflashmarket.com/price/ssdchannel,https://www.chinaflashmarket.com/price/ews/100233,https://www.chinaflashmarket.com/price/ews/100233/1,2026-04-22 20:13:57
PC,SSD(渠道市场),SSD(PCIe 4.0) 512GB,美元,2026-04-21,周低点,92.00,周高点,94.00,本周价,93.00,92.0,94.0,93.0,本周价,$93.00,2026-04-21 11:00,-2.00,-2.11%,上周价,$95.00,周高点,$94.00,周低点,$92.00,,https://www.chinaflashmarket.com/price/ssdchannel,https://www.chinaflashmarket.com/price/ews/100243,https://www.chinaflashmarket.com/price/ews/100243/1,2026-04-22 20:13:57
PC,SSD(渠道市场),SSD(PCIe 4.0) 512GB,美元,2026-04-14,周低点,94.00,周高点,96.00,本周价,95.00,94.0,96.0,95.0,本周价,$93.00,2026-04-21 11:00,-2.00,-2.11%,上周价,$95.00,周高点,$94.00,周低点,$92.00,,https://www.chinaflashmarket.com/price/ssdchannel,https://www.chinaflashmarket.com/price/ews/100243,https://www.chinaflashmarket.com/price/ews/100243/1,2026-04-22 20:13:57
PC,SSD(渠道市场),SSD(PCIe 4.0) 512GB,美元,2026-04-07,周低点,97.00,周高点,99.00,本周价,98.00,97.0,99.0,98.0,本周价,$93.00,2026-04-21 11:00,-2.00,-2.11%,上周价,$95.00,周高点,$94.00,周低点,$92.00,,https://www.chinaflashmarket.com/price/ssdchannel,https://www.chinaflashmarket.com/price/ews/100243,https://www.chinaflashmarket.com/price/ews/100243/1,2026-04-22 20:13:57
PC,SSD(渠道市场),SSD(PCIe 4.0) 512GB,美元,2026-03-31,周低点,97.00,周高点,99.00,本周价,98.00,97.0,99.0,98.0,本周价,$93.00,2026-04-21 11:00,-2.00,-2.11%,上周价,$95.00,周高点,$94.00,周低点,$92.00,,https://www.chinaflashmarket.com/price/ssdchannel,https://www.chinaflashmarket.com/price/ews/100243,https://www.chinaflashmarket.com/price/ews/100243/1,2026-04-22 20:13:57
PC,SSD(渠道市场),SSD(PCIe 4.0) 512GB,美元,2026-03-24,周低点,99.00,周高点,101.00,本周价,100.00,99.0,101.0,100.0,本周价,$93.00,2026-04-21 11:00,-2.00,-2.11%,上周价,$95.00,周高点,$94.00,周低点,$92.00,,https://www.chinaflashmarket.com/price/ssdchannel,https://www.chinaflashmarket.com/price/ews/100243,https://www.chinaflashmarket.com/price/ews/100243/1,2026-04-22 20:13:57
PC,SSD(渠道市场),SSD(PCIe 4.0) 512GB,美元,2026-03-17,周低点,99.00,周高点,101.00,本周价,100.00,99.0,101.0,100.0,本周价,$93.00,2026-04-21 11:00,-2.00,-2.11%,上周价,$95.00,周高点,$94.00,周低点,$92.00,,https://www.chinaflashmarket.com/price/ssdchannel,https://www.chinaflashmarket.com/price/ews/100243,https://www.chinaflashmarket.com/price/ews/100243/1,2026-04-22 20:13:57
PC,SSD(渠道市场),SSD(PCIe 4.0) 512GB,美元,2026-03-10,周低点,99.00,周高点,101.00,本周价,100.00,99.0,101.0,100.0,本周价,$93.00,2026-04-21 11:00,-2.00,-2.11%,上周价,$95.00,周高点,$94.00,周低点,$92.00,,https://www.chinaflashmarket.com/price/ssdchannel,https://www.chinaflashmarket.com/price/ews/100243,https://www.chinaflashmarket.com/price/ews/100243/1,2026-04-22 20:13:57
PC,SSD(渠道市场),SSD(PCIe 4.0) 512GB,美元,2026-03-03,周低点,87.00,周高点,89.00,本周价,88.00,87.0,89.0,88.0,本周价,$93.00,2026-04-21 11:00,-2.00,-2.11%,上周价,$95.00,周高点,$94.00,周低点,$92.00,,https://www.chinaflashmarket.com/price/ssdchannel,https://www.chinaflashmarket.com/price/ews/100243,https://www.chinaflashmarket.com/price/ews/100243/1,2026-04-22 20:13:57
PC,SSD(渠道市场),SSD(PCIe 4.0) 512GB,美元,2026-02-24,周低点,87.00,周高点,89.00,本周价,88.00,87.0,89.0,88.0,本周价,$93.00,2026-04-21 11:00,-2.00,-2.11%,上周价,$95.00,周高点,$94.00,周低点,$92.00,,https://www.chinaflashmarket.com/price/ssdchannel,https://www.chinaflashmarket.com/price/ews/100243,https://www.chinaflashmarket.com/price/ews/100243/1,2026-04-22 20:13:57
PC,SSD(渠道市场),SSD(PCIe 4.0) 512GB,美元,2026-02-10,周低点,87.00,周高点,89.00,本周价,88.00,87.0,89.0,88.0,本周价,$93.00,2026-04-21 11:00,-2.00,-2.11%,上周价,$95.00,周高点,$94.00,周低点,$92.00,,https://www.chinaflashmarket.com/price/ssdchannel,https://www.chinaflashmarket.com/price/ews/100243,https://www.chinaflashmarket.com/price/ews/100243/1,2026-04-22 20:13:57
PC,SSD(渠道市场),SSD(PCIe 4.0) 512GB,美元,2026-02-03,周低点,87.00,周高点,89.00,本周价,88.00,87.0,89.0,88.0,本周价,$93.00,2026-04-21 11:00,-2.00,-2.11%,上周价,$95.00,周高点,$94.00,周低点,$92.00,,https://www.chinaflashmarket.com/price/ssdchannel,https://www.chinaflashmarket.com/price/ews/100243,https://www.chinaflashmarket.com/price/ews/100243/1,2026-04-22 20:13:57
PC,SSD(渠道市场),SSD(PCIe 4.0) 512GB,美元,2026-01-27,周低点,87.00,周高点,89.00,本周价,88.00,87.0,89.0,88.0,本周价,$93.00,2026-04-21 11:00,-2.00,-2.11%,上周价,$95.00,周高点,$94.00,周低点,$92.00,,https://www.chinaflashmarket.com/price/ssdchannel,https://www.chinaflashmarket.com/price/ews/100243,https://www.chinaflashmarket.com/price/ews/100243/1,2026-04-22 20:13:57
PC,SSD(渠道市场),SSD(PCIe 4.0) 1TB,美元,2026-04-21,周低点,155.00,周高点,157.00,本周价,156.00,155.0,157.0,156.0,本周价,$156.00,2026-04-21 11:00,-4.00,-2.50%,上周价,$160.00,周高点,$157.00,周低点,$155.00,,https://www.chinaflashmarket.com/price/ssdchannel,https://www.chinaflashmarket.com/price/ews/100244,https://www.chinaflashmarket.com/price/ews/100244/1,2026-04-22 20:13:57
PC,SSD(渠道市场),SSD(PCIe 4.0) 1TB,美元,2026-04-14,周低点,159.00,周高点,161.00,本周价,160.00,159.0,161.0,160.0,本周价,$156.00,2026-04-21 11:00,-4.00,-2.50%,上周价,$160.00,周高点,$157.00,周低点,$155.00,,https://www.chinaflashmarket.com/price/ssdchannel,https://www.chinaflashmarket.com/price/ews/100244,https://www.chinaflashmarket.com/price/ews/100244/1,2026-04-22 20:13:57
PC,SSD(渠道市场),SSD(PCIe 4.0) 1TB,美元,2026-04-07,周低点,164.00,周高点,166.00,本周价,165.00,164.0,166.0,165.0,本周价,$156.00,2026-04-21 11:00,-4.00,-2.50%,上周价,$160.00,周高点,$157.00,周低点,$155.00,,https://www.chinaflashmarket.com/price/ssdchannel,https://www.chinaflashmarket.com/price/ews/100244,https://www.chinaflashmarket.com/price/ews/100244/1,2026-04-22 20:13:57
PC,SSD(渠道市场),SSD(PCIe 4.0) 1TB,美元,2026-03-31,周低点,164.00,周高点,166.00,本周价,165.00,164.0,166.0,165.0,本周价,$156.00,2026-04-21 11:00,-4.00,-2.50%,上周价,$160.00,周高点,$157.00,周低点,$155.00,,https://www.chinaflashmarket.com/price/ssdchannel,https://www.chinaflashmarket.com/price/ews/100244,https://www.chinaflashmarket.com/price/ews/100244/1,2026-04-22 20:13:57
PC,SSD(渠道市场),SSD(PCIe 4.0) 1TB,美元,2026-03-24,周低点,169.00,周高点,171.00,本周价,170.00,169.0,171.0,170.0,本周价,$156.00,2026-04-21 11:00,-4.00,-2.50%,上周价,$160.00,周高点,$157.00,周低点,$155.00,,https://www.chinaflashmarket.com/price/ssdchannel,https://www.chinaflashmarket.com/price/ews/100244,https://www.chinaflashmarket.com/price/ews/100244/1,2026-04-22 20:13:57
PC,SSD(渠道市场),SSD(PCIe 4.0) 1TB,美元,2026-03-17,周低点,169.00,周高点,171.00,本周价,170.00,169.0,171.0,170.0,本周价,$156.00,2026-04-21 11:00,-4.00,-2.50%,上周价,$160.00,周高点,$157.00,周低点,$155.00,,https://www.chinaflashmarket.com/price/ssdchannel,https://www.chinaflashmarket.com/price/ews/100244,https://www.chinaflashmarket.com/price/ews/100244/1,2026-04-22 20:13:57
PC,SSD(渠道市场),SSD(PCIe 4.0) 1TB,美元,2026-03-10,周低点,169.00,周高点,171.00,本周价,170.00,169.0,171.0,170.0,本周价,$156.00,2026-04-21 11:00,-4.00,-2.50%,上周价,$160.00,周高点,$157.00,周低点,$155.00,,https://www.chinaflashmarket.com/price/ssdchannel,https://www.chinaflashmarket.com/price/ews/100244,https://www.chinaflashmarket.com/price/ews/100244/1,2026-04-22 20:13:57
PC,SSD(渠道市场),SSD(PCIe 4.0) 1TB,美元,2026-03-03,周低点,144.00,周高点,146.00,本周价,145.00,144.0,146.0,145.0,本周价,$156.00,2026-04-21 11:00,-4.00,-2.50%,上周价,$160.00,周高点,$157.00,周低点,$155.00,,https://www.chinaflashmarket.com/price/ssdchannel,https://www.chinaflashmarket.com/price/ews/100244,https://www.chinaflashmarket.com/price/ews/100244/1,2026-04-22 20:13:57
PC,SSD(渠道市场),SSD(PCIe 4.0) 1TB,美元,2026-02-24,周低点,144.00,周高点,146.00,本周价,145.00,144.0,146.0,145.0,本周价,$156.00,2026-04-21 11:00,-4.00,-2.50%,上周价,$160.00,周高点,$157.00,周低点,$155.00,,https://www.chinaflashmarket.com/price/ssdchannel,https://www.chinaflashmarket.com/price/ews/100244,https://www.chinaflashmarket.com/price/ews/100244/1,2026-04-22 20:13:57
PC,SSD(渠道市场),SSD(PCIe 4.0) 1TB,美元,2026-02-10,周低点,144.00,周高点,146.00,本周价,145.00,144.0,146.0,145.0,本周价,$156.00,2026-04-21 11:00,-4.00,-2.50%,上周价,$160.00,周高点,$157.00,周低点,$155.00,,https://www.chinaflashmarket.com/price/ssdchannel,https://www.chinaflashmarket.com/price/ews/100244,https://www.chinaflashmarket.com/price/ews/100244/1,2026-04-22 20:13:57
PC,SSD(渠道市场),SSD(PCIe 4.0) 1TB,美元,2026-02-03,周低点,144.00,周高点,146.00,本周价,145.00,144.0,146.0,145.0,本周价,$156.00,2026-04-21 11:00,-4.00,-2.50%,上周价,$160.00,周高点,$157.00,周低点,$155.00,,https://www.chinaflashmarket.com/price/ssdchannel,https://www.chinaflashmarket.com/price/ews/100244,https://www.chinaflashmarket.com/price/ews/100244/1,2026-04-22 20:13:57
PC,SSD(渠道市场),SSD(PCIe 4.0) 1TB,美元,2026-01-27,周低点,144.00,周高点,146.00,本周价,145.00,144.0,146.0,145.0,本周价,$156.00,2026-04-21 11:00,-4.00,-2.50%,上周价,$160.00,周高点,$157.00,周低点,$155.00,,https://www.chinaflashmarket.com/price/ssdchannel,https://www.chinaflashmarket.com/price/ews/100244,https://www.chinaflashmarket.com/price/ews/100244/1,2026-04-22 20:13:57
PC,SSD(渠道市场),SSD(PCIe 4.0) 2TB,美元,2026-04-21,周低点,277.00,周高点,284.00,本周价,280.00,277.0,284.0,280.0,本周价,$280.00,2026-04-21 11:00,-10.00,-3.45%,上周价,$290.00,周高点,$284.00,周低点,$277.00,,https://www.chinaflashmarket.com/price/ssdchannel,https://www.chinaflashmarket.com/price/ews/100245,https://www.chinaflashmarket.com/price/ews/100245/1,2026-04-22 20:13:57
PC,SSD(渠道市场),SSD(PCIe 4.0) 2TB,美元,2026-04-14,周低点,287.00,周高点,294.00,本周价,290.00,287.0,294.0,290.0,本周价,$280.00,2026-04-21 11:00,-10.00,-3.45%,上周价,$290.00,周高点,$284.00,周低点,$277.00,,https://www.chinaflashmarket.com/price/ssdchannel,https://www.chinaflashmarket.com/price/ews/100245,https://www.chinaflashmarket.com/price/ews/100245/1,2026-04-22 20:13:57
PC,SSD(渠道市场),SSD(PCIe 4.0) 2TB,美元,2026-04-07,周低点,292.00,周高点,299.00,本周价,295.00,292.0,299.0,295.0,本周价,$280.00,2026-04-21 11:00,-10.00,-3.45%,上周价,$290.00,周高点,$284.00,周低点,$277.00,,https://www.chinaflashmarket.com/price/ssdchannel,https://www.chinaflashmarket.com/price/ews/100245,https://www.chinaflashmarket.com/price/ews/100245/1,2026-04-22 20:13:57
PC,SSD(渠道市场),SSD(PCIe 4.0) 2TB,美元,2026-03-31,周低点,292.00,周高点,299.00,本周价,295.00,292.0,299.0,295.0,本周价,$280.00,2026-04-21 11:00,-10.00,-3.45%,上周价,$290.00,周高点,$284.00,周低点,$277.00,,https://www.chinaflashmarket.com/price/ssdchannel,https://www.chinaflashmarket.com/price/ews/100245,https://www.chinaflashmarket.com/price/ews/100245/1,2026-04-22 20:13:57
PC,SSD(渠道市场),SSD(PCIe 4.0) 2TB,美元,2026-03-24,周低点,297.00,周高点,304.00,本周价,300.00,297.0,304.0,300.0,本周价,$280.00,2026-04-21 11:00,-10.00,-3.45%,上周价,$290.00,周高点,$284.00,周低点,$277.00,,https://www.chinaflashmarket.com/price/ssdchannel,https://www.chinaflashmarket.com/price/ews/100245,https://www.chinaflashmarket.com/price/ews/100245/1,2026-04-22 20:13:57
PC,SSD(渠道市场),SSD(PCIe 4.0) 2TB,美元,2026-03-17,周低点,297.00,周高点,304.00,本周价,300.00,297.0,304.0,300.0,本周价,$280.00,2026-04-21 11:00,-10.00,-3.45%,上周价,$290.00,周高点,$284.00,周低点,$277.00,,https://www.chinaflashmarket.com/price/ssdchannel,https://www.chinaflashmarket.com/price/ews/100245,https://www.chinaflashmarket.com/price/ews/100245/1,2026-04-22 20:13:57
PC,SSD(渠道市场),SSD(PCIe 4.0) 2TB,美元,2026-03-10,周低点,297.00,周高点,304.00,本周价,300.00,297.0,304.0,300.0,本周价,$280.00,2026-04-21 11:00,-10.00,-3.45%,上周价,$290.00,周高点,$284.00,周低点,$277.00,,https://www.chinaflashmarket.com/price/ssdchannel,https://www.chinaflashmarket.com/price/ews/100245,https://www.chinaflashmarket.com/price/ews/100245/1,2026-04-22 20:13:57
PC,SSD(渠道市场),SSD(PCIe 4.0) 2TB,美元,2026-03-03,周低点,257.00,周高点,264.00,本周价,260.00,257.0,264.0,260.0,本周价,$280.00,2026-04-21 11:00,-10.00,-3.45%,上周价,$290.00,周高点,$284.00,周低点,$277.00,,https://www.chinaflashmarket.com/price/ssdchannel,https://www.chinaflashmarket.com/price/ews/100245,https://www.chinaflashmarket.com/price/ews/100245/1,2026-04-22 20:13:57
PC,SSD(渠道市场),SSD(PCIe 4.0) 2TB,美元,2026-02-24,周低点,257.00,周高点,264.00,本周价,260.00,257.0,264.0,260.0,本周价,$280.00,2026-04-21 11:00,-10.00,-3.45%,上周价,$290.00,周高点,$284.00,周低点,$277.00,,https://www.chinaflashmarket.com/price/ssdchannel,https://www.chinaflashmarket.com/price/ews/100245,https://www.chinaflashmarket.com/price/ews/100245/1,2026-04-22 20:13:57
PC,SSD(渠道市场),SSD(PCIe 4.0) 2TB,美元,2026-02-10,周低点,257.00,周高点,264.00,本周价,260.00,257.0,264.0,260.0,本周价,$280.00,2026-04-21 11:00,-10.00,-3.45%,上周价,$290.00,周高点,$284.00,周低点,$277.00,,https://www.chinaflashmarket.com/price/ssdchannel,https://www.chinaflashmarket.com/price/ews/100245,https://www.chinaflashmarket.com/price/ews/100245/1,2026-04-22 20:13:57
PC,SSD(渠道市场),SSD(PCIe 4.0) 2TB,美元,2026-02-03,周低点,257.00,周高点,264.00,本周价,260.00,257.0,264.0,260.0,本周价,$280.00,2026-04-21 11:00,-10.00,-3.45%,上周价,$290.00,周高点,$284.00,周低点,$277.00,,https://www.chinaflashmarket.com/price/ssdchannel,https://www.chinaflashmarket.com/price/ews/100245,https://www.chinaflashmarket.com/price/ews/100245/1,2026-04-22 20:13:57
PC,SSD(渠道市场),SSD(PCIe 4.0) 2TB,美元,2026-01-27,周低点,257.00,周高点,264.00,本周价,260.00,257.0,264.0,260.0,本周价,$280.00,2026-04-21 11:00,-10.00,-3.45%,上周价,$290.00,周高点,$284.00,周低点,$277.00,,https://www.chinaflashmarket.com/price/ssdchannel,https://www.chinaflashmarket.com/price/ews/100245,https://www.chinaflashmarket.com/price/ews/100245/1,2026-04-22 20:13:57
PC,SSD(行业市场),SSD(SATA 3) 256GB,美元,2026-04-21,周低点,59.00,周高点,63.00,本周价,60.00,59.0,63.0,60.0,本周价,$60.00,2026-04-21 11:00,0.00,0.00%,上周价,$60.00,周高点,$63.00,周低点,$59.00,,https://www.chinaflashmarket.com/price/ssdoem,https://www.chinaflashmarket.com/price/ews/100175,https://www.chinaflashmarket.com/price/ews/100175/1,2026-04-22 20:13:57
PC,SSD(行业市场),SSD(SATA 3) 256GB,美元,2026-04-14,周低点,59.00,周高点,63.00,本周价,60.00,59.0,63.0,60.0,本周价,$60.00,2026-04-21 11:00,0.00,0.00%,上周价,$60.00,周高点,$63.00,周低点,$59.00,,https://www.chinaflashmarket.com/price/ssdoem,https://www.chinaflashmarket.com/price/ews/100175,https://www.chinaflashmarket.com/price/ews/100175/1,2026-04-22 20:13:57
PC,SSD(行业市场),SSD(SATA 3) 256GB,美元,2026-04-07,周低点,59.00,周高点,63.00,本周价,60.00,59.0,63.0,60.0,本周价,$60.00,2026-04-21 11:00,0.00,0.00%,上周价,$60.00,周高点,$63.00,周低点,$59.00,,https://www.chinaflashmarket.com/price/ssdoem,https://www.chinaflashmarket.com/price/ews/100175,https://www.chinaflashmarket.com/price/ews/100175/1,2026-04-22 20:13:57
PC,SSD(行业市场),SSD(SATA 3) 256GB,美元,2026-03-31,周低点,59.00,周高点,63.00,本周价,60.00,59.0,63.0,60.0,本周价,$60.00,2026-04-21 11:00,0.00,0.00%,上周价,$60.00,周高点,$63.00,周低点,$59.00,,https://www.chinaflashmarket.com/price/ssdoem,https://www.chinaflashmarket.com/price/ews/100175,https://www.chinaflashmarket.com/price/ews/100175/1,2026-04-22 20:13:57
PC,SSD(行业市场),SSD(SATA 3) 256GB,美元,2026-03-24,周低点,59.00,周高点,63.00,本周价,60.00,59.0,63.0,60.0,本周价,$60.00,2026-04-21 11:00,0.00,0.00%,上周价,$60.00,周高点,$63.00,周低点,$59.00,,https://www.chinaflashmarket.com/price/ssdoem,https://www.chinaflashmarket.com/price/ews/100175,https://www.chinaflashmarket.com/price/ews/100175/1,2026-04-22 20:13:57
PC,SSD(行业市场),SSD(SATA 3) 256GB,美元,2026-03-17,周低点,59.00,周高点,63.00,本周价,60.00,59.0,63.0,60.0,本周价,$60.00,2026-04-21 11:00,0.00,0.00%,上周价,$60.00,周高点,$63.00,周低点,$59.00,,https://www.chinaflashmarket.com/price/ssdoem,https://www.chinaflashmarket.com/price/ews/100175,https://www.chinaflashmarket.com/price/ews/100175/1,2026-04-22 20:13:57
PC,SSD(行业市场),SSD(SATA 3) 256GB,美元,2026-03-10,周低点,58.00,周高点,62.00,本周价,59.00,58.0,62.0,59.0,本周价,$60.00,2026-04-21 11:00,0.00,0.00%,上周价,$60.00,周高点,$63.00,周低点,$59.00,,https://www.chinaflashmarket.com/price/ssdoem,https://www.chinaflashmarket.com/price/ews/100175,https://www.chinaflashmarket.com/price/ews/100175/1,2026-04-22 20:13:57
PC,SSD(行业市场),SSD(SATA 3) 256GB,美元,2026-03-03,周低点,55.00,周高点,59.00,本周价,56.00,55.0,59.0,56.0,本周价,$60.00,2026-04-21 11:00,0.00,0.00%,上周价,$60.00,周高点,$63.00,周低点,$59.00,,https://www.chinaflashmarket.com/price/ssdoem,https://www.chinaflashmarket.com/price/ews/100175,https://www.chinaflashmarket.com/price/ews/100175/1,2026-04-22 20:13:57
PC,SSD(行业市场),SSD(SATA 3) 256GB,美元,2026-02-24,周低点,54.00,周高点,58.00,本周价,55.00,54.0,58.0,55.0,本周价,$60.00,2026-04-21 11:00,0.00,0.00%,上周价,$60.00,周高点,$63.00,周低点,$59.00,,https://www.chinaflashmarket.com/price/ssdoem,https://www.chinaflashmarket.com/price/ews/100175,https://www.chinaflashmarket.com/price/ews/100175/1,2026-04-22 20:13:57
PC,SSD(行业市场),SSD(SATA 3) 256GB,美元,2026-02-10,周低点,54.00,周高点,58.00,本周价,55.00,54.0,58.0,55.0,本周价,$60.00,2026-04-21 11:00,0.00,0.00%,上周价,$60.00,周高点,$63.00,周低点,$59.00,,https://www.chinaflashmarket.com/price/ssdoem,https://www.chinaflashmarket.com/price/ews/100175,https://www.chinaflashmarket.com/price/ews/100175/1,2026-04-22 20:13:57
PC,SSD(行业市场),SSD(SATA 3) 256GB,美元,2026-02-03,周低点,54.00,周高点,58.00,本周价,55.00,54.0,58.0,55.0,本周价,$60.00,2026-04-21 11:00,0.00,0.00%,上周价,$60.00,周高点,$63.00,周低点,$59.00,,https://www.chinaflashmarket.com/price/ssdoem,https://www.chinaflashmarket.com/price/ews/100175,https://www.chinaflashmarket.com/price/ews/100175/1,2026-04-22 20:13:57
PC,SSD(行业市场),SSD(SATA 3) 256GB,美元,2026-01-27,周低点,52.00,周高点,56.00,本周价,53.00,52.0,56.0,53.0,本周价,$60.00,2026-04-21 11:00,0.00,0.00%,上周价,$60.00,周高点,$63.00,周低点,$59.00,,https://www.chinaflashmarket.com/price/ssdoem,https://www.chinaflashmarket.com/price/ews/100175,https://www.chinaflashmarket.com/price/ews/100175/1,2026-04-22 20:13:57
PC,SSD(行业市场),SSD(SATA 3) 512GB,美元,2026-04-21,周低点,110.00,周高点,117.00,本周价,115.00,110.0,117.0,115.0,本周价,$115.00,2026-04-21 11:00,0.00,0.00%,上周价,$115.00,周高点,$117.00,周低点,$110.00,,https://www.chinaflashmarket.com/price/ssdoem,https://www.chinaflashmarket.com/price/ews/100176,https://www.chinaflashmarket.com/price/ews/100176/1,2026-04-22 20:13:57
PC,SSD(行业市场),SSD(SATA 3) 512GB,美元,2026-04-14,周低点,110.00,周高点,117.00,本周价,115.00,110.0,117.0,115.0,本周价,$115.00,2026-04-21 11:00,0.00,0.00%,上周价,$115.00,周高点,$117.00,周低点,$110.00,,https://www.chinaflashmarket.com/price/ssdoem,https://www.chinaflashmarket.com/price/ews/100176,https://www.chinaflashmarket.com/price/ews/100176/1,2026-04-22 20:13:57
PC,SSD(行业市场),SSD(SATA 3) 512GB,美元,2026-04-07,周低点,110.00,周高点,117.00,本周价,115.00,110.0,117.0,115.0,本周价,$115.00,2026-04-21 11:00,0.00,0.00%,上周价,$115.00,周高点,$117.00,周低点,$110.00,,https://www.chinaflashmarket.com/price/ssdoem,https://www.chinaflashmarket.com/price/ews/100176,https://www.chinaflashmarket.com/price/ews/100176/1,2026-04-22 20:13:57
PC,SSD(行业市场),SSD(SATA 3) 512GB,美元,2026-03-31,周低点,110.00,周高点,117.00,本周价,115.00,110.0,117.0,115.0,本周价,$115.00,2026-04-21 11:00,0.00,0.00%,上周价,$115.00,周高点,$117.00,周低点,$110.00,,https://www.chinaflashmarket.com/price/ssdoem,https://www.chinaflashmarket.com/price/ews/100176,https://www.chinaflashmarket.com/price/ews/100176/1,2026-04-22 20:13:57
PC,SSD(行业市场),SSD(SATA 3) 512GB,美元,2026-03-24,周低点,110.00,周高点,117.00,本周价,115.00,110.0,117.0,115.0,本周价,$115.00,2026-04-21 11:00,0.00,0.00%,上周价,$115.00,周高点,$117.00,周低点,$110.00,,https://www.chinaflashmarket.com/price/ssdoem,https://www.chinaflashmarket.com/price/ews/100176,https://www.chinaflashmarket.com/price/ews/100176/1,2026-04-22 20:13:57
PC,SSD(行业市场),SSD(SATA 3) 512GB,美元,2026-03-17,周低点,110.00,周高点,117.00,本周价,115.00,110.0,117.0,115.0,本周价,$115.00,2026-04-21 11:00,0.00,0.00%,上周价,$115.00,周高点,$117.00,周低点,$110.00,,https://www.chinaflashmarket.com/price/ssdoem,https://www.chinaflashmarket.com/price/ews/100176,https://www.chinaflashmarket.com/price/ews/100176/1,2026-04-22 20:13:57
PC,SSD(行业市场),SSD(SATA 3) 512GB,美元,2026-03-10,周低点,103.00,周高点,110.00,本周价,108.00,103.0,110.0,108.0,本周价,$115.00,2026-04-21 11:00,0.00,0.00%,上周价,$115.00,周高点,$117.00,周低点,$110.00,,https://www.chinaflashmarket.com/price/ssdoem,https://www.chinaflashmarket.com/price/ews/100176,https://www.chinaflashmarket.com/price/ews/100176/1,2026-04-22 20:13:57
PC,SSD(行业市场),SSD(SATA 3) 512GB,美元,2026-03-03,周低点,97.00,周高点,104.00,本周价,102.00,97.0,104.0,102.0,本周价,$115.00,2026-04-21 11:00,0.00,0.00%,上周价,$115.00,周高点,$117.00,周低点,$110.00,,https://www.chinaflashmarket.com/price/ssdoem,https://www.chinaflashmarket.com/price/ews/100176,https://www.chinaflashmarket.com/price/ews/100176/1,2026-04-22 20:13:57
PC,SSD(行业市场),SSD(SATA 3) 512GB,美元,2026-02-24,周低点,95.00,周高点,102.00,本周价,100.00,95.0,102.0,100.0,本周价,$115.00,2026-04-21 11:00,0.00,0.00%,上周价,$115.00,周高点,$117.00,周低点,$110.00,,https://www.chinaflashmarket.com/price/ssdoem,https://www.chinaflashmarket.com/price/ews/100176,https://www.chinaflashmarket.com/price/ews/100176/1,2026-04-22 20:13:57
PC,SSD(行业市场),SSD(SATA 3) 512GB,美元,2026-02-10,周低点,95.00,周高点,102.00,本周价,100.00,95.0,102.0,100.0,本周价,$115.00,2026-04-21 11:00,0.00,0.00%,上周价,$115.00,周高点,$117.00,周低点,$110.00,,https://www.chinaflashmarket.com/price/ssdoem,https://www.chinaflashmarket.com/price/ews/100176,https://www.chinaflashmarket.com/price/ews/100176/1,2026-04-22 20:13:57
PC,SSD(行业市场),SSD(SATA 3) 512GB,美元,2026-02-03,周低点,95.00,周高点,102.00,本周价,100.00,95.0,102.0,100.0,本周价,$115.00,2026-04-21 11:00,0.00,0.00%,上周价,$115.00,周高点,$117.00,周低点,$110.00,,https://www.chinaflashmarket.com/price/ssdoem,https://www.chinaflashmarket.com/price/ews/100176,https://www.chinaflashmarket.com/price/ews/100176/1,2026-04-22 20:13:57
PC,SSD(行业市场),SSD(SATA 3) 512GB,美元,2026-01-27,周低点,85.00,周高点,92.00,本周价,90.00,85.0,92.0,90.0,本周价,$115.00,2026-04-21 11:00,0.00,0.00%,上周价,$115.00,周高点,$117.00,周低点,$110.00,,https://www.chinaflashmarket.com/price/ssdoem,https://www.chinaflashmarket.com/price/ews/100176,https://www.chinaflashmarket.com/price/ews/100176/1,2026-04-22 20:13:57
PC,SSD(行业市场),SSD(SATA 3) 1TB,美元,2026-04-21,周低点,188.00,周高点,192.00,本周价,190.00,188.0,192.0,190.0,本周价,$190.00,2026-04-21 11:00,0.00,0.00%,上周价,$190.00,周高点,$192.00,周低点,$188.00,,https://www.chinaflashmarket.com/price/ssdoem,https://www.chinaflashmarket.com/price/ews/100249,https://www.chinaflashmarket.com/price/ews/100249/1,2026-04-22 20:13:57
PC,SSD(行业市场),SSD(SATA 3) 1TB,美元,2026-04-14,周低点,188.00,周高点,192.00,本周价,190.00,188.0,192.0,190.0,本周价,$190.00,2026-04-21 11:00,0.00,0.00%,上周价,$190.00,周高点,$192.00,周低点,$188.00,,https://www.chinaflashmarket.com/price/ssdoem,https://www.chinaflashmarket.com/price/ews/100249,https://www.chinaflashmarket.com/price/ews/100249/1,2026-04-22 20:13:57
PC,SSD(行业市场),SSD(SATA 3) 1TB,美元,2026-04-07,周低点,188.00,周高点,192.00,本周价,190.00,188.0,192.0,190.0,本周价,$190.00,2026-04-21 11:00,0.00,0.00%,上周价,$190.00,周高点,$192.00,周低点,$188.00,,https://www.chinaflashmarket.com/price/ssdoem,https://www.chinaflashmarket.com/price/ews/100249,https://www.chinaflashmarket.com/price/ews/100249/1,2026-04-22 20:13:57
PC,SSD(行业市场),SSD(SATA 3) 1TB,美元,2026-03-31,周低点,188.00,周高点,192.00,本周价,190.00,188.0,192.0,190.0,本周价,$190.00,2026-04-21 11:00,0.00,0.00%,上周价,$190.00,周高点,$192.00,周低点,$188.00,,https://www.chinaflashmarket.com/price/ssdoem,https://www.chinaflashmarket.com/price/ews/100249,https://www.chinaflashmarket.com/price/ews/100249/1,2026-04-22 20:13:57
PC,SSD(行业市场),SSD(SATA 3) 1TB,美元,2026-03-24,周低点,188.00,周高点,192.00,本周价,190.00,188.0,192.0,190.0,本周价,$190.00,2026-04-21 11:00,0.00,0.00%,上周价,$190.00,周高点,$192.00,周低点,$188.00,,https://www.chinaflashmarket.com/price/ssdoem,https://www.chinaflashmarket.com/price/ews/100249,https://www.chinaflashmarket.com/price/ews/100249/1,2026-04-22 20:13:57
PC,SSD(行业市场),SSD(SATA 3) 1TB,美元,2026-03-17,周低点,188.00,周高点,192.00,本周价,190.00,188.0,192.0,190.0,本周价,$190.00,2026-04-21 11:00,0.00,0.00%,上周价,$190.00,周高点,$192.00,周低点,$188.00,,https://www.chinaflashmarket.com/price/ssdoem,https://www.chinaflashmarket.com/price/ews/100249,https://www.chinaflashmarket.com/price/ews/100249/1,2026-04-22 20:13:57
PC,SSD(行业市场),SSD(SATA 3) 1TB,美元,2026-03-10,周低点,188.00,周高点,192.00,本周价,190.00,188.0,192.0,190.0,本周价,$190.00,2026-04-21 11:00,0.00,0.00%,上周价,$190.00,周高点,$192.00,周低点,$188.00,,https://www.chinaflashmarket.com/price/ssdoem,https://www.chinaflashmarket.com/price/ews/100249,https://www.chinaflashmarket.com/price/ews/100249/1,2026-04-22 20:13:57
PC,SSD(行业市场),SSD(SATA 3) 1TB,美元,2026-03-03,周低点,188.00,周高点,192.00,本周价,190.00,188.0,192.0,190.0,本周价,$190.00,2026-04-21 11:00,0.00,0.00%,上周价,$190.00,周高点,$192.00,周低点,$188.00,,https://www.chinaflashmarket.com/price/ssdoem,https://www.chinaflashmarket.com/price/ews/100249,https://www.chinaflashmarket.com/price/ews/100249/1,2026-04-22 20:13:57
PC,SSD(行业市场),SSD(SATA 3) 1TB,美元,2026-02-24,周低点,188.00,周高点,192.00,本周价,190.00,188.0,192.0,190.0,本周价,$190.00,2026-04-21 11:00,0.00,0.00%,上周价,$190.00,周高点,$192.00,周低点,$188.00,,https://www.chinaflashmarket.com/price/ssdoem,https://www.chinaflashmarket.com/price/ews/100249,https://www.chinaflashmarket.com/price/ews/100249/1,2026-04-22 20:13:57
PC,SSD(行业市场),SSD(SATA 3) 1TB,美元,2026-02-10,周低点,188.00,周高点,192.00,本周价,190.00,188.0,192.0,190.0,本周价,$190.00,2026-04-21 11:00,0.00,0.00%,上周价,$190.00,周高点,$192.00,周低点,$188.00,,https://www.chinaflashmarket.com/price/ssdoem,https://www.chinaflashmarket.com/price/ews/100249,https://www.chinaflashmarket.com/price/ews/100249/1,2026-04-22 20:13:57
PC,SSD(行业市场),SSD(SATA 3) 1TB,美元,2026-02-03,周低点,188.00,周高点,192.00,本周价,190.00,188.0,192.0,190.0,本周价,$190.00,2026-04-21 11:00,0.00,0.00%,上周价,$190.00,周高点,$192.00,周低点,$188.00,,https://www.chinaflashmarket.com/price/ssdoem,https://www.chinaflashmarket.com/price/ews/100249,https://www.chinaflashmarket.com/price/ews/100249/1,2026-04-22 20:13:57
PC,SSD(行业市场),SSD(SATA 3) 1TB,美元,2026-01-27,周低点,178.00,周高点,182.00,本周价,180.00,178.0,182.0,180.0,本周价,$190.00,2026-04-21 11:00,0.00,0.00%,上周价,$190.00,周高点,$192.00,周低点,$188.00,,https://www.chinaflashmarket.com/price/ssdoem,https://www.chinaflashmarket.com/price/ews/100249,https://www.chinaflashmarket.com/price/ews/100249/1,2026-04-22 20:13:57
PC,SSD(行业市场),SSD(PCIe 3.0) 256GB,美元,2026-04-21,周低点,60.50,周高点,63.00,本周价,62.00,60.5,63.0,62.0,本周价,$62.00,2026-04-21 11:00,0.00,0.00%,上周价,$62.00,周高点,$63.00,周低点,$60.50,,https://www.chinaflashmarket.com/price/ssdoem,https://www.chinaflashmarket.com/price/ews/100172,https://www.chinaflashmarket.com/price/ews/100172/1,2026-04-22 20:13:57
PC,SSD(行业市场),SSD(PCIe 3.0) 256GB,美元,2026-04-14,周低点,60.50,周高点,63.00,本周价,62.00,60.5,63.0,62.0,本周价,$62.00,2026-04-21 11:00,0.00,0.00%,上周价,$62.00,周高点,$63.00,周低点,$60.50,,https://www.chinaflashmarket.com/price/ssdoem,https://www.chinaflashmarket.com/price/ews/100172,https://www.chinaflashmarket.com/price/ews/100172/1,2026-04-22 20:13:57
PC,SSD(行业市场),SSD(PCIe 3.0) 256GB,美元,2026-04-07,周低点,60.50,周高点,63.00,本周价,62.00,60.5,63.0,62.0,本周价,$62.00,2026-04-21 11:00,0.00,0.00%,上周价,$62.00,周高点,$63.00,周低点,$60.50,,https://www.chinaflashmarket.com/price/ssdoem,https://www.chinaflashmarket.com/price/ews/100172,https://www.chinaflashmarket.com/price/ews/100172/1,2026-04-22 20:13:57
PC,SSD(行业市场),SSD(PCIe 3.0) 256GB,美元,2026-03-31,周低点,60.50,周高点,63.00,本周价,62.00,60.5,63.0,62.0,本周价,$62.00,2026-04-21 11:00,0.00,0.00%,上周价,$62.00,周高点,$63.00,周低点,$60.50,,https://www.chinaflashmarket.com/price/ssdoem,https://www.chinaflashmarket.com/price/ews/100172,https://www.chinaflashmarket.com/price/ews/100172/1,2026-04-22 20:13:57
PC,SSD(行业市场),SSD(PCIe 3.0) 256GB,美元,2026-03-24,周低点,60.50,周高点,63.00,本周价,62.00,60.5,63.0,62.0,本周价,$62.00,2026-04-21 11:00,0.00,0.00%,上周价,$62.00,周高点,$63.00,周低点,$60.50,,https://www.chinaflashmarket.com/price/ssdoem,https://www.chinaflashmarket.com/price/ews/100172,https://www.chinaflashmarket.com/price/ews/100172/1,2026-04-22 20:13:57
PC,SSD(行业市场),SSD(PCIe 3.0) 256GB,美元,2026-03-17,周低点,60.50,周高点,63.00,本周价,62.00,60.5,63.0,62.0,本周价,$62.00,2026-04-21 11:00,0.00,0.00%,上周价,$62.00,周高点,$63.00,周低点,$60.50,,https://www.chinaflashmarket.com/price/ssdoem,https://www.chinaflashmarket.com/price/ews/100172,https://www.chinaflashmarket.com/price/ews/100172/1,2026-04-22 20:13:57
PC,SSD(行业市场),SSD(PCIe 3.0) 256GB,美元,2026-03-10,周低点,58.50,周高点,61.00,本周价,60.00,58.5,61.0,60.0,本周价,$62.00,2026-04-21 11:00,0.00,0.00%,上周价,$62.00,周高点,$63.00,周低点,$60.50,,https://www.chinaflashmarket.com/price/ssdoem,https://www.chinaflashmarket.com/price/ews/100172,https://www.chinaflashmarket.com/price/ews/100172/1,2026-04-22 20:13:57
PC,SSD(行业市场),SSD(PCIe 3.0) 256GB,美元,2026-03-03,周低点,56.50,周高点,59.00,本周价,58.00,56.5,59.0,58.0,本周价,$62.00,2026-04-21 11:00,0.00,0.00%,上周价,$62.00,周高点,$63.00,周低点,$60.50,,https://www.chinaflashmarket.com/price/ssdoem,https://www.chinaflashmarket.com/price/ews/100172,https://www.chinaflashmarket.com/price/ews/100172/1,2026-04-22 20:13:57
PC,SSD(行业市场),SSD(PCIe 3.0) 256GB,美元,2026-02-24,周低点,55.50,周高点,58.00,本周价,57.00,55.5,58.0,57.0,本周价,$62.00,2026-04-21 11:00,0.00,0.00%,上周价,$62.00,周高点,$63.00,周低点,$60.50,,https://www.chinaflashmarket.com/price/ssdoem,https://www.chinaflashmarket.com/price/ews/100172,https://www.chinaflashmarket.com/price/ews/100172/1,2026-04-22 20:13:57
PC,SSD(行业市场),SSD(PCIe 3.0) 256GB,美元,2026-02-10,周低点,55.50,周高点,58.00,本周价,57.00,55.5,58.0,57.0,本周价,$62.00,2026-04-21 11:00,0.00,0.00%,上周价,$62.00,周高点,$63.00,周低点,$60.50,,https://www.chinaflashmarket.com/price/ssdoem,https://www.chinaflashmarket.com/price/ews/100172,https://www.chinaflashmarket.com/price/ews/100172/1,2026-04-22 20:13:57
PC,SSD(行业市场),SSD(PCIe 3.0) 256GB,美元,2026-02-03,周低点,55.50,周高点,58.00,本周价,57.00,55.5,58.0,57.0,本周价,$62.00,2026-04-21 11:00,0.00,0.00%,上周价,$62.00,周高点,$63.00,周低点,$60.50,,https://www.chinaflashmarket.com/price/ssdoem,https://www.chinaflashmarket.com/price/ews/100172,https://www.chinaflashmarket.com/price/ews/100172/1,2026-04-22 20:13:57
PC,SSD(行业市场),SSD(PCIe 3.0) 256GB,美元,2026-01-27,周低点,53.50,周高点,56.00,本周价,55.00,53.5,56.0,55.0,本周价,$62.00,2026-04-21 11:00,0.00,0.00%,上周价,$62.00,周高点,$63.00,周低点,$60.50,,https://www.chinaflashmarket.com/price/ssdoem,https://www.chinaflashmarket.com/price/ews/100172,https://www.chinaflashmarket.com/price/ews/100172/1,2026-04-22 20:13:57
PC,SSD(行业市场),SSD(PCIe 3.0) 512GB,美元,2026-04-21,周低点,112.50,周高点,118.00,本周价,115.00,112.5,118.0,115.0,本周价,$115.00,2026-04-21 11:00,0.00,0.00%,上周价,$115.00,周高点,$118.00,周低点,$112.50,,https://www.chinaflashmarket.com/price/ssdoem,https://www.chinaflashmarket.com/price/ews/100173,https://www.chinaflashmarket.com/price/ews/100173/1,2026-04-22 20:13:57
PC,SSD(行业市场),SSD(PCIe 3.0) 512GB,美元,2026-04-14,周低点,112.50,周高点,118.00,本周价,115.00,112.5,118.0,115.0,本周价,$115.00,2026-04-21 11:00,0.00,0.00%,上周价,$115.00,周高点,$118.00,周低点,$112.50,,https://www.chinaflashmarket.com/price/ssdoem,https://www.chinaflashmarket.com/price/ews/100173,https://www.chinaflashmarket.com/price/ews/100173/1,2026-04-22 20:13:57
PC,SSD(行业市场),SSD(PCIe 3.0) 512GB,美元,2026-04-07,周低点,112.50,周高点,118.00,本周价,115.00,112.5,118.0,115.0,本周价,$115.00,2026-04-21 11:00,0.00,0.00%,上周价,$115.00,周高点,$118.00,周低点,$112.50,,https://www.chinaflashmarket.com/price/ssdoem,https://www.chinaflashmarket.com/price/ews/100173,https://www.chinaflashmarket.com/price/ews/100173/1,2026-04-22 20:13:57
PC,SSD(行业市场),SSD(PCIe 3.0) 512GB,美元,2026-03-31,周低点,112.50,周高点,118.00,本周价,115.00,112.5,118.0,115.0,本周价,$115.00,2026-04-21 11:00,0.00,0.00%,上周价,$115.00,周高点,$118.00,周低点,$112.50,,https://www.chinaflashmarket.com/price/ssdoem,https://www.chinaflashmarket.com/price/ews/100173,https://www.chinaflashmarket.com/price/ews/100173/1,2026-04-22 20:13:57
PC,SSD(行业市场),SSD(PCIe 3.0) 512GB,美元,2026-03-24,周低点,112.50,周高点,118.00,本周价,115.00,112.5,118.0,115.0,本周价,$115.00,2026-04-21 11:00,0.00,0.00%,上周价,$115.00,周高点,$118.00,周低点,$112.50,,https://www.chinaflashmarket.com/price/ssdoem,https://www.chinaflashmarket.com/price/ews/100173,https://www.chinaflashmarket.com/price/ews/100173/1,2026-04-22 20:13:57
PC,SSD(行业市场),SSD(PCIe 3.0) 512GB,美元,2026-03-17,周低点,112.50,周高点,118.00,本周价,115.00,112.5,118.0,115.0,本周价,$115.00,2026-04-21 11:00,0.00,0.00%,上周价,$115.00,周高点,$118.00,周低点,$112.50,,https://www.chinaflashmarket.com/price/ssdoem,https://www.chinaflashmarket.com/price/ews/100173,https://www.chinaflashmarket.com/price/ews/100173/1,2026-04-22 20:13:57
PC,SSD(行业市场),SSD(PCIe 3.0) 512GB,美元,2026-03-10,周低点,106.50,周高点,112.00,本周价,109.00,106.5,112.0,109.0,本周价,$115.00,2026-04-21 11:00,0.00,0.00%,上周价,$115.00,周高点,$118.00,周低点,$112.50,,https://www.chinaflashmarket.com/price/ssdoem,https://www.chinaflashmarket.com/price/ews/100173,https://www.chinaflashmarket.com/price/ews/100173/1,2026-04-22 20:13:57
PC,SSD(行业市场),SSD(PCIe 3.0) 512GB,美元,2026-03-03,周低点,102.50,周高点,108.00,本周价,105.00,102.5,108.0,105.0,本周价,$115.00,2026-04-21 11:00,0.00,0.00%,上周价,$115.00,周高点,$118.00,周低点,$112.50,,https://www.chinaflashmarket.com/price/ssdoem,https://www.chinaflashmarket.com/price/ews/100173,https://www.chinaflashmarket.com/price/ews/100173/1,2026-04-22 20:13:57
PC,SSD(行业市场),SSD(PCIe 3.0) 512GB,美元,2026-02-24,周低点,99.50,周高点,105.00,本周价,102.00,99.5,105.0,102.0,本周价,$115.00,2026-04-21 11:00,0.00,0.00%,上周价,$115.00,周高点,$118.00,周低点,$112.50,,https://www.chinaflashmarket.com/price/ssdoem,https://www.chinaflashmarket.com/price/ews/100173,https://www.chinaflashmarket.com/price/ews/100173/1,2026-04-22 20:13:57
PC,SSD(行业市场),SSD(PCIe 3.0) 512GB,美元,2026-02-10,周低点,99.50,周高点,105.00,本周价,102.00,99.5,105.0,102.0,本周价,$115.00,2026-04-21 11:00,0.00,0.00%,上周价,$115.00,周高点,$118.00,周低点,$112.50,,https://www.chinaflashmarket.com/price/ssdoem,https://www.chinaflashmarket.com/price/ews/100173,https://www.chinaflashmarket.com/price/ews/100173/1,2026-04-22 20:13:57
PC,SSD(行业市场),SSD(PCIe 3.0) 512GB,美元,2026-02-03,周低点,99.50,周高点,105.00,本周价,102.00,99.5,105.0,102.0,本周价,$115.00,2026-04-21 11:00,0.00,0.00%,上周价,$115.00,周高点,$118.00,周低点,$112.50,,https://www.chinaflashmarket.com/price/ssdoem,https://www.chinaflashmarket.com/price/ews/100173,https://www.chinaflashmarket.com/price/ews/100173/1,2026-04-22 20:13:57
PC,SSD(行业市场),SSD(PCIe 3.0) 512GB,美元,2026-01-27,周低点,97.50,周高点,103.00,本周价,100.00,97.5,103.0,100.0,本周价,$115.00,2026-04-21 11:00,0.00,0.00%,上周价,$115.00,周高点,$118.00,周低点,$112.50,,https://www.chinaflashmarket.com/price/ssdoem,https://www.chinaflashmarket.com/price/ews/100173,https://www.chinaflashmarket.com/price/ews/100173/1,2026-04-22 20:13:57
PC,SSD(行业市场),SSD(PCIe 3.0) 1TB,美元,2026-04-21,周低点,189.00,周高点,192.00,本周价,190.00,189.0,192.0,190.0,本周价,$190.00,2026-04-21 11:00,0.00,0.00%,上周价,$190.00,周高点,$192.00,周低点,$189.00,,https://www.chinaflashmarket.com/price/ssdoem,https://www.chinaflashmarket.com/price/ews/100250,https://www.chinaflashmarket.com/price/ews/100250/1,2026-04-22 20:13:57
PC,SSD(行业市场),SSD(PCIe 3.0) 1TB,美元,2026-04-14,周低点,189.00,周高点,192.00,本周价,190.00,189.0,192.0,190.0,本周价,$190.00,2026-04-21 11:00,0.00,0.00%,上周价,$190.00,周高点,$192.00,周低点,$189.00,,https://www.chinaflashmarket.com/price/ssdoem,https://www.chinaflashmarket.com/price/ews/100250,https://www.chinaflashmarket.com/price/ews/100250/1,2026-04-22 20:13:57
PC,SSD(行业市场),SSD(PCIe 3.0) 1TB,美元,2026-04-07,周低点,189.00,周高点,192.00,本周价,190.00,189.0,192.0,190.0,本周价,$190.00,2026-04-21 11:00,0.00,0.00%,上周价,$190.00,周高点,$192.00,周低点,$189.00,,https://www.chinaflashmarket.com/price/ssdoem,https://www.chinaflashmarket.com/price/ews/100250,https://www.chinaflashmarket.com/price/ews/100250/1,2026-04-22 20:13:57
PC,SSD(行业市场),SSD(PCIe 3.0) 1TB,美元,2026-03-31,周低点,189.00,周高点,192.00,本周价,190.00,189.0,192.0,190.0,本周价,$190.00,2026-04-21 11:00,0.00,0.00%,上周价,$190.00,周高点,$192.00,周低点,$189.00,,https://www.chinaflashmarket.com/price/ssdoem,https://www.chinaflashmarket.com/price/ews/100250,https://www.chinaflashmarket.com/price/ews/100250/1,2026-04-22 20:13:57
PC,SSD(行业市场),SSD(PCIe 3.0) 1TB,美元,2026-03-24,周低点,189.00,周高点,192.00,本周价,190.00,189.0,192.0,190.0,本周价,$190.00,2026-04-21 11:00,0.00,0.00%,上周价,$190.00,周高点,$192.00,周低点,$189.00,,https://www.chinaflashmarket.com/price/ssdoem,https://www.chinaflashmarket.com/price/ews/100250,https://www.chinaflashmarket.com/price/ews/100250/1,2026-04-22 20:13:57
PC,SSD(行业市场),SSD(PCIe 3.0) 1TB,美元,2026-03-17,周低点,189.00,周高点,192.00,本周价,190.00,189.0,192.0,190.0,本周价,$190.00,2026-04-21 11:00,0.00,0.00%,上周价,$190.00,周高点,$192.00,周低点,$189.00,,https://www.chinaflashmarket.com/price/ssdoem,https://www.chinaflashmarket.com/price/ews/100250,https://www.chinaflashmarket.com/price/ews/100250/1,2026-04-22 20:13:57
PC,SSD(行业市场),SSD(PCIe 3.0) 1TB,美元,2026-03-10,周低点,189.00,周高点,192.00,本周价,190.00,189.0,192.0,190.0,本周价,$190.00,2026-04-21 11:00,0.00,0.00%,上周价,$190.00,周高点,$192.00,周低点,$189.00,,https://www.chinaflashmarket.com/price/ssdoem,https://www.chinaflashmarket.com/price/ews/100250,https://www.chinaflashmarket.com/price/ews/100250/1,2026-04-22 20:13:57
PC,SSD(行业市场),SSD(PCIe 3.0) 1TB,美元,2026-03-03,周低点,189.00,周高点,192.00,本周价,190.00,189.0,192.0,190.0,本周价,$190.00,2026-04-21 11:00,0.00,0.00%,上周价,$190.00,周高点,$192.00,周低点,$189.00,,https://www.chinaflashmarket.com/price/ssdoem,https://www.chinaflashmarket.com/price/ews/100250,https://www.chinaflashmarket.com/price/ews/100250/1,2026-04-22 20:13:57
PC,SSD(行业市场),SSD(PCIe 3.0) 1TB,美元,2026-02-24,周低点,189.00,周高点,192.00,本周价,190.00,189.0,192.0,190.0,本周价,$190.00,2026-04-21 11:00,0.00,0.00%,上周价,$190.00,周高点,$192.00,周低点,$189.00,,https://www.chinaflashmarket.com/price/ssdoem,https://www.chinaflashmarket.com/price/ews/100250,https://www.chinaflashmarket.com/price/ews/100250/1,2026-04-22 20:13:57
PC,SSD(行业市场),SSD(PCIe 3.0) 1TB,美元,2026-02-10,周低点,189.00,周高点,192.00,本周价,190.00,189.0,192.0,190.0,本周价,$190.00,2026-04-21 11:00,0.00,0.00%,上周价,$190.00,周高点,$192.00,周低点,$189.00,,https://www.chinaflashmarket.com/price/ssdoem,https://www.chinaflashmarket.com/price/ews/100250,https://www.chinaflashmarket.com/price/ews/100250/1,2026-04-22 20:13:57
PC,SSD(行业市场),SSD(PCIe 3.0) 1TB,美元,2026-02-03,周低点,189.00,周高点,192.00,本周价,190.00,189.0,192.0,190.0,本周价,$190.00,2026-04-21 11:00,0.00,0.00%,上周价,$190.00,周高点,$192.00,周低点,$189.00,,https://www.chinaflashmarket.com/price/ssdoem,https://www.chinaflashmarket.com/price/ews/100250,https://www.chinaflashmarket.com/price/ews/100250/1,2026-04-22 20:13:57
PC,SSD(行业市场),SSD(PCIe 3.0) 1TB,美元,2026-01-27,周低点,184.00,周高点,187.00,本周价,185.00,184.0,187.0,185.0,本周价,$190.00,2026-04-21 11:00,0.00,0.00%,上周价,$190.00,周高点,$192.00,周低点,$189.00,,https://www.chinaflashmarket.com/price/ssdoem,https://www.chinaflashmarket.com/price/ews/100250,https://www.chinaflashmarket.com/price/ews/100250/1,2026-04-22 20:13:57
PC,SSD(行业市场),SSD(PCIe 4.0) 512GB,美元,2026-04-21,周低点,116.00,周高点,120.00,本周价,118.00,116.0,120.0,118.0,本周价,$118.00,2026-04-21 11:00,0.00,0.00%,上周价,$118.00,周高点,$120.00,周低点,$116.00,,https://www.chinaflashmarket.com/price/ssdoem,https://www.chinaflashmarket.com/price/ews/100251,https://www.chinaflashmarket.com/price/ews/100251/1,2026-04-22 20:13:57
PC,SSD(行业市场),SSD(PCIe 4.0) 512GB,美元,2026-04-14,周低点,116.00,周高点,120.00,本周价,118.00,116.0,120.0,118.0,本周价,$118.00,2026-04-21 11:00,0.00,0.00%,上周价,$118.00,周高点,$120.00,周低点,$116.00,,https://www.chinaflashmarket.com/price/ssdoem,https://www.chinaflashmarket.com/price/ews/100251,https://www.chinaflashmarket.com/price/ews/100251/1,2026-04-22 20:13:57
PC,SSD(行业市场),SSD(PCIe 4.0) 512GB,美元,2026-04-07,周低点,116.00,周高点,120.00,本周价,118.00,116.0,120.0,118.0,本周价,$118.00,2026-04-21 11:00,0.00,0.00%,上周价,$118.00,周高点,$120.00,周低点,$116.00,,https://www.chinaflashmarket.com/price/ssdoem,https://www.chinaflashmarket.com/price/ews/100251,https://www.chinaflashmarket.com/price/ews/100251/1,2026-04-22 20:13:57
PC,SSD(行业市场),SSD(PCIe 4.0) 512GB,美元,2026-03-31,周低点,116.00,周高点,120.00,本周价,118.00,116.0,120.0,118.0,本周价,$118.00,2026-04-21 11:00,0.00,0.00%,上周价,$118.00,周高点,$120.00,周低点,$116.00,,https://www.chinaflashmarket.com/price/ssdoem,https://www.chinaflashmarket.com/price/ews/100251,https://www.chinaflashmarket.com/price/ews/100251/1,2026-04-22 20:13:57
PC,SSD(行业市场),SSD(PCIe 4.0) 512GB,美元,2026-03-24,周低点,116.00,周高点,120.00,本周价,118.00,116.0,120.0,118.0,本周价,$118.00,2026-04-21 11:00,0.00,0.00%,上周价,$118.00,周高点,$120.00,周低点,$116.00,,https://www.chinaflashmarket.com/price/ssdoem,https://www.chinaflashmarket.com/price/ews/100251,https://www.chinaflashmarket.com/price/ews/100251/1,2026-04-22 20:13:57
PC,SSD(行业市场),SSD(PCIe 4.0) 512GB,美元,2026-03-17,周低点,116.00,周高点,120.00,本周价,118.00,116.0,120.0,118.0,本周价,$118.00,2026-04-21 11:00,0.00,0.00%,上周价,$118.00,周高点,$120.00,周低点,$116.00,,https://www.chinaflashmarket.com/price/ssdoem,https://www.chinaflashmarket.com/price/ews/100251,https://www.chinaflashmarket.com/price/ews/100251/1,2026-04-22 20:13:57
PC,SSD(行业市场),SSD(PCIe 4.0) 512GB,美元,2026-03-10,周低点,113.00,周高点,117.00,本周价,115.00,113.0,117.0,115.0,本周价,$118.00,2026-04-21 11:00,0.00,0.00%,上周价,$118.00,周高点,$120.00,周低点,$116.00,,https://www.chinaflashmarket.com/price/ssdoem,https://www.chinaflashmarket.com/price/ews/100251,https://www.chinaflashmarket.com/price/ews/100251/1,2026-04-22 20:13:57
PC,SSD(行业市场),SSD(PCIe 4.0) 512GB,美元,2026-03-03,周低点,110.00,周高点,114.00,本周价,112.00,110.0,114.0,112.0,本周价,$118.00,2026-04-21 11:00,0.00,0.00%,上周价,$118.00,周高点,$120.00,周低点,$116.00,,https://www.chinaflashmarket.com/price/ssdoem,https://www.chinaflashmarket.com/price/ews/100251,https://www.chinaflashmarket.com/price/ews/100251/1,2026-04-22 20:13:57
PC,SSD(行业市场),SSD(PCIe 4.0) 512GB,美元,2026-02-24,周低点,108.00,周高点,112.00,本周价,110.00,108.0,112.0,110.0,本周价,$118.00,2026-04-21 11:00,0.00,0.00%,上周价,$118.00,周高点,$120.00,周低点,$116.00,,https://www.chinaflashmarket.com/price/ssdoem,https://www.chinaflashmarket.com/price/ews/100251,https://www.chinaflashmarket.com/price/ews/100251/1,2026-04-22 20:13:57
PC,SSD(行业市场),SSD(PCIe 4.0) 512GB,美元,2026-02-10,周低点,108.00,周高点,112.00,本周价,110.00,108.0,112.0,110.0,本周价,$118.00,2026-04-21 11:00,0.00,0.00%,上周价,$118.00,周高点,$120.00,周低点,$116.00,,https://www.chinaflashmarket.com/price/ssdoem,https://www.chinaflashmarket.com/price/ews/100251,https://www.chinaflashmarket.com/price/ews/100251/1,2026-04-22 20:13:57
PC,SSD(行业市场),SSD(PCIe 4.0) 512GB,美元,2026-02-03,周低点,108.00,周高点,112.00,本周价,110.00,108.0,112.0,110.0,本周价,$118.00,2026-04-21 11:00,0.00,0.00%,上周价,$118.00,周高点,$120.00,周低点,$116.00,,https://www.chinaflashmarket.com/price/ssdoem,https://www.chinaflashmarket.com/price/ews/100251,https://www.chinaflashmarket.com/price/ews/100251/1,2026-04-22 20:13:57
PC,SSD(行业市场),SSD(PCIe 4.0) 512GB,美元,2026-01-27,周低点,108.00,周高点,112.00,本周价,110.00,108.0,112.0,110.0,本周价,$118.00,2026-04-21 11:00,0.00,0.00%,上周价,$118.00,周高点,$120.00,周低点,$116.00,,https://www.chinaflashmarket.com/price/ssdoem,https://www.chinaflashmarket.com/price/ews/100251,https://www.chinaflashmarket.com/price/ews/100251/1,2026-04-22 20:13:57
PC,SSD(行业市场),SSD(PCIe 4.0) 1TB,美元,2026-04-21,周低点,198.00,周高点,201.00,本周价,200.00,198.0,201.0,200.0,本周价,$200.00,2026-04-21 11:00,0.00,0.00%,上周价,$200.00,周高点,$201.00,周低点,$198.00,,https://www.chinaflashmarket.com/price/ssdoem,https://www.chinaflashmarket.com/price/ews/100252,https://www.chinaflashmarket.com/price/ews/100252/1,2026-04-22 20:13:57
PC,SSD(行业市场),SSD(PCIe 4.0) 1TB,美元,2026-04-14,周低点,198.00,周高点,201.00,本周价,200.00,198.0,201.0,200.0,本周价,$200.00,2026-04-21 11:00,0.00,0.00%,上周价,$200.00,周高点,$201.00,周低点,$198.00,,https://www.chinaflashmarket.com/price/ssdoem,https://www.chinaflashmarket.com/price/ews/100252,https://www.chinaflashmarket.com/price/ews/100252/1,2026-04-22 20:13:57
PC,SSD(行业市场),SSD(PCIe 4.0) 1TB,美元,2026-04-07,周低点,198.00,周高点,201.00,本周价,200.00,198.0,201.0,200.0,本周价,$200.00,2026-04-21 11:00,0.00,0.00%,上周价,$200.00,周高点,$201.00,周低点,$198.00,,https://www.chinaflashmarket.com/price/ssdoem,https://www.chinaflashmarket.com/price/ews/100252,https://www.chinaflashmarket.com/price/ews/100252/1,2026-04-22 20:13:57
PC,SSD(行业市场),SSD(PCIe 4.0) 1TB,美元,2026-03-31,周低点,198.00,周高点,201.00,本周价,200.00,198.0,201.0,200.0,本周价,$200.00,2026-04-21 11:00,0.00,0.00%,上周价,$200.00,周高点,$201.00,周低点,$198.00,,https://www.chinaflashmarket.com/price/ssdoem,https://www.chinaflashmarket.com/price/ews/100252,https://www.chinaflashmarket.com/price/ews/100252/1,2026-04-22 20:13:57
PC,SSD(行业市场),SSD(PCIe 4.0) 1TB,美元,2026-03-24,周低点,198.00,周高点,201.00,本周价,200.00,198.0,201.0,200.0,本周价,$200.00,2026-04-21 11:00,0.00,0.00%,上周价,$200.00,周高点,$201.00,周低点,$198.00,,https://www.chinaflashmarket.com/price/ssdoem,https://www.chinaflashmarket.com/price/ews/100252,https://www.chinaflashmarket.com/price/ews/100252/1,2026-04-22 20:13:57
PC,SSD(行业市场),SSD(PCIe 4.0) 1TB,美元,2026-03-17,周低点,198.00,周高点,201.00,本周价,200.00,198.0,201.0,200.0,本周价,$200.00,2026-04-21 11:00,0.00,0.00%,上周价,$200.00,周高点,$201.00,周低点,$198.00,,https://www.chinaflashmarket.com/price/ssdoem,https://www.chinaflashmarket.com/price/ews/100252,https://www.chinaflashmarket.com/price/ews/100252/1,2026-04-22 20:13:57
PC,SSD(行业市场),SSD(PCIe 4.0) 1TB,美元,2026-03-10,周低点,198.00,周高点,201.00,本周价,200.00,198.0,201.0,200.0,本周价,$200.00,2026-04-21 11:00,0.00,0.00%,上周价,$200.00,周高点,$201.00,周低点,$198.00,,https://www.chinaflashmarket.com/price/ssdoem,https://www.chinaflashmarket.com/price/ews/100252,https://www.chinaflashmarket.com/price/ews/100252/1,2026-04-22 20:13:57
PC,SSD(行业市场),SSD(PCIe 4.0) 1TB,美元,2026-03-03,周低点,198.00,周高点,201.00,本周价,200.00,198.0,201.0,200.0,本周价,$200.00,2026-04-21 11:00,0.00,0.00%,上周价,$200.00,周高点,$201.00,周低点,$198.00,,https://www.chinaflashmarket.com/price/ssdoem,https://www.chinaflashmarket.com/price/ews/100252,https://www.chinaflashmarket.com/price/ews/100252/1,2026-04-22 20:13:57
PC,SSD(行业市场),SSD(PCIe 4.0) 1TB,美元,2026-02-24,周低点,198.00,周高点,201.00,本周价,200.00,198.0,201.0,200.0,本周价,$200.00,2026-04-21 11:00,0.00,0.00%,上周价,$200.00,周高点,$201.00,周低点,$198.00,,https://www.chinaflashmarket.com/price/ssdoem,https://www.chinaflashmarket.com/price/ews/100252,https://www.chinaflashmarket.com/price/ews/100252/1,2026-04-22 20:13:57
PC,SSD(行业市场),SSD(PCIe 4.0) 1TB,美元,2026-02-10,周低点,198.00,周高点,201.00,本周价,200.00,198.0,201.0,200.0,本周价,$200.00,2026-04-21 11:00,0.00,0.00%,上周价,$200.00,周高点,$201.00,周低点,$198.00,,https://www.chinaflashmarket.com/price/ssdoem,https://www.chinaflashmarket.com/price/ews/100252,https://www.chinaflashmarket.com/price/ews/100252/1,2026-04-22 20:13:57
PC,SSD(行业市场),SSD(PCIe 4.0) 1TB,美元,2026-02-03,周低点,198.00,周高点,201.00,本周价,200.00,198.0,201.0,200.0,本周价,$200.00,2026-04-21 11:00,0.00,0.00%,上周价,$200.00,周高点,$201.00,周低点,$198.00,,https://www.chinaflashmarket.com/price/ssdoem,https://www.chinaflashmarket.com/price/ews/100252,https://www.chinaflashmarket.com/price/ews/100252/1,2026-04-22 20:13:57
PC,SSD(行业市场),SSD(PCIe 4.0) 1TB,美元,2026-01-27,周低点,198.00,周高点,201.00,本周价,200.00,198.0,201.0,200.0,本周价,$200.00,2026-04-21 11:00,0.00,0.00%,上周价,$200.00,周高点,$201.00,周低点,$198.00,,https://www.chinaflashmarket.com/price/ssdoem,https://www.chinaflashmarket.com/price/ews/100252,https://www.chinaflashmarket.com/price/ews/100252/1,2026-04-22 20:13:57
PC,SSD(行业市场),SSD(PCIe 4.0) 2TB,美元,2026-04-21,周低点,378.00,周高点,385.00,本周价,380.00,378.0,385.0,380.0,本周价,$380.00,2026-04-21 11:00,0.00,0.00%,上周价,$380.00,周高点,$385.00,周低点,$378.00,,https://www.chinaflashmarket.com/price/ssdoem,https://www.chinaflashmarket.com/price/ews/100253,https://www.chinaflashmarket.com/price/ews/100253/1,2026-04-22 20:13:57
PC,SSD(行业市场),SSD(PCIe 4.0) 2TB,美元,2026-04-14,周低点,378.00,周高点,385.00,本周价,380.00,378.0,385.0,380.0,本周价,$380.00,2026-04-21 11:00,0.00,0.00%,上周价,$380.00,周高点,$385.00,周低点,$378.00,,https://www.chinaflashmarket.com/price/ssdoem,https://www.chinaflashmarket.com/price/ews/100253,https://www.chinaflashmarket.com/price/ews/100253/1,2026-04-22 20:13:57
PC,SSD(行业市场),SSD(PCIe 4.0) 2TB,美元,2026-04-07,周低点,378.00,周高点,385.00,本周价,380.00,378.0,385.0,380.0,本周价,$380.00,2026-04-21 11:00,0.00,0.00%,上周价,$380.00,周高点,$385.00,周低点,$378.00,,https://www.chinaflashmarket.com/price/ssdoem,https://www.chinaflashmarket.com/price/ews/100253,https://www.chinaflashmarket.com/price/ews/100253/1,2026-04-22 20:13:57
PC,SSD(行业市场),SSD(PCIe 4.0) 2TB,美元,2026-03-31,周低点,378.00,周高点,385.00,本周价,380.00,378.0,385.0,380.0,本周价,$380.00,2026-04-21 11:00,0.00,0.00%,上周价,$380.00,周高点,$385.00,周低点,$378.00,,https://www.chinaflashmarket.com/price/ssdoem,https://www.chinaflashmarket.com/price/ews/100253,https://www.chinaflashmarket.com/price/ews/100253/1,2026-04-22 20:13:57
PC,SSD(行业市场),SSD(PCIe 4.0) 2TB,美元,2026-03-24,周低点,378.00,周高点,385.00,本周价,380.00,378.0,385.0,380.0,本周价,$380.00,2026-04-21 11:00,0.00,0.00%,上周价,$380.00,周高点,$385.00,周低点,$378.00,,https://www.chinaflashmarket.com/price/ssdoem,https://www.chinaflashmarket.com/price/ews/100253,https://www.chinaflashmarket.com/price/ews/100253/1,2026-04-22 20:13:57
PC,SSD(行业市场),SSD(PCIe 4.0) 2TB,美元,2026-03-17,周低点,378.00,周高点,385.00,本周价,380.00,378.0,385.0,380.0,本周价,$380.00,2026-04-21 11:00,0.00,0.00%,上周价,$380.00,周高点,$385.00,周低点,$378.00,,https://www.chinaflashmarket.com/price/ssdoem,https://www.chinaflashmarket.com/price/ews/100253,https://www.chinaflashmarket.com/price/ews/100253/1,2026-04-22 20:13:57
PC,SSD(行业市场),SSD(PCIe 4.0) 2TB,美元,2026-03-10,周低点,378.00,周高点,385.00,本周价,380.00,378.0,385.0,380.0,本周价,$380.00,2026-04-21 11:00,0.00,0.00%,上周价,$380.00,周高点,$385.00,周低点,$378.00,,https://www.chinaflashmarket.com/price/ssdoem,https://www.chinaflashmarket.com/price/ews/100253,https://www.chinaflashmarket.com/price/ews/100253/1,2026-04-22 20:13:57
PC,SSD(行业市场),SSD(PCIe 4.0) 2TB,美元,2026-03-03,周低点,378.00,周高点,385.00,本周价,380.00,378.0,385.0,380.0,本周价,$380.00,2026-04-21 11:00,0.00,0.00%,上周价,$380.00,周高点,$385.00,周低点,$378.00,,https://www.chinaflashmarket.com/price/ssdoem,https://www.chinaflashmarket.com/price/ews/100253,https://www.chinaflashmarket.com/price/ews/100253/1,2026-04-22 20:13:57
PC,SSD(行业市场),SSD(PCIe 4.0) 2TB,美元,2026-02-24,周低点,378.00,周高点,385.00,本周价,380.00,378.0,385.0,380.0,本周价,$380.00,2026-04-21 11:00,0.00,0.00%,上周价,$380.00,周高点,$385.00,周低点,$378.00,,https://www.chinaflashmarket.com/price/ssdoem,https://www.chinaflashmarket.com/price/ews/100253,https://www.chinaflashmarket.com/price/ews/100253/1,2026-04-22 20:13:57
PC,SSD(行业市场),SSD(PCIe 4.0) 2TB,美元,2026-02-10,周低点,378.00,周高点,385.00,本周价,380.00,378.0,385.0,380.0,本周价,$380.00,2026-04-21 11:00,0.00,0.00%,上周价,$380.00,周高点,$385.00,周低点,$378.00,,https://www.chinaflashmarket.com/price/ssdoem,https://www.chinaflashmarket.com/price/ews/100253,https://www.chinaflashmarket.com/price/ews/100253/1,2026-04-22 20:13:57
PC,SSD(行业市场),SSD(PCIe 4.0) 2TB,美元,2026-02-03,周低点,378.00,周高点,385.00,本周价,380.00,378.0,385.0,380.0,本周价,$380.00,2026-04-21 11:00,0.00,0.00%,上周价,$380.00,周高点,$385.00,周低点,$378.00,,https://www.chinaflashmarket.com/price/ssdoem,https://www.chinaflashmarket.com/price/ews/100253,https://www.chinaflashmarket.com/price/ews/100253/1,2026-04-22 20:13:57
PC,SSD(行业市场),SSD(PCIe 4.0) 2TB,美元,2026-01-27,周低点,378.00,周高点,385.00,本周价,380.00,378.0,385.0,380.0,本周价,$380.00,2026-04-21 11:00,0.00,0.00%,上周价,$380.00,周高点,$385.00,周低点,$378.00,,https://www.chinaflashmarket.com/price/ssdoem,https://www.chinaflashmarket.com/price/ews/100253,https://www.chinaflashmarket.com/price/ews/100253/1,2026-04-22 20:13:57
Mobile,LPDDR,LPDDR4X 96Gb,美元,2026-04-21,周低点,138.50,周高点,142.50,本周价,140.00,138.5,142.5,140.0,本周价,$140.00,2026-04-21 11:00,0.00,0.00%,上周价,$140.00,周高点,$142.50,周低点,$138.50,,https://www.chinaflashmarket.com/price/lpddr,https://www.chinaflashmarket.com/price/ews/100230,https://www.chinaflashmarket.com/price/ews/100230/1,2026-04-22 20:13:57
Mobile,LPDDR,LPDDR4X 96Gb,美元,2026-04-14,周低点,138.50,周高点,142.50,本周价,140.00,138.5,142.5,140.0,本周价,$140.00,2026-04-21 11:00,0.00,0.00%,上周价,$140.00,周高点,$142.50,周低点,$138.50,,https://www.chinaflashmarket.com/price/lpddr,https://www.chinaflashmarket.com/price/ews/100230,https://www.chinaflashmarket.com/price/ews/100230/1,2026-04-22 20:13:57
Mobile,LPDDR,LPDDR4X 96Gb,美元,2026-04-07,周低点,138.50,周高点,142.50,本周价,140.00,138.5,142.5,140.0,本周价,$140.00,2026-04-21 11:00,0.00,0.00%,上周价,$140.00,周高点,$142.50,周低点,$138.50,,https://www.chinaflashmarket.com/price/lpddr,https://www.chinaflashmarket.com/price/ews/100230,https://www.chinaflashmarket.com/price/ews/100230/1,2026-04-22 20:13:57
Mobile,LPDDR,LPDDR4X 96Gb,美元,2026-03-31,周低点,138.50,周高点,142.50,本周价,140.00,138.5,142.5,140.0,本周价,$140.00,2026-04-21 11:00,0.00,0.00%,上周价,$140.00,周高点,$142.50,周低点,$138.50,,https://www.chinaflashmarket.com/price/lpddr,https://www.chinaflashmarket.com/price/ews/100230,https://www.chinaflashmarket.com/price/ews/100230/1,2026-04-22 20:13:57
Mobile,LPDDR,LPDDR4X 96Gb,美元,2026-03-24,周低点,138.50,周高点,142.50,本周价,140.00,138.5,142.5,140.0,本周价,$140.00,2026-04-21 11:00,0.00,0.00%,上周价,$140.00,周高点,$142.50,周低点,$138.50,,https://www.chinaflashmarket.com/price/lpddr,https://www.chinaflashmarket.com/price/ews/100230,https://www.chinaflashmarket.com/price/ews/100230/1,2026-04-22 20:13:57
Mobile,LPDDR,LPDDR4X 96Gb,美元,2026-03-17,周低点,138.50,周高点,142.50,本周价,140.00,138.5,142.5,140.0,本周价,$140.00,2026-04-21 11:00,0.00,0.00%,上周价,$140.00,周高点,$142.50,周低点,$138.50,,https://www.chinaflashmarket.com/price/lpddr,https://www.chinaflashmarket.com/price/ews/100230,https://www.chinaflashmarket.com/price/ews/100230/1,2026-04-22 20:13:57
Mobile,LPDDR,LPDDR4X 96Gb,美元,2026-03-10,周低点,118.50,周高点,122.50,本周价,120.00,118.5,122.5,120.0,本周价,$140.00,2026-04-21 11:00,0.00,0.00%,上周价,$140.00,周高点,$142.50,周低点,$138.50,,https://www.chinaflashmarket.com/price/lpddr,https://www.chinaflashmarket.com/price/ews/100230,https://www.chinaflashmarket.com/price/ews/100230/1,2026-04-22 20:13:57
Mobile,LPDDR,LPDDR4X 96Gb,美元,2026-03-03,周低点,118.50,周高点,122.50,本周价,120.00,118.5,122.5,120.0,本周价,$140.00,2026-04-21 11:00,0.00,0.00%,上周价,$140.00,周高点,$142.50,周低点,$138.50,,https://www.chinaflashmarket.com/price/lpddr,https://www.chinaflashmarket.com/price/ews/100230,https://www.chinaflashmarket.com/price/ews/100230/1,2026-04-22 20:13:57
Mobile,LPDDR,LPDDR4X 96Gb,美元,2026-02-24,周低点,90.50,周高点,94.50,本周价,92.00,90.5,94.5,92.0,本周价,$140.00,2026-04-21 11:00,0.00,0.00%,上周价,$140.00,周高点,$142.50,周低点,$138.50,,https://www.chinaflashmarket.com/price/lpddr,https://www.chinaflashmarket.com/price/ews/100230,https://www.chinaflashmarket.com/price/ews/100230/1,2026-04-22 20:13:57
Mobile,LPDDR,LPDDR4X 96Gb,美元,2026-02-10,周低点,90.50,周高点,94.50,本周价,92.00,90.5,94.5,92.0,本周价,$140.00,2026-04-21 11:00,0.00,0.00%,上周价,$140.00,周高点,$142.50,周低点,$138.50,,https://www.chinaflashmarket.com/price/lpddr,https://www.chinaflashmarket.com/price/ews/100230,https://www.chinaflashmarket.com/price/ews/100230/1,2026-04-22 20:13:57
Mobile,LPDDR,LPDDR4X 96Gb,美元,2026-02-03,周低点,90.50,周高点,94.50,本周价,92.00,90.5,94.5,92.0,本周价,$140.00,2026-04-21 11:00,0.00,0.00%,上周价,$140.00,周高点,$142.50,周低点,$138.50,,https://www.chinaflashmarket.com/price/lpddr,https://www.chinaflashmarket.com/price/ews/100230,https://www.chinaflashmarket.com/price/ews/100230/1,2026-04-22 20:13:57
Mobile,LPDDR,LPDDR4X 96Gb,美元,2026-01-27,周低点,83.50,周高点,87.50,本周价,85.00,83.5,87.5,85.0,本周价,$140.00,2026-04-21 11:00,0.00,0.00%,上周价,$140.00,周高点,$142.50,周低点,$138.50,,https://www.chinaflashmarket.com/price/lpddr,https://www.chinaflashmarket.com/price/ews/100230,https://www.chinaflashmarket.com/price/ews/100230/1,2026-04-22 20:13:57
Mobile,LPDDR,LPDDR4X 64Gb,美元,2026-04-21,周低点,101.20,周高点,105.00,本周价,103.00,101.2,105.0,103.0,本周价,$103.00,2026-04-21 11:00,0.00,0.00%,上周价,$103.00,周高点,$105.00,周低点,$101.20,,https://www.chinaflashmarket.com/price/lpddr,https://www.chinaflashmarket.com/price/ews/100229,https://www.chinaflashmarket.com/price/ews/100229/1,2026-04-22 20:13:57
Mobile,LPDDR,LPDDR4X 64Gb,美元,2026-04-14,周低点,101.20,周高点,105.00,本周价,103.00,101.2,105.0,103.0,本周价,$103.00,2026-04-21 11:00,0.00,0.00%,上周价,$103.00,周高点,$105.00,周低点,$101.20,,https://www.chinaflashmarket.com/price/lpddr,https://www.chinaflashmarket.com/price/ews/100229,https://www.chinaflashmarket.com/price/ews/100229/1,2026-04-22 20:13:57
Mobile,LPDDR,LPDDR4X 64Gb,美元,2026-04-07,周低点,101.20,周高点,105.00,本周价,103.00,101.2,105.0,103.0,本周价,$103.00,2026-04-21 11:00,0.00,0.00%,上周价,$103.00,周高点,$105.00,周低点,$101.20,,https://www.chinaflashmarket.com/price/lpddr,https://www.chinaflashmarket.com/price/ews/100229,https://www.chinaflashmarket.com/price/ews/100229/1,2026-04-22 20:13:57
Mobile,LPDDR,LPDDR4X 64Gb,美元,2026-03-31,周低点,101.20,周高点,105.00,本周价,103.00,101.2,105.0,103.0,本周价,$103.00,2026-04-21 11:00,0.00,0.00%,上周价,$103.00,周高点,$105.00,周低点,$101.20,,https://www.chinaflashmarket.com/price/lpddr,https://www.chinaflashmarket.com/price/ews/100229,https://www.chinaflashmarket.com/price/ews/100229/1,2026-04-22 20:13:57
Mobile,LPDDR,LPDDR4X 64Gb,美元,2026-03-24,周低点,101.20,周高点,105.00,本周价,103.00,101.2,105.0,103.0,本周价,$103.00,2026-04-21 11:00,0.00,0.00%,上周价,$103.00,周高点,$105.00,周低点,$101.20,,https://www.chinaflashmarket.com/price/lpddr,https://www.chinaflashmarket.com/price/ews/100229,https://www.chinaflashmarket.com/price/ews/100229/1,2026-04-22 20:13:57
Mobile,LPDDR,LPDDR4X 64Gb,美元,2026-03-17,周低点,101.20,周高点,105.00,本周价,103.00,101.2,105.0,103.0,本周价,$103.00,2026-04-21 11:00,0.00,0.00%,上周价,$103.00,周高点,$105.00,周低点,$101.20,,https://www.chinaflashmarket.com/price/lpddr,https://www.chinaflashmarket.com/price/ews/100229,https://www.chinaflashmarket.com/price/ews/100229/1,2026-04-22 20:13:57
Mobile,LPDDR,LPDDR4X 64Gb,美元,2026-03-10,周低点,88.20,周高点,92.00,本周价,90.00,88.2,92.0,90.0,本周价,$103.00,2026-04-21 11:00,0.00,0.00%,上周价,$103.00,周高点,$105.00,周低点,$101.20,,https://www.chinaflashmarket.com/price/lpddr,https://www.chinaflashmarket.com/price/ews/100229,https://www.chinaflashmarket.com/price/ews/100229/1,2026-04-22 20:13:57
Mobile,LPDDR,LPDDR4X 64Gb,美元,2026-03-03,周低点,88.20,周高点,92.00,本周价,90.00,88.2,92.0,90.0,本周价,$103.00,2026-04-21 11:00,0.00,0.00%,上周价,$103.00,周高点,$105.00,周低点,$101.20,,https://www.chinaflashmarket.com/price/lpddr,https://www.chinaflashmarket.com/price/ews/100229,https://www.chinaflashmarket.com/price/ews/100229/1,2026-04-22 20:13:57
Mobile,LPDDR,LPDDR4X 64Gb,美元,2026-02-24,周低点,73.20,周高点,77.00,本周价,75.00,73.2,77.0,75.0,本周价,$103.00,2026-04-21 11:00,0.00,0.00%,上周价,$103.00,周高点,$105.00,周低点,$101.20,,https://www.chinaflashmarket.com/price/lpddr,https://www.chinaflashmarket.com/price/ews/100229,https://www.chinaflashmarket.com/price/ews/100229/1,2026-04-22 20:13:57
Mobile,LPDDR,LPDDR4X 64Gb,美元,2026-02-10,周低点,73.20,周高点,77.00,本周价,75.00,73.2,77.0,75.0,本周价,$103.00,2026-04-21 11:00,0.00,0.00%,上周价,$103.00,周高点,$105.00,周低点,$101.20,,https://www.chinaflashmarket.com/price/lpddr,https://www.chinaflashmarket.com/price/ews/100229,https://www.chinaflashmarket.com/price/ews/100229/1,2026-04-22 20:13:57
Mobile,LPDDR,LPDDR4X 64Gb,美元,2026-02-03,周低点,73.20,周高点,77.00,本周价,75.00,73.2,77.0,75.0,本周价,$103.00,2026-04-21 11:00,0.00,0.00%,上周价,$103.00,周高点,$105.00,周低点,$101.20,,https://www.chinaflashmarket.com/price/lpddr,https://www.chinaflashmarket.com/price/ews/100229,https://www.chinaflashmarket.com/price/ews/100229/1,2026-04-22 20:13:57
Mobile,LPDDR,LPDDR4X 64Gb,美元,2026-01-27,周低点,66.20,周高点,70.00,本周价,68.00,66.2,70.0,68.0,本周价,$103.00,2026-04-21 11:00,0.00,0.00%,上周价,$103.00,周高点,$105.00,周低点,$101.20,,https://www.chinaflashmarket.com/price/lpddr,https://www.chinaflashmarket.com/price/ews/100229,https://www.chinaflashmarket.com/price/ews/100229/1,2026-04-22 20:13:57
Mobile,LPDDR,LPDDR4X 48Gb,美元,2026-04-21,周低点,78.50,周高点,82.00,本周价,80.00,78.5,82.0,80.0,本周价,$80.00,2026-04-21 11:00,0.00,0.00%,上周价,$80.00,周高点,$82.00,周低点,$78.50,,https://www.chinaflashmarket.com/price/lpddr,https://www.chinaflashmarket.com/price/ews/100182,https://www.chinaflashmarket.com/price/ews/100182/1,2026-04-22 20:13:57
Mobile,LPDDR,LPDDR4X 48Gb,美元,2026-04-14,周低点,78.50,周高点,82.00,本周价,80.00,78.5,82.0,80.0,本周价,$80.00,2026-04-21 11:00,0.00,0.00%,上周价,$80.00,周高点,$82.00,周低点,$78.50,,https://www.chinaflashmarket.com/price/lpddr,https://www.chinaflashmarket.com/price/ews/100182,https://www.chinaflashmarket.com/price/ews/100182/1,2026-04-22 20:13:57
Mobile,LPDDR,LPDDR4X 48Gb,美元,2026-04-07,周低点,78.50,周高点,82.00,本周价,80.00,78.5,82.0,80.0,本周价,$80.00,2026-04-21 11:00,0.00,0.00%,上周价,$80.00,周高点,$82.00,周低点,$78.50,,https://www.chinaflashmarket.com/price/lpddr,https://www.chinaflashmarket.com/price/ews/100182,https://www.chinaflashmarket.com/price/ews/100182/1,2026-04-22 20:13:57
Mobile,LPDDR,LPDDR4X 48Gb,美元,2026-03-31,周低点,78.50,周高点,82.00,本周价,80.00,78.5,82.0,80.0,本周价,$80.00,2026-04-21 11:00,0.00,0.00%,上周价,$80.00,周高点,$82.00,周低点,$78.50,,https://www.chinaflashmarket.com/price/lpddr,https://www.chinaflashmarket.com/price/ews/100182,https://www.chinaflashmarket.com/price/ews/100182/1,2026-04-22 20:13:57
Mobile,LPDDR,LPDDR4X 48Gb,美元,2026-03-24,周低点,78.50,周高点,82.00,本周价,80.00,78.5,82.0,80.0,本周价,$80.00,2026-04-21 11:00,0.00,0.00%,上周价,$80.00,周高点,$82.00,周低点,$78.50,,https://www.chinaflashmarket.com/price/lpddr,https://www.chinaflashmarket.com/price/ews/100182,https://www.chinaflashmarket.com/price/ews/100182/1,2026-04-22 20:13:57
Mobile,LPDDR,LPDDR4X 48Gb,美元,2026-03-17,周低点,78.50,周高点,82.00,本周价,80.00,78.5,82.0,80.0,本周价,$80.00,2026-04-21 11:00,0.00,0.00%,上周价,$80.00,周高点,$82.00,周低点,$78.50,,https://www.chinaflashmarket.com/price/lpddr,https://www.chinaflashmarket.com/price/ews/100182,https://www.chinaflashmarket.com/price/ews/100182/1,2026-04-22 20:13:57
Mobile,LPDDR,LPDDR4X 48Gb,美元,2026-03-10,周低点,69.50,周高点,73.00,本周价,71.00,69.5,73.0,71.0,本周价,$80.00,2026-04-21 11:00,0.00,0.00%,上周价,$80.00,周高点,$82.00,周低点,$78.50,,https://www.chinaflashmarket.com/price/lpddr,https://www.chinaflashmarket.com/price/ews/100182,https://www.chinaflashmarket.com/price/ews/100182/1,2026-04-22 20:13:57
Mobile,LPDDR,LPDDR4X 48Gb,美元,2026-03-03,周低点,69.50,周高点,73.00,本周价,71.00,69.5,73.0,71.0,本周价,$80.00,2026-04-21 11:00,0.00,0.00%,上周价,$80.00,周高点,$82.00,周低点,$78.50,,https://www.chinaflashmarket.com/price/lpddr,https://www.chinaflashmarket.com/price/ews/100182,https://www.chinaflashmarket.com/price/ews/100182/1,2026-04-22 20:13:57
Mobile,LPDDR,LPDDR4X 48Gb,美元,2026-02-24,周低点,59.50,周高点,63.00,本周价,61.00,59.5,63.0,61.0,本周价,$80.00,2026-04-21 11:00,0.00,0.00%,上周价,$80.00,周高点,$82.00,周低点,$78.50,,https://www.chinaflashmarket.com/price/lpddr,https://www.chinaflashmarket.com/price/ews/100182,https://www.chinaflashmarket.com/price/ews/100182/1,2026-04-22 20:13:57
Mobile,LPDDR,LPDDR4X 48Gb,美元,2026-02-10,周低点,59.50,周高点,63.00,本周价,61.00,59.5,63.0,61.0,本周价,$80.00,2026-04-21 11:00,0.00,0.00%,上周价,$80.00,周高点,$82.00,周低点,$78.50,,https://www.chinaflashmarket.com/price/lpddr,https://www.chinaflashmarket.com/price/ews/100182,https://www.chinaflashmarket.com/price/ews/100182/1,2026-04-22 20:13:57
Mobile,LPDDR,LPDDR4X 48Gb,美元,2026-02-03,周低点,59.50,周高点,63.00,本周价,61.00,59.5,63.0,61.0,本周价,$80.00,2026-04-21 11:00,0.00,0.00%,上周价,$80.00,周高点,$82.00,周低点,$78.50,,https://www.chinaflashmarket.com/price/lpddr,https://www.chinaflashmarket.com/price/ews/100182,https://www.chinaflashmarket.com/price/ews/100182/1,2026-04-22 20:13:57
Mobile,LPDDR,LPDDR4X 48Gb,美元,2026-01-27,周低点,56.50,周高点,60.00,本周价,58.00,56.5,60.0,58.0,本周价,$80.00,2026-04-21 11:00,0.00,0.00%,上周价,$80.00,周高点,$82.00,周低点,$78.50,,https://www.chinaflashmarket.com/price/lpddr,https://www.chinaflashmarket.com/price/ews/100182,https://www.chinaflashmarket.com/price/ews/100182/1,2026-04-22 20:13:57
Mobile,LPDDR,LPDDR4X 32Gb,美元,2026-04-21,周低点,59.00,周高点,61.50,本周价,60.00,59.0,61.5,60.0,本周价,$60.00,2026-04-21 11:00,0.00,0.00%,上周价,$60.00,周高点,$61.50,周低点,$59.00,,https://www.chinaflashmarket.com/price/lpddr,https://www.chinaflashmarket.com/price/ews/100183,https://www.chinaflashmarket.com/price/ews/100183/1,2026-04-22 20:13:57
Mobile,LPDDR,LPDDR4X 32Gb,美元,2026-04-14,周低点,59.00,周高点,61.50,本周价,60.00,59.0,61.5,60.0,本周价,$60.00,2026-04-21 11:00,0.00,0.00%,上周价,$60.00,周高点,$61.50,周低点,$59.00,,https://www.chinaflashmarket.com/price/lpddr,https://www.chinaflashmarket.com/price/ews/100183,https://www.chinaflashmarket.com/price/ews/100183/1,2026-04-22 20:13:57
Mobile,LPDDR,LPDDR4X 32Gb,美元,2026-04-07,周低点,59.00,周高点,61.50,本周价,60.00,59.0,61.5,60.0,本周价,$60.00,2026-04-21 11:00,0.00,0.00%,上周价,$60.00,周高点,$61.50,周低点,$59.00,,https://www.chinaflashmarket.com/price/lpddr,https://www.chinaflashmarket.com/price/ews/100183,https://www.chinaflashmarket.com/price/ews/100183/1,2026-04-22 20:13:57
Mobile,LPDDR,LPDDR4X 32Gb,美元,2026-03-31,周低点,59.00,周高点,61.50,本周价,60.00,59.0,61.5,60.0,本周价,$60.00,2026-04-21 11:00,0.00,0.00%,上周价,$60.00,周高点,$61.50,周低点,$59.00,,https://www.chinaflashmarket.com/price/lpddr,https://www.chinaflashmarket.com/price/ews/100183,https://www.chinaflashmarket.com/price/ews/100183/1,2026-04-22 20:13:57
Mobile,LPDDR,LPDDR4X 32Gb,美元,2026-03-24,周低点,59.00,周高点,61.50,本周价,60.00,59.0,61.5,60.0,本周价,$60.00,2026-04-21 11:00,0.00,0.00%,上周价,$60.00,周高点,$61.50,周低点,$59.00,,https://www.chinaflashmarket.com/price/lpddr,https://www.chinaflashmarket.com/price/ews/100183,https://www.chinaflashmarket.com/price/ews/100183/1,2026-04-22 20:13:57
Mobile,LPDDR,LPDDR4X 32Gb,美元,2026-03-17,周低点,59.00,周高点,61.50,本周价,60.00,59.0,61.5,60.0,本周价,$60.00,2026-04-21 11:00,0.00,0.00%,上周价,$60.00,周高点,$61.50,周低点,$59.00,,https://www.chinaflashmarket.com/price/lpddr,https://www.chinaflashmarket.com/price/ews/100183,https://www.chinaflashmarket.com/price/ews/100183/1,2026-04-22 20:13:57
Mobile,LPDDR,LPDDR4X 32Gb,美元,2026-03-10,周低点,57.00,周高点,59.50,本周价,58.00,57.0,59.5,58.0,本周价,$60.00,2026-04-21 11:00,0.00,0.00%,上周价,$60.00,周高点,$61.50,周低点,$59.00,,https://www.chinaflashmarket.com/price/lpddr,https://www.chinaflashmarket.com/price/ews/100183,https://www.chinaflashmarket.com/price/ews/100183/1,2026-04-22 20:13:57
Mobile,LPDDR,LPDDR4X 32Gb,美元,2026-03-03,周低点,57.00,周高点,59.50,本周价,58.00,57.0,59.5,58.0,本周价,$60.00,2026-04-21 11:00,0.00,0.00%,上周价,$60.00,周高点,$61.50,周低点,$59.00,,https://www.chinaflashmarket.com/price/lpddr,https://www.chinaflashmarket.com/price/ews/100183,https://www.chinaflashmarket.com/price/ews/100183/1,2026-04-22 20:13:57
Mobile,LPDDR,LPDDR4X 32Gb,美元,2026-02-24,周低点,44.00,周高点,46.50,本周价,45.00,44.0,46.5,45.0,本周价,$60.00,2026-04-21 11:00,0.00,0.00%,上周价,$60.00,周高点,$61.50,周低点,$59.00,,https://www.chinaflashmarket.com/price/lpddr,https://www.chinaflashmarket.com/price/ews/100183,https://www.chinaflashmarket.com/price/ews/100183/1,2026-04-22 20:13:57
Mobile,LPDDR,LPDDR4X 32Gb,美元,2026-02-10,周低点,44.00,周高点,46.50,本周价,45.00,44.0,46.5,45.0,本周价,$60.00,2026-04-21 11:00,0.00,0.00%,上周价,$60.00,周高点,$61.50,周低点,$59.00,,https://www.chinaflashmarket.com/price/lpddr,https://www.chinaflashmarket.com/price/ews/100183,https://www.chinaflashmarket.com/price/ews/100183/1,2026-04-22 20:13:57
Mobile,LPDDR,LPDDR4X 32Gb,美元,2026-02-03,周低点,44.00,周高点,46.50,本周价,45.00,44.0,46.5,45.0,本周价,$60.00,2026-04-21 11:00,0.00,0.00%,上周价,$60.00,周高点,$61.50,周低点,$59.00,,https://www.chinaflashmarket.com/price/lpddr,https://www.chinaflashmarket.com/price/ews/100183,https://www.chinaflashmarket.com/price/ews/100183/1,2026-04-22 20:13:57
Mobile,LPDDR,LPDDR4X 32Gb,美元,2026-01-27,周低点,41.00,周高点,43.50,本周价,42.00,41.0,43.5,42.0,本周价,$60.00,2026-04-21 11:00,0.00,0.00%,上周价,$60.00,周高点,$61.50,周低点,$59.00,,https://www.chinaflashmarket.com/price/lpddr,https://www.chinaflashmarket.com/price/ews/100183,https://www.chinaflashmarket.com/price/ews/100183/1,2026-04-22 20:13:57
Mobile,LPDDR,LPDDR4X 16Gb,美元,2026-04-21,周低点,30.50,周高点,31.80,本周价,31.00,30.5,31.8,31.0,本周价,$31.00,2026-04-21 11:00,0.00,0.00%,上周价,$31.00,周高点,$31.80,周低点,$30.50,,https://www.chinaflashmarket.com/price/lpddr,https://www.chinaflashmarket.com/price/ews/100156,https://www.chinaflashmarket.com/price/ews/100156/1,2026-04-22 20:13:57
Mobile,LPDDR,LPDDR4X 16Gb,美元,2026-04-14,周低点,30.50,周高点,31.80,本周价,31.00,30.5,31.8,31.0,本周价,$31.00,2026-04-21 11:00,0.00,0.00%,上周价,$31.00,周高点,$31.80,周低点,$30.50,,https://www.chinaflashmarket.com/price/lpddr,https://www.chinaflashmarket.com/price/ews/100156,https://www.chinaflashmarket.com/price/ews/100156/1,2026-04-22 20:13:57
Mobile,LPDDR,LPDDR4X 16Gb,美元,2026-04-07,周低点,30.50,周高点,31.80,本周价,31.00,30.5,31.8,31.0,本周价,$31.00,2026-04-21 11:00,0.00,0.00%,上周价,$31.00,周高点,$31.80,周低点,$30.50,,https://www.chinaflashmarket.com/price/lpddr,https://www.chinaflashmarket.com/price/ews/100156,https://www.chinaflashmarket.com/price/ews/100156/1,2026-04-22 20:13:57
Mobile,LPDDR,LPDDR4X 16Gb,美元,2026-03-31,周低点,30.50,周高点,31.80,本周价,31.00,30.5,31.8,31.0,本周价,$31.00,2026-04-21 11:00,0.00,0.00%,上周价,$31.00,周高点,$31.80,周低点,$30.50,,https://www.chinaflashmarket.com/price/lpddr,https://www.chinaflashmarket.com/price/ews/100156,https://www.chinaflashmarket.com/price/ews/100156/1,2026-04-22 20:13:57
Mobile,LPDDR,LPDDR4X 16Gb,美元,2026-03-24,周低点,30.50,周高点,31.80,本周价,31.00,30.5,31.8,31.0,本周价,$31.00,2026-04-21 11:00,0.00,0.00%,上周价,$31.00,周高点,$31.80,周低点,$30.50,,https://www.chinaflashmarket.com/price/lpddr,https://www.chinaflashmarket.com/price/ews/100156,https://www.chinaflashmarket.com/price/ews/100156/1,2026-04-22 20:13:57
Mobile,LPDDR,LPDDR4X 16Gb,美元,2026-03-17,周低点,30.50,周高点,31.80,本周价,31.00,30.5,31.8,31.0,本周价,$31.00,2026-04-21 11:00,0.00,0.00%,上周价,$31.00,周高点,$31.80,周低点,$30.50,,https://www.chinaflashmarket.com/price/lpddr,https://www.chinaflashmarket.com/price/ews/100156,https://www.chinaflashmarket.com/price/ews/100156/1,2026-04-22 20:13:57
Mobile,LPDDR,LPDDR4X 16Gb,美元,2026-03-10,周低点,29.50,周高点,30.80,本周价,30.00,29.5,30.8,30.0,本周价,$31.00,2026-04-21 11:00,0.00,0.00%,上周价,$31.00,周高点,$31.80,周低点,$30.50,,https://www.chinaflashmarket.com/price/lpddr,https://www.chinaflashmarket.com/price/ews/100156,https://www.chinaflashmarket.com/price/ews/100156/1,2026-04-22 20:13:57
Mobile,LPDDR,LPDDR4X 16Gb,美元,2026-03-03,周低点,29.50,周高点,30.80,本周价,30.00,29.5,30.8,30.0,本周价,$31.00,2026-04-21 11:00,0.00,0.00%,上周价,$31.00,周高点,$31.80,周低点,$30.50,,https://www.chinaflashmarket.com/price/lpddr,https://www.chinaflashmarket.com/price/ews/100156,https://www.chinaflashmarket.com/price/ews/100156/1,2026-04-22 20:13:57
Mobile,LPDDR,LPDDR4X 16Gb,美元,2026-02-24,周低点,23.50,周高点,24.80,本周价,24.00,23.5,24.8,24.0,本周价,$31.00,2026-04-21 11:00,0.00,0.00%,上周价,$31.00,周高点,$31.80,周低点,$30.50,,https://www.chinaflashmarket.com/price/lpddr,https://www.chinaflashmarket.com/price/ews/100156,https://www.chinaflashmarket.com/price/ews/100156/1,2026-04-22 20:13:57
Mobile,LPDDR,LPDDR4X 16Gb,美元,2026-02-10,周低点,23.50,周高点,24.80,本周价,24.00,23.5,24.8,24.0,本周价,$31.00,2026-04-21 11:00,0.00,0.00%,上周价,$31.00,周高点,$31.80,周低点,$30.50,,https://www.chinaflashmarket.com/price/lpddr,https://www.chinaflashmarket.com/price/ews/100156,https://www.chinaflashmarket.com/price/ews/100156/1,2026-04-22 20:13:57
Mobile,LPDDR,LPDDR4X 16Gb,美元,2026-02-03,周低点,23.50,周高点,24.80,本周价,24.00,23.5,24.8,24.0,本周价,$31.00,2026-04-21 11:00,0.00,0.00%,上周价,$31.00,周高点,$31.80,周低点,$30.50,,https://www.chinaflashmarket.com/price/lpddr,https://www.chinaflashmarket.com/price/ews/100156,https://www.chinaflashmarket.com/price/ews/100156/1,2026-04-22 20:13:57
Mobile,LPDDR,LPDDR4X 16Gb,美元,2026-01-27,周低点,21.50,周高点,22.80,本周价,22.00,21.5,22.8,22.0,本周价,$31.00,2026-04-21 11:00,0.00,0.00%,上周价,$31.00,周高点,$31.80,周低点,$30.50,,https://www.chinaflashmarket.com/price/lpddr,https://www.chinaflashmarket.com/price/ews/100156,https://www.chinaflashmarket.com/price/ews/100156/1,2026-04-22 20:13:57
Mobile,eMMC,eMMC 8GB 5.1,美元,2026-04-21,周低点,19.60,周高点,20.50,本周价,20.00,19.6,20.5,20.0,本周价,$20.00,2026-04-21 11:00,0.00,0.00%,上周价,$20.00,周高点,$20.50,周低点,$19.60,,https://www.chinaflashmarket.com/price/emmc,https://www.chinaflashmarket.com/price/ews/100101,https://www.chinaflashmarket.com/price/ews/100101/1,2026-04-22 20:13:57
Mobile,eMMC,eMMC 8GB 5.1,美元,2026-04-14,周低点,19.60,周高点,20.50,本周价,20.00,19.6,20.5,20.0,本周价,$20.00,2026-04-21 11:00,0.00,0.00%,上周价,$20.00,周高点,$20.50,周低点,$19.60,,https://www.chinaflashmarket.com/price/emmc,https://www.chinaflashmarket.com/price/ews/100101,https://www.chinaflashmarket.com/price/ews/100101/1,2026-04-22 20:13:57
Mobile,eMMC,eMMC 8GB 5.1,美元,2026-04-07,周低点,19.60,周高点,20.50,本周价,20.00,19.6,20.5,20.0,本周价,$20.00,2026-04-21 11:00,0.00,0.00%,上周价,$20.00,周高点,$20.50,周低点,$19.60,,https://www.chinaflashmarket.com/price/emmc,https://www.chinaflashmarket.com/price/ews/100101,https://www.chinaflashmarket.com/price/ews/100101/1,2026-04-22 20:13:57
Mobile,eMMC,eMMC 8GB 5.1,美元,2026-03-31,周低点,19.60,周高点,20.50,本周价,20.00,19.6,20.5,20.0,本周价,$20.00,2026-04-21 11:00,0.00,0.00%,上周价,$20.00,周高点,$20.50,周低点,$19.60,,https://www.chinaflashmarket.com/price/emmc,https://www.chinaflashmarket.com/price/ews/100101,https://www.chinaflashmarket.com/price/ews/100101/1,2026-04-22 20:13:57
Mobile,eMMC,eMMC 8GB 5.1,美元,2026-03-24,周低点,19.60,周高点,20.50,本周价,20.00,19.6,20.5,20.0,本周价,$20.00,2026-04-21 11:00,0.00,0.00%,上周价,$20.00,周高点,$20.50,周低点,$19.60,,https://www.chinaflashmarket.com/price/emmc,https://www.chinaflashmarket.com/price/ews/100101,https://www.chinaflashmarket.com/price/ews/100101/1,2026-04-22 20:13:57
Mobile,eMMC,eMMC 8GB 5.1,美元,2026-03-17,周低点,19.60,周高点,20.50,本周价,20.00,19.6,20.5,20.0,本周价,$20.00,2026-04-21 11:00,0.00,0.00%,上周价,$20.00,周高点,$20.50,周低点,$19.60,,https://www.chinaflashmarket.com/price/emmc,https://www.chinaflashmarket.com/price/ews/100101,https://www.chinaflashmarket.com/price/ews/100101/1,2026-04-22 20:13:57
Mobile,eMMC,eMMC 8GB 5.1,美元,2026-03-10,周低点,19.60,周高点,20.50,本周价,20.00,19.6,20.5,20.0,本周价,$20.00,2026-04-21 11:00,0.00,0.00%,上周价,$20.00,周高点,$20.50,周低点,$19.60,,https://www.chinaflashmarket.com/price/emmc,https://www.chinaflashmarket.com/price/ews/100101,https://www.chinaflashmarket.com/price/ews/100101/1,2026-04-22 20:13:57
Mobile,eMMC,eMMC 8GB 5.1,美元,2026-03-03,周低点,17.60,周高点,18.50,本周价,18.00,17.6,18.5,18.0,本周价,$20.00,2026-04-21 11:00,0.00,0.00%,上周价,$20.00,周高点,$20.50,周低点,$19.60,,https://www.chinaflashmarket.com/price/emmc,https://www.chinaflashmarket.com/price/ews/100101,https://www.chinaflashmarket.com/price/ews/100101/1,2026-04-22 20:13:57
Mobile,eMMC,eMMC 8GB 5.1,美元,2026-02-24,周低点,14.60,周高点,15.50,本周价,15.00,14.6,15.5,15.0,本周价,$20.00,2026-04-21 11:00,0.00,0.00%,上周价,$20.00,周高点,$20.50,周低点,$19.60,,https://www.chinaflashmarket.com/price/emmc,https://www.chinaflashmarket.com/price/ews/100101,https://www.chinaflashmarket.com/price/ews/100101/1,2026-04-22 20:13:57
Mobile,eMMC,eMMC 8GB 5.1,美元,2026-02-10,周低点,14.60,周高点,15.50,本周价,15.00,14.6,15.5,15.0,本周价,$20.00,2026-04-21 11:00,0.00,0.00%,上周价,$20.00,周高点,$20.50,周低点,$19.60,,https://www.chinaflashmarket.com/price/emmc,https://www.chinaflashmarket.com/price/ews/100101,https://www.chinaflashmarket.com/price/ews/100101/1,2026-04-22 20:13:57
Mobile,eMMC,eMMC 8GB 5.1,美元,2026-02-03,周低点,14.60,周高点,15.50,本周价,15.00,14.6,15.5,15.0,本周价,$20.00,2026-04-21 11:00,0.00,0.00%,上周价,$20.00,周高点,$20.50,周低点,$19.60,,https://www.chinaflashmarket.com/price/emmc,https://www.chinaflashmarket.com/price/ews/100101,https://www.chinaflashmarket.com/price/ews/100101/1,2026-04-22 20:13:57
Mobile,eMMC,eMMC 8GB 5.1,美元,2026-01-27,周低点,14.60,周高点,15.50,本周价,15.00,14.6,15.5,15.0,本周价,$20.00,2026-04-21 11:00,0.00,0.00%,上周价,$20.00,周高点,$20.50,周低点,$19.60,,https://www.chinaflashmarket.com/price/emmc,https://www.chinaflashmarket.com/price/ews/100101,https://www.chinaflashmarket.com/price/ews/100101/1,2026-04-22 20:13:57
Mobile,eMMC,eMMC 16GB 5.1,美元,2026-04-21,周低点,20.80,周高点,22.30,本周价,21.00,20.8,22.3,21.0,本周价,$21.00,2026-04-21 11:00,0.00,0.00%,上周价,$21.00,周高点,$22.30,周低点,$20.80,,https://www.chinaflashmarket.com/price/emmc,https://www.chinaflashmarket.com/price/ews/100102,https://www.chinaflashmarket.com/price/ews/100102/1,2026-04-22 20:13:57
Mobile,eMMC,eMMC 16GB 5.1,美元,2026-04-14,周低点,20.80,周高点,22.30,本周价,21.00,20.8,22.3,21.0,本周价,$21.00,2026-04-21 11:00,0.00,0.00%,上周价,$21.00,周高点,$22.30,周低点,$20.80,,https://www.chinaflashmarket.com/price/emmc,https://www.chinaflashmarket.com/price/ews/100102,https://www.chinaflashmarket.com/price/ews/100102/1,2026-04-22 20:13:57
Mobile,eMMC,eMMC 16GB 5.1,美元,2026-04-07,周低点,20.80,周高点,22.30,本周价,21.00,20.8,22.3,21.0,本周价,$21.00,2026-04-21 11:00,0.00,0.00%,上周价,$21.00,周高点,$22.30,周低点,$20.80,,https://www.chinaflashmarket.com/price/emmc,https://www.chinaflashmarket.com/price/ews/100102,https://www.chinaflashmarket.com/price/ews/100102/1,2026-04-22 20:13:57
Mobile,eMMC,eMMC 16GB 5.1,美元,2026-03-31,周低点,20.80,周高点,22.30,本周价,21.00,20.8,22.3,21.0,本周价,$21.00,2026-04-21 11:00,0.00,0.00%,上周价,$21.00,周高点,$22.30,周低点,$20.80,,https://www.chinaflashmarket.com/price/emmc,https://www.chinaflashmarket.com/price/ews/100102,https://www.chinaflashmarket.com/price/ews/100102/1,2026-04-22 20:13:57
Mobile,eMMC,eMMC 16GB 5.1,美元,2026-03-24,周低点,20.80,周高点,22.30,本周价,21.00,20.8,22.3,21.0,本周价,$21.00,2026-04-21 11:00,0.00,0.00%,上周价,$21.00,周高点,$22.30,周低点,$20.80,,https://www.chinaflashmarket.com/price/emmc,https://www.chinaflashmarket.com/price/ews/100102,https://www.chinaflashmarket.com/price/ews/100102/1,2026-04-22 20:13:57
Mobile,eMMC,eMMC 16GB 5.1,美元,2026-03-17,周低点,20.80,周高点,22.30,本周价,21.00,20.8,22.3,21.0,本周价,$21.00,2026-04-21 11:00,0.00,0.00%,上周价,$21.00,周高点,$22.30,周低点,$20.80,,https://www.chinaflashmarket.com/price/emmc,https://www.chinaflashmarket.com/price/ews/100102,https://www.chinaflashmarket.com/price/ews/100102/1,2026-04-22 20:13:57
Mobile,eMMC,eMMC 16GB 5.1,美元,2026-03-10,周低点,20.80,周高点,22.30,本周价,21.00,20.8,22.3,21.0,本周价,$21.00,2026-04-21 11:00,0.00,0.00%,上周价,$21.00,周高点,$22.30,周低点,$20.80,,https://www.chinaflashmarket.com/price/emmc,https://www.chinaflashmarket.com/price/ews/100102,https://www.chinaflashmarket.com/price/ews/100102/1,2026-04-22 20:13:57
Mobile,eMMC,eMMC 16GB 5.1,美元,2026-03-03,周低点,18.80,周高点,20.30,本周价,19.00,18.8,20.3,19.0,本周价,$21.00,2026-04-21 11:00,0.00,0.00%,上周价,$21.00,周高点,$22.30,周低点,$20.80,,https://www.chinaflashmarket.com/price/emmc,https://www.chinaflashmarket.com/price/ews/100102,https://www.chinaflashmarket.com/price/ews/100102/1,2026-04-22 20:13:57
Mobile,eMMC,eMMC 16GB 5.1,美元,2026-02-24,周低点,15.80,周高点,17.30,本周价,16.00,15.8,17.3,16.0,本周价,$21.00,2026-04-21 11:00,0.00,0.00%,上周价,$21.00,周高点,$22.30,周低点,$20.80,,https://www.chinaflashmarket.com/price/emmc,https://www.chinaflashmarket.com/price/ews/100102,https://www.chinaflashmarket.com/price/ews/100102/1,2026-04-22 20:13:57
Mobile,eMMC,eMMC 16GB 5.1,美元,2026-02-10,周低点,15.80,周高点,17.30,本周价,16.00,15.8,17.3,16.0,本周价,$21.00,2026-04-21 11:00,0.00,0.00%,上周价,$21.00,周高点,$22.30,周低点,$20.80,,https://www.chinaflashmarket.com/price/emmc,https://www.chinaflashmarket.com/price/ews/100102,https://www.chinaflashmarket.com/price/ews/100102/1,2026-04-22 20:13:57
Mobile,eMMC,eMMC 16GB 5.1,美元,2026-02-03,周低点,15.80,周高点,17.30,本周价,16.00,15.8,17.3,16.0,本周价,$21.00,2026-04-21 11:00,0.00,0.00%,上周价,$21.00,周高点,$22.30,周低点,$20.80,,https://www.chinaflashmarket.com/price/emmc,https://www.chinaflashmarket.com/price/ews/100102,https://www.chinaflashmarket.com/price/ews/100102/1,2026-04-22 20:13:57
Mobile,eMMC,eMMC 16GB 5.1,美元,2026-01-27,周低点,15.80,周高点,17.30,本周价,16.00,15.8,17.3,16.0,本周价,$21.00,2026-04-21 11:00,0.00,0.00%,上周价,$21.00,周高点,$22.30,周低点,$20.80,,https://www.chinaflashmarket.com/price/emmc,https://www.chinaflashmarket.com/price/ews/100102,https://www.chinaflashmarket.com/price/ews/100102/1,2026-04-22 20:13:57
Mobile,eMMC,eMMC 32GB 5.1,美元,2026-04-21,周低点,22.60,周高点,24.30,本周价,23.00,22.6,24.3,23.0,本周价,$23.00,2026-04-21 11:00,0.00,0.00%,上周价,$23.00,周高点,$24.30,周低点,$22.60,,https://www.chinaflashmarket.com/price/emmc,https://www.chinaflashmarket.com/price/ews/100141,https://www.chinaflashmarket.com/price/ews/100141/1,2026-04-22 20:13:57
Mobile,eMMC,eMMC 32GB 5.1,美元,2026-04-14,周低点,22.60,周高点,24.30,本周价,23.00,22.6,24.3,23.0,本周价,$23.00,2026-04-21 11:00,0.00,0.00%,上周价,$23.00,周高点,$24.30,周低点,$22.60,,https://www.chinaflashmarket.com/price/emmc,https://www.chinaflashmarket.com/price/ews/100141,https://www.chinaflashmarket.com/price/ews/100141/1,2026-04-22 20:13:57
Mobile,eMMC,eMMC 32GB 5.1,美元,2026-04-07,周低点,22.60,周高点,24.30,本周价,23.00,22.6,24.3,23.0,本周价,$23.00,2026-04-21 11:00,0.00,0.00%,上周价,$23.00,周高点,$24.30,周低点,$22.60,,https://www.chinaflashmarket.com/price/emmc,https://www.chinaflashmarket.com/price/ews/100141,https://www.chinaflashmarket.com/price/ews/100141/1,2026-04-22 20:13:57
Mobile,eMMC,eMMC 32GB 5.1,美元,2026-03-31,周低点,22.60,周高点,24.30,本周价,23.00,22.6,24.3,23.0,本周价,$23.00,2026-04-21 11:00,0.00,0.00%,上周价,$23.00,周高点,$24.30,周低点,$22.60,,https://www.chinaflashmarket.com/price/emmc,https://www.chinaflashmarket.com/price/ews/100141,https://www.chinaflashmarket.com/price/ews/100141/1,2026-04-22 20:13:57
Mobile,eMMC,eMMC 32GB 5.1,美元,2026-03-24,周低点,22.60,周高点,24.30,本周价,23.00,22.6,24.3,23.0,本周价,$23.00,2026-04-21 11:00,0.00,0.00%,上周价,$23.00,周高点,$24.30,周低点,$22.60,,https://www.chinaflashmarket.com/price/emmc,https://www.chinaflashmarket.com/price/ews/100141,https://www.chinaflashmarket.com/price/ews/100141/1,2026-04-22 20:13:57
Mobile,eMMC,eMMC 32GB 5.1,美元,2026-03-17,周低点,22.60,周高点,24.30,本周价,23.00,22.6,24.3,23.0,本周价,$23.00,2026-04-21 11:00,0.00,0.00%,上周价,$23.00,周高点,$24.30,周低点,$22.60,,https://www.chinaflashmarket.com/price/emmc,https://www.chinaflashmarket.com/price/ews/100141,https://www.chinaflashmarket.com/price/ews/100141/1,2026-04-22 20:13:57
Mobile,eMMC,eMMC 32GB 5.1,美元,2026-03-10,周低点,22.60,周高点,24.30,本周价,23.00,22.6,24.3,23.0,本周价,$23.00,2026-04-21 11:00,0.00,0.00%,上周价,$23.00,周高点,$24.30,周低点,$22.60,,https://www.chinaflashmarket.com/price/emmc,https://www.chinaflashmarket.com/price/ews/100141,https://www.chinaflashmarket.com/price/ews/100141/1,2026-04-22 20:13:57
Mobile,eMMC,eMMC 32GB 5.1,美元,2026-03-03,周低点,21.60,周高点,23.30,本周价,22.00,21.6,23.3,22.0,本周价,$23.00,2026-04-21 11:00,0.00,0.00%,上周价,$23.00,周高点,$24.30,周低点,$22.60,,https://www.chinaflashmarket.com/price/emmc,https://www.chinaflashmarket.com/price/ews/100141,https://www.chinaflashmarket.com/price/ews/100141/1,2026-04-22 20:13:57
Mobile,eMMC,eMMC 32GB 5.1,美元,2026-02-24,周低点,16.60,周高点,18.30,本周价,17.00,16.6,18.3,17.0,本周价,$23.00,2026-04-21 11:00,0.00,0.00%,上周价,$23.00,周高点,$24.30,周低点,$22.60,,https://www.chinaflashmarket.com/price/emmc,https://www.chinaflashmarket.com/price/ews/100141,https://www.chinaflashmarket.com/price/ews/100141/1,2026-04-22 20:13:57
Mobile,eMMC,eMMC 32GB 5.1,美元,2026-02-10,周低点,16.60,周高点,18.30,本周价,17.00,16.6,18.3,17.0,本周价,$23.00,2026-04-21 11:00,0.00,0.00%,上周价,$23.00,周高点,$24.30,周低点,$22.60,,https://www.chinaflashmarket.com/price/emmc,https://www.chinaflashmarket.com/price/ews/100141,https://www.chinaflashmarket.com/price/ews/100141/1,2026-04-22 20:13:57
Mobile,eMMC,eMMC 32GB 5.1,美元,2026-02-03,周低点,16.60,周高点,18.30,本周价,17.00,16.6,18.3,17.0,本周价,$23.00,2026-04-21 11:00,0.00,0.00%,上周价,$23.00,周高点,$24.30,周低点,$22.60,,https://www.chinaflashmarket.com/price/emmc,https://www.chinaflashmarket.com/price/ews/100141,https://www.chinaflashmarket.com/price/ews/100141/1,2026-04-22 20:13:57
Mobile,eMMC,eMMC 32GB 5.1,美元,2026-01-27,周低点,16.60,周高点,18.30,本周价,17.00,16.6,18.3,17.0,本周价,$23.00,2026-04-21 11:00,0.00,0.00%,上周价,$23.00,周高点,$24.30,周低点,$22.60,,https://www.chinaflashmarket.com/price/emmc,https://www.chinaflashmarket.com/price/ews/100141,https://www.chinaflashmarket.com/price/ews/100141/1,2026-04-22 20:13:57
Mobile,eMMC,eMMC 64GB 5.1,美元,2026-04-21,周低点,24.50,周高点,26.00,本周价,25.00,24.5,26.0,25.0,本周价,$25.00,2026-04-21 11:00,0.00,0.00%,上周价,$25.00,周高点,$26.00,周低点,$24.50,,https://www.chinaflashmarket.com/price/emmc,https://www.chinaflashmarket.com/price/ews/100142,https://www.chinaflashmarket.com/price/ews/100142/1,2026-04-22 20:13:57
Mobile,eMMC,eMMC 64GB 5.1,美元,2026-04-14,周低点,24.50,周高点,26.00,本周价,25.00,24.5,26.0,25.0,本周价,$25.00,2026-04-21 11:00,0.00,0.00%,上周价,$25.00,周高点,$26.00,周低点,$24.50,,https://www.chinaflashmarket.com/price/emmc,https://www.chinaflashmarket.com/price/ews/100142,https://www.chinaflashmarket.com/price/ews/100142/1,2026-04-22 20:13:57
Mobile,eMMC,eMMC 64GB 5.1,美元,2026-04-07,周低点,24.50,周高点,26.00,本周价,25.00,24.5,26.0,25.0,本周价,$25.00,2026-04-21 11:00,0.00,0.00%,上周价,$25.00,周高点,$26.00,周低点,$24.50,,https://www.chinaflashmarket.com/price/emmc,https://www.chinaflashmarket.com/price/ews/100142,https://www.chinaflashmarket.com/price/ews/100142/1,2026-04-22 20:13:57
Mobile,eMMC,eMMC 64GB 5.1,美元,2026-03-31,周低点,24.50,周高点,26.00,本周价,25.00,24.5,26.0,25.0,本周价,$25.00,2026-04-21 11:00,0.00,0.00%,上周价,$25.00,周高点,$26.00,周低点,$24.50,,https://www.chinaflashmarket.com/price/emmc,https://www.chinaflashmarket.com/price/ews/100142,https://www.chinaflashmarket.com/price/ews/100142/1,2026-04-22 20:13:57
Mobile,eMMC,eMMC 64GB 5.1,美元,2026-03-24,周低点,24.50,周高点,26.00,本周价,25.00,24.5,26.0,25.0,本周价,$25.00,2026-04-21 11:00,0.00,0.00%,上周价,$25.00,周高点,$26.00,周低点,$24.50,,https://www.chinaflashmarket.com/price/emmc,https://www.chinaflashmarket.com/price/ews/100142,https://www.chinaflashmarket.com/price/ews/100142/1,2026-04-22 20:13:57
Mobile,eMMC,eMMC 64GB 5.1,美元,2026-03-17,周低点,24.50,周高点,26.00,本周价,25.00,24.5,26.0,25.0,本周价,$25.00,2026-04-21 11:00,0.00,0.00%,上周价,$25.00,周高点,$26.00,周低点,$24.50,,https://www.chinaflashmarket.com/price/emmc,https://www.chinaflashmarket.com/price/ews/100142,https://www.chinaflashmarket.com/price/ews/100142/1,2026-04-22 20:13:57
Mobile,eMMC,eMMC 64GB 5.1,美元,2026-03-10,周低点,24.50,周高点,26.00,本周价,25.00,24.5,26.0,25.0,本周价,$25.00,2026-04-21 11:00,0.00,0.00%,上周价,$25.00,周高点,$26.00,周低点,$24.50,,https://www.chinaflashmarket.com/price/emmc,https://www.chinaflashmarket.com/price/ews/100142,https://www.chinaflashmarket.com/price/ews/100142/1,2026-04-22 20:13:57
Mobile,eMMC,eMMC 64GB 5.1,美元,2026-03-03,周低点,22.50,周高点,24.00,本周价,23.00,22.5,24.0,23.0,本周价,$25.00,2026-04-21 11:00,0.00,0.00%,上周价,$25.00,周高点,$26.00,周低点,$24.50,,https://www.chinaflashmarket.com/price/emmc,https://www.chinaflashmarket.com/price/ews/100142,https://www.chinaflashmarket.com/price/ews/100142/1,2026-04-22 20:13:57
Mobile,eMMC,eMMC 64GB 5.1,美元,2026-02-24,周低点,18.50,周高点,20.00,本周价,19.00,18.5,20.0,19.0,本周价,$25.00,2026-04-21 11:00,0.00,0.00%,上周价,$25.00,周高点,$26.00,周低点,$24.50,,https://www.chinaflashmarket.com/price/emmc,https://www.chinaflashmarket.com/price/ews/100142,https://www.chinaflashmarket.com/price/ews/100142/1,2026-04-22 20:13:57
Mobile,eMMC,eMMC 64GB 5.1,美元,2026-02-10,周低点,18.50,周高点,20.00,本周价,19.00,18.5,20.0,19.0,本周价,$25.00,2026-04-21 11:00,0.00,0.00%,上周价,$25.00,周高点,$26.00,周低点,$24.50,,https://www.chinaflashmarket.com/price/emmc,https://www.chinaflashmarket.com/price/ews/100142,https://www.chinaflashmarket.com/price/ews/100142/1,2026-04-22 20:13:57
Mobile,eMMC,eMMC 64GB 5.1,美元,2026-02-03,周低点,18.50,周高点,20.00,本周价,19.00,18.5,20.0,19.0,本周价,$25.00,2026-04-21 11:00,0.00,0.00%,上周价,$25.00,周高点,$26.00,周低点,$24.50,,https://www.chinaflashmarket.com/price/emmc,https://www.chinaflashmarket.com/price/ews/100142,https://www.chinaflashmarket.com/price/ews/100142/1,2026-04-22 20:13:57
Mobile,eMMC,eMMC 64GB 5.1,美元,2026-01-27,周低点,18.50,周高点,20.00,本周价,19.00,18.5,20.0,19.0,本周价,$25.00,2026-04-21 11:00,0.00,0.00%,上周价,$25.00,周高点,$26.00,周低点,$24.50,,https://www.chinaflashmarket.com/price/emmc,https://www.chinaflashmarket.com/price/ews/100142,https://www.chinaflashmarket.com/price/ews/100142/1,2026-04-22 20:13:57
Mobile,eMMC,eMMC 128GB 5.1,美元,2026-04-21,周低点,30.40,周高点,33.50,本周价,31.00,30.4,33.5,31.0,本周价,$31.00,2026-04-21 11:00,0.00,0.00%,上周价,$31.00,周高点,$33.50,周低点,$30.40,,https://www.chinaflashmarket.com/price/emmc,https://www.chinaflashmarket.com/price/ews/100143,https://www.chinaflashmarket.com/price/ews/100143/1,2026-04-22 20:13:57
Mobile,eMMC,eMMC 128GB 5.1,美元,2026-04-14,周低点,30.40,周高点,33.50,本周价,31.00,30.4,33.5,31.0,本周价,$31.00,2026-04-21 11:00,0.00,0.00%,上周价,$31.00,周高点,$33.50,周低点,$30.40,,https://www.chinaflashmarket.com/price/emmc,https://www.chinaflashmarket.com/price/ews/100143,https://www.chinaflashmarket.com/price/ews/100143/1,2026-04-22 20:13:57
Mobile,eMMC,eMMC 128GB 5.1,美元,2026-04-07,周低点,30.40,周高点,33.50,本周价,31.00,30.4,33.5,31.0,本周价,$31.00,2026-04-21 11:00,0.00,0.00%,上周价,$31.00,周高点,$33.50,周低点,$30.40,,https://www.chinaflashmarket.com/price/emmc,https://www.chinaflashmarket.com/price/ews/100143,https://www.chinaflashmarket.com/price/ews/100143/1,2026-04-22 20:13:57
Mobile,eMMC,eMMC 128GB 5.1,美元,2026-03-31,周低点,30.40,周高点,33.50,本周价,31.00,30.4,33.5,31.0,本周价,$31.00,2026-04-21 11:00,0.00,0.00%,上周价,$31.00,周高点,$33.50,周低点,$30.40,,https://www.chinaflashmarket.com/price/emmc,https://www.chinaflashmarket.com/price/ews/100143,https://www.chinaflashmarket.com/price/ews/100143/1,2026-04-22 20:13:57
Mobile,eMMC,eMMC 128GB 5.1,美元,2026-03-24,周低点,30.40,周高点,33.50,本周价,31.00,30.4,33.5,31.0,本周价,$31.00,2026-04-21 11:00,0.00,0.00%,上周价,$31.00,周高点,$33.50,周低点,$30.40,,https://www.chinaflashmarket.com/price/emmc,https://www.chinaflashmarket.com/price/ews/100143,https://www.chinaflashmarket.com/price/ews/100143/1,2026-04-22 20:13:57
Mobile,eMMC,eMMC 128GB 5.1,美元,2026-03-17,周低点,30.40,周高点,33.50,本周价,31.00,30.4,33.5,31.0,本周价,$31.00,2026-04-21 11:00,0.00,0.00%,上周价,$31.00,周高点,$33.50,周低点,$30.40,,https://www.chinaflashmarket.com/price/emmc,https://www.chinaflashmarket.com/price/ews/100143,https://www.chinaflashmarket.com/price/ews/100143/1,2026-04-22 20:13:57
Mobile,eMMC,eMMC 128GB 5.1,美元,2026-03-10,周低点,30.40,周高点,33.50,本周价,31.00,30.4,33.5,31.0,本周价,$31.00,2026-04-21 11:00,0.00,0.00%,上周价,$31.00,周高点,$33.50,周低点,$30.40,,https://www.chinaflashmarket.com/price/emmc,https://www.chinaflashmarket.com/price/ews/100143,https://www.chinaflashmarket.com/price/ews/100143/1,2026-04-22 20:13:57
Mobile,eMMC,eMMC 128GB 5.1,美元,2026-03-03,周低点,30.40,周高点,33.50,本周价,31.00,30.4,33.5,31.0,本周价,$31.00,2026-04-21 11:00,0.00,0.00%,上周价,$31.00,周高点,$33.50,周低点,$30.40,,https://www.chinaflashmarket.com/price/emmc,https://www.chinaflashmarket.com/price/ews/100143,https://www.chinaflashmarket.com/price/ews/100143/1,2026-04-22 20:13:57
Mobile,eMMC,eMMC 128GB 5.1,美元,2026-02-24,周低点,27.40,周高点,30.50,本周价,28.00,27.4,30.5,28.0,本周价,$31.00,2026-04-21 11:00,0.00,0.00%,上周价,$31.00,周高点,$33.50,周低点,$30.40,,https://www.chinaflashmarket.com/price/emmc,https://www.chinaflashmarket.com/price/ews/100143,https://www.chinaflashmarket.com/price/ews/100143/1,2026-04-22 20:13:57
Mobile,eMMC,eMMC 128GB 5.1,美元,2026-02-10,周低点,27.40,周高点,30.50,本周价,28.00,27.4,30.5,28.0,本周价,$31.00,2026-04-21 11:00,0.00,0.00%,上周价,$31.00,周高点,$33.50,周低点,$30.40,,https://www.chinaflashmarket.com/price/emmc,https://www.chinaflashmarket.com/price/ews/100143,https://www.chinaflashmarket.com/price/ews/100143/1,2026-04-22 20:13:57
Mobile,eMMC,eMMC 128GB 5.1,美元,2026-02-03,周低点,27.40,周高点,30.50,本周价,28.00,27.4,30.5,28.0,本周价,$31.00,2026-04-21 11:00,0.00,0.00%,上周价,$31.00,周高点,$33.50,周低点,$30.40,,https://www.chinaflashmarket.com/price/emmc,https://www.chinaflashmarket.com/price/ews/100143,https://www.chinaflashmarket.com/price/ews/100143/1,2026-04-22 20:13:57
Mobile,eMMC,eMMC 128GB 5.1,美元,2026-01-27,周低点,27.40,周高点,30.50,本周价,28.00,27.4,30.5,28.0,本周价,$31.00,2026-04-21 11:00,0.00,0.00%,上周价,$31.00,周高点,$33.50,周低点,$30.40,,https://www.chinaflashmarket.com/price/emmc,https://www.chinaflashmarket.com/price/ews/100143,https://www.chinaflashmarket.com/price/ews/100143/1,2026-04-22 20:13:57
Mobile,eMMC,eMMC 256GB 5.1,美元,2026-04-21,周低点,56.10,周高点,60.50,本周价,58.00,56.1,60.5,58.0,本周价,$58.00,2026-04-21 11:00,0.00,0.00%,上周价,$58.00,周高点,$60.50,周低点,$56.10,,https://www.chinaflashmarket.com/price/emmc,https://www.chinaflashmarket.com/price/ews/100260,https://www.chinaflashmarket.com/price/ews/100260/1,2026-04-22 20:13:57
Mobile,eMMC,eMMC 256GB 5.1,美元,2026-04-14,周低点,56.10,周高点,60.50,本周价,58.00,56.1,60.5,58.0,本周价,$58.00,2026-04-21 11:00,0.00,0.00%,上周价,$58.00,周高点,$60.50,周低点,$56.10,,https://www.chinaflashmarket.com/price/emmc,https://www.chinaflashmarket.com/price/ews/100260,https://www.chinaflashmarket.com/price/ews/100260/1,2026-04-22 20:13:57
Mobile,eMMC,eMMC 256GB 5.1,美元,2026-04-07,周低点,56.10,周高点,60.50,本周价,58.00,56.1,60.5,58.0,本周价,$58.00,2026-04-21 11:00,0.00,0.00%,上周价,$58.00,周高点,$60.50,周低点,$56.10,,https://www.chinaflashmarket.com/price/emmc,https://www.chinaflashmarket.com/price/ews/100260,https://www.chinaflashmarket.com/price/ews/100260/1,2026-04-22 20:13:57
Mobile,eMMC,eMMC 256GB 5.1,美元,2026-03-31,周低点,56.10,周高点,60.50,本周价,58.00,56.1,60.5,58.0,本周价,$58.00,2026-04-21 11:00,0.00,0.00%,上周价,$58.00,周高点,$60.50,周低点,$56.10,,https://www.chinaflashmarket.com/price/emmc,https://www.chinaflashmarket.com/price/ews/100260,https://www.chinaflashmarket.com/price/ews/100260/1,2026-04-22 20:13:57
Mobile,eMMC,eMMC 256GB 5.1,美元,2026-03-24,周低点,56.10,周高点,60.50,本周价,58.00,56.1,60.5,58.0,本周价,$58.00,2026-04-21 11:00,0.00,0.00%,上周价,$58.00,周高点,$60.50,周低点,$56.10,,https://www.chinaflashmarket.com/price/emmc,https://www.chinaflashmarket.com/price/ews/100260,https://www.chinaflashmarket.com/price/ews/100260/1,2026-04-22 20:13:57
Mobile,eMMC,eMMC 256GB 5.1,美元,2026-03-17,周低点,56.10,周高点,60.50,本周价,58.00,56.1,60.5,58.0,本周价,$58.00,2026-04-21 11:00,0.00,0.00%,上周价,$58.00,周高点,$60.50,周低点,$56.10,,https://www.chinaflashmarket.com/price/emmc,https://www.chinaflashmarket.com/price/ews/100260,https://www.chinaflashmarket.com/price/ews/100260/1,2026-04-22 20:13:57
Mobile,eMMC,eMMC 256GB 5.1,美元,2026-03-10,周低点,56.10,周高点,60.50,本周价,58.00,56.1,60.5,58.0,本周价,$58.00,2026-04-21 11:00,0.00,0.00%,上周价,$58.00,周高点,$60.50,周低点,$56.10,,https://www.chinaflashmarket.com/price/emmc,https://www.chinaflashmarket.com/price/ews/100260,https://www.chinaflashmarket.com/price/ews/100260/1,2026-04-22 20:13:57
Mobile,eMMC,eMMC 256GB 5.1,美元,2026-03-03,周低点,56.10,周高点,60.50,本周价,58.00,56.1,60.5,58.0,本周价,$58.00,2026-04-21 11:00,0.00,0.00%,上周价,$58.00,周高点,$60.50,周低点,$56.10,,https://www.chinaflashmarket.com/price/emmc,https://www.chinaflashmarket.com/price/ews/100260,https://www.chinaflashmarket.com/price/ews/100260/1,2026-04-22 20:13:57
Mobile,eMMC,eMMC 256GB 5.1,美元,2026-02-24,周低点,48.10,周高点,52.50,本周价,50.00,48.1,52.5,50.0,本周价,$58.00,2026-04-21 11:00,0.00,0.00%,上周价,$58.00,周高点,$60.50,周低点,$56.10,,https://www.chinaflashmarket.com/price/emmc,https://www.chinaflashmarket.com/price/ews/100260,https://www.chinaflashmarket.com/price/ews/100260/1,2026-04-22 20:13:57
Mobile,eMMC,eMMC 256GB 5.1,美元,2026-02-10,周低点,48.10,周高点,52.50,本周价,50.00,48.1,52.5,50.0,本周价,$58.00,2026-04-21 11:00,0.00,0.00%,上周价,$58.00,周高点,$60.50,周低点,$56.10,,https://www.chinaflashmarket.com/price/emmc,https://www.chinaflashmarket.com/price/ews/100260,https://www.chinaflashmarket.com/price/ews/100260/1,2026-04-22 20:13:57
Mobile,eMMC,eMMC 256GB 5.1,美元,2026-02-03,周低点,48.10,周高点,52.50,本周价,50.00,48.1,52.5,50.0,本周价,$58.00,2026-04-21 11:00,0.00,0.00%,上周价,$58.00,周高点,$60.50,周低点,$56.10,,https://www.chinaflashmarket.com/price/emmc,https://www.chinaflashmarket.com/price/ews/100260,https://www.chinaflashmarket.com/price/ews/100260/1,2026-04-22 20:13:57
Mobile,eMMC,eMMC 256GB 5.1,美元,2026-01-27,周低点,48.10,周高点,52.50,本周价,50.00,48.1,52.5,50.0,本周价,$58.00,2026-04-21 11:00,0.00,0.00%,上周价,$58.00,周高点,$60.50,周低点,$56.10,,https://www.chinaflashmarket.com/price/emmc,https://www.chinaflashmarket.com/price/ews/100260,https://www.chinaflashmarket.com/price/ews/100260/1,2026-04-22 20:13:57
Mobile,eMCP,eMCP(eMMC + LPDDR4X)64GB+32Gb,美元,2026-04-21,周低点,82.00,周高点,84.70,本周价,83.00,82.0,84.7,83.0,本周价,$83.00,2026-04-21 11:00,0.00,0.00%,上周价,$83.00,周高点,$84.70,周低点,$82.00,,https://www.chinaflashmarket.com/price/emcp,https://www.chinaflashmarket.com/price/ews/100180,https://www.chinaflashmarket.com/price/ews/100180/1,2026-04-22 20:13:57
Mobile,eMCP,eMCP(eMMC + LPDDR4X)64GB+32Gb,美元,2026-04-14,周低点,82.00,周高点,84.70,本周价,83.00,82.0,84.7,83.0,本周价,$83.00,2026-04-21 11:00,0.00,0.00%,上周价,$83.00,周高点,$84.70,周低点,$82.00,,https://www.chinaflashmarket.com/price/emcp,https://www.chinaflashmarket.com/price/ews/100180,https://www.chinaflashmarket.com/price/ews/100180/1,2026-04-22 20:13:57
Mobile,eMCP,eMCP(eMMC + LPDDR4X)64GB+32Gb,美元,2026-04-07,周低点,82.00,周高点,84.70,本周价,83.00,82.0,84.7,83.0,本周价,$83.00,2026-04-21 11:00,0.00,0.00%,上周价,$83.00,周高点,$84.70,周低点,$82.00,,https://www.chinaflashmarket.com/price/emcp,https://www.chinaflashmarket.com/price/ews/100180,https://www.chinaflashmarket.com/price/ews/100180/1,2026-04-22 20:13:57
Mobile,eMCP,eMCP(eMMC + LPDDR4X)64GB+32Gb,美元,2026-03-31,周低点,82.00,周高点,84.70,本周价,83.00,82.0,84.7,83.0,本周价,$83.00,2026-04-21 11:00,0.00,0.00%,上周价,$83.00,周高点,$84.70,周低点,$82.00,,https://www.chinaflashmarket.com/price/emcp,https://www.chinaflashmarket.com/price/ews/100180,https://www.chinaflashmarket.com/price/ews/100180/1,2026-04-22 20:13:57
Mobile,eMCP,eMCP(eMMC + LPDDR4X)64GB+32Gb,美元,2026-03-24,周低点,82.00,周高点,84.70,本周价,83.00,82.0,84.7,83.0,本周价,$83.00,2026-04-21 11:00,0.00,0.00%,上周价,$83.00,周高点,$84.70,周低点,$82.00,,https://www.chinaflashmarket.com/price/emcp,https://www.chinaflashmarket.com/price/ews/100180,https://www.chinaflashmarket.com/price/ews/100180/1,2026-04-22 20:13:57
Mobile,eMCP,eMCP(eMMC + LPDDR4X)64GB+32Gb,美元,2026-03-17,周低点,82.00,周高点,84.70,本周价,83.00,82.0,84.7,83.0,本周价,$83.00,2026-04-21 11:00,0.00,0.00%,上周价,$83.00,周高点,$84.70,周低点,$82.00,,https://www.chinaflashmarket.com/price/emcp,https://www.chinaflashmarket.com/price/ews/100180,https://www.chinaflashmarket.com/price/ews/100180/1,2026-04-22 20:13:57
Mobile,eMCP,eMCP(eMMC + LPDDR4X)64GB+32Gb,美元,2026-03-10,周低点,82.00,周高点,84.70,本周价,83.00,82.0,84.7,83.0,本周价,$83.00,2026-04-21 11:00,0.00,0.00%,上周价,$83.00,周高点,$84.70,周低点,$82.00,,https://www.chinaflashmarket.com/price/emcp,https://www.chinaflashmarket.com/price/ews/100180,https://www.chinaflashmarket.com/price/ews/100180/1,2026-04-22 20:13:57
Mobile,eMCP,eMCP(eMMC + LPDDR4X)64GB+32Gb,美元,2026-03-03,周低点,80.00,周高点,82.70,本周价,81.00,80.0,82.7,81.0,本周价,$83.00,2026-04-21 11:00,0.00,0.00%,上周价,$83.00,周高点,$84.70,周低点,$82.00,,https://www.chinaflashmarket.com/price/emcp,https://www.chinaflashmarket.com/price/ews/100180,https://www.chinaflashmarket.com/price/ews/100180/1,2026-04-22 20:13:57
Mobile,eMCP,eMCP(eMMC + LPDDR4X)64GB+32Gb,美元,2026-02-24,周低点,63.00,周高点,65.70,本周价,64.00,63.0,65.7,64.0,本周价,$83.00,2026-04-21 11:00,0.00,0.00%,上周价,$83.00,周高点,$84.70,周低点,$82.00,,https://www.chinaflashmarket.com/price/emcp,https://www.chinaflashmarket.com/price/ews/100180,https://www.chinaflashmarket.com/price/ews/100180/1,2026-04-22 20:13:57
Mobile,eMCP,eMCP(eMMC + LPDDR4X)64GB+32Gb,美元,2026-02-10,周低点,63.00,周高点,65.70,本周价,64.00,63.0,65.7,64.0,本周价,$83.00,2026-04-21 11:00,0.00,0.00%,上周价,$83.00,周高点,$84.70,周低点,$82.00,,https://www.chinaflashmarket.com/price/emcp,https://www.chinaflashmarket.com/price/ews/100180,https://www.chinaflashmarket.com/price/ews/100180/1,2026-04-22 20:13:57
Mobile,eMCP,eMCP(eMMC + LPDDR4X)64GB+32Gb,美元,2026-02-03,周低点,63.00,周高点,65.70,本周价,64.00,63.0,65.7,64.0,本周价,$83.00,2026-04-21 11:00,0.00,0.00%,上周价,$83.00,周高点,$84.70,周低点,$82.00,,https://www.chinaflashmarket.com/price/emcp,https://www.chinaflashmarket.com/price/ews/100180,https://www.chinaflashmarket.com/price/ews/100180/1,2026-04-22 20:13:57
Mobile,eMCP,eMCP(eMMC + LPDDR4X)64GB+32Gb,美元,2026-01-27,周低点,60.00,周高点,62.70,本周价,61.00,60.0,62.7,61.0,本周价,$83.00,2026-04-21 11:00,0.00,0.00%,上周价,$83.00,周高点,$84.70,周低点,$82.00,,https://www.chinaflashmarket.com/price/emcp,https://www.chinaflashmarket.com/price/ews/100180,https://www.chinaflashmarket.com/price/ews/100180/1,2026-04-22 20:13:57
Mobile,eMCP,eMCP(eMMC + LPDDR4X)128GB+32Gb,美元,2026-04-21,周低点,89.50,周高点,92.50,本周价,91.00,89.5,92.5,91.0,本周价,$91.00,2026-04-21 11:00,0.00,0.00%,上周价,$91.00,周高点,$92.50,周低点,$89.50,,https://www.chinaflashmarket.com/price/emcp,https://www.chinaflashmarket.com/price/ews/100209,https://www.chinaflashmarket.com/price/ews/100209/1,2026-04-22 20:13:57
Mobile,eMCP,eMCP(eMMC + LPDDR4X)128GB+32Gb,美元,2026-04-14,周低点,89.50,周高点,92.50,本周价,91.00,89.5,92.5,91.0,本周价,$91.00,2026-04-21 11:00,0.00,0.00%,上周价,$91.00,周高点,$92.50,周低点,$89.50,,https://www.chinaflashmarket.com/price/emcp,https://www.chinaflashmarket.com/price/ews/100209,https://www.chinaflashmarket.com/price/ews/100209/1,2026-04-22 20:13:57
Mobile,eMCP,eMCP(eMMC + LPDDR4X)128GB+32Gb,美元,2026-04-07,周低点,89.50,周高点,92.50,本周价,91.00,89.5,92.5,91.0,本周价,$91.00,2026-04-21 11:00,0.00,0.00%,上周价,$91.00,周高点,$92.50,周低点,$89.50,,https://www.chinaflashmarket.com/price/emcp,https://www.chinaflashmarket.com/price/ews/100209,https://www.chinaflashmarket.com/price/ews/100209/1,2026-04-22 20:13:57
Mobile,eMCP,eMCP(eMMC + LPDDR4X)128GB+32Gb,美元,2026-03-31,周低点,89.50,周高点,92.50,本周价,91.00,89.5,92.5,91.0,本周价,$91.00,2026-04-21 11:00,0.00,0.00%,上周价,$91.00,周高点,$92.50,周低点,$89.50,,https://www.chinaflashmarket.com/price/emcp,https://www.chinaflashmarket.com/price/ews/100209,https://www.chinaflashmarket.com/price/ews/100209/1,2026-04-22 20:13:57
Mobile,eMCP,eMCP(eMMC + LPDDR4X)128GB+32Gb,美元,2026-03-24,周低点,89.50,周高点,92.50,本周价,91.00,89.5,92.5,91.0,本周价,$91.00,2026-04-21 11:00,0.00,0.00%,上周价,$91.00,周高点,$92.50,周低点,$89.50,,https://www.chinaflashmarket.com/price/emcp,https://www.chinaflashmarket.com/price/ews/100209,https://www.chinaflashmarket.com/price/ews/100209/1,2026-04-22 20:13:57
Mobile,eMCP,eMCP(eMMC + LPDDR4X)128GB+32Gb,美元,2026-03-17,周低点,89.50,周高点,92.50,本周价,91.00,89.5,92.5,91.0,本周价,$91.00,2026-04-21 11:00,0.00,0.00%,上周价,$91.00,周高点,$92.50,周低点,$89.50,,https://www.chinaflashmarket.com/price/emcp,https://www.chinaflashmarket.com/price/ews/100209,https://www.chinaflashmarket.com/price/ews/100209/1,2026-04-22 20:13:57
Mobile,eMCP,eMCP(eMMC + LPDDR4X)128GB+32Gb,美元,2026-03-10,周低点,87.50,周高点,90.50,本周价,89.00,87.5,90.5,89.0,本周价,$91.00,2026-04-21 11:00,0.00,0.00%,上周价,$91.00,周高点,$92.50,周低点,$89.50,,https://www.chinaflashmarket.com/price/emcp,https://www.chinaflashmarket.com/price/ews/100209,https://www.chinaflashmarket.com/price/ews/100209/1,2026-04-22 20:13:57
Mobile,eMCP,eMCP(eMMC + LPDDR4X)128GB+32Gb,美元,2026-03-03,周低点,87.50,周高点,90.50,本周价,89.00,87.5,90.5,89.0,本周价,$91.00,2026-04-21 11:00,0.00,0.00%,上周价,$91.00,周高点,$92.50,周低点,$89.50,,https://www.chinaflashmarket.com/price/emcp,https://www.chinaflashmarket.com/price/ews/100209,https://www.chinaflashmarket.com/price/ews/100209/1,2026-04-22 20:13:57
Mobile,eMCP,eMCP(eMMC + LPDDR4X)128GB+32Gb,美元,2026-02-24,周低点,71.50,周高点,74.50,本周价,73.00,71.5,74.5,73.0,本周价,$91.00,2026-04-21 11:00,0.00,0.00%,上周价,$91.00,周高点,$92.50,周低点,$89.50,,https://www.chinaflashmarket.com/price/emcp,https://www.chinaflashmarket.com/price/ews/100209,https://www.chinaflashmarket.com/price/ews/100209/1,2026-04-22 20:13:57
Mobile,eMCP,eMCP(eMMC + LPDDR4X)128GB+32Gb,美元,2026-02-10,周低点,71.50,周高点,74.50,本周价,73.00,71.5,74.5,73.0,本周价,$91.00,2026-04-21 11:00,0.00,0.00%,上周价,$91.00,周高点,$92.50,周低点,$89.50,,https://www.chinaflashmarket.com/price/emcp,https://www.chinaflashmarket.com/price/ews/100209,https://www.chinaflashmarket.com/price/ews/100209/1,2026-04-22 20:13:57
Mobile,eMCP,eMCP(eMMC + LPDDR4X)128GB+32Gb,美元,2026-02-03,周低点,71.50,周高点,74.50,本周价,73.00,71.5,74.5,73.0,本周价,$91.00,2026-04-21 11:00,0.00,0.00%,上周价,$91.00,周高点,$92.50,周低点,$89.50,,https://www.chinaflashmarket.com/price/emcp,https://www.chinaflashmarket.com/price/ews/100209,https://www.chinaflashmarket.com/price/ews/100209/1,2026-04-22 20:13:57
Mobile,eMCP,eMCP(eMMC + LPDDR4X)128GB+32Gb,美元,2026-01-27,周低点,68.50,周高点,71.50,本周价,70.00,68.5,71.5,70.0,本周价,$91.00,2026-04-21 11:00,0.00,0.00%,上周价,$91.00,周高点,$92.50,周低点,$89.50,,https://www.chinaflashmarket.com/price/emcp,https://www.chinaflashmarket.com/price/ews/100209,https://www.chinaflashmarket.com/price/ews/100209/1,2026-04-22 20:13:57
Mobile,eMCP,eMCP(eMMC + LPDDR4X)128GB+48Gb,美元,2026-04-21,周低点,110.50,周高点,113.00,本周价,111.00,110.5,113.0,111.0,本周价,$111.00,2026-04-21 11:00,0.00,0.00%,上周价,$111.00,周高点,$113.00,周低点,$110.50,,https://www.chinaflashmarket.com/price/emcp,https://www.chinaflashmarket.com/price/ews/100181,https://www.chinaflashmarket.com/price/ews/100181/1,2026-04-22 20:13:57
Mobile,eMCP,eMCP(eMMC + LPDDR4X)128GB+48Gb,美元,2026-04-14,周低点,110.50,周高点,113.00,本周价,111.00,110.5,113.0,111.0,本周价,$111.00,2026-04-21 11:00,0.00,0.00%,上周价,$111.00,周高点,$113.00,周低点,$110.50,,https://www.chinaflashmarket.com/price/emcp,https://www.chinaflashmarket.com/price/ews/100181,https://www.chinaflashmarket.com/price/ews/100181/1,2026-04-22 20:13:57
Mobile,eMCP,eMCP(eMMC + LPDDR4X)128GB+48Gb,美元,2026-04-07,周低点,110.50,周高点,113.00,本周价,111.00,110.5,113.0,111.0,本周价,$111.00,2026-04-21 11:00,0.00,0.00%,上周价,$111.00,周高点,$113.00,周低点,$110.50,,https://www.chinaflashmarket.com/price/emcp,https://www.chinaflashmarket.com/price/ews/100181,https://www.chinaflashmarket.com/price/ews/100181/1,2026-04-22 20:13:57
Mobile,eMCP,eMCP(eMMC + LPDDR4X)128GB+48Gb,美元,2026-03-31,周低点,110.50,周高点,113.00,本周价,111.00,110.5,113.0,111.0,本周价,$111.00,2026-04-21 11:00,0.00,0.00%,上周价,$111.00,周高点,$113.00,周低点,$110.50,,https://www.chinaflashmarket.com/price/emcp,https://www.chinaflashmarket.com/price/ews/100181,https://www.chinaflashmarket.com/price/ews/100181/1,2026-04-22 20:13:57
Mobile,eMCP,eMCP(eMMC + LPDDR4X)128GB+48Gb,美元,2026-03-24,周低点,110.50,周高点,113.00,本周价,111.00,110.5,113.0,111.0,本周价,$111.00,2026-04-21 11:00,0.00,0.00%,上周价,$111.00,周高点,$113.00,周低点,$110.50,,https://www.chinaflashmarket.com/price/emcp,https://www.chinaflashmarket.com/price/ews/100181,https://www.chinaflashmarket.com/price/ews/100181/1,2026-04-22 20:13:57
Mobile,eMCP,eMCP(eMMC + LPDDR4X)128GB+48Gb,美元,2026-03-17,周低点,110.50,周高点,113.00,本周价,111.00,110.5,113.0,111.0,本周价,$111.00,2026-04-21 11:00,0.00,0.00%,上周价,$111.00,周高点,$113.00,周低点,$110.50,,https://www.chinaflashmarket.com/price/emcp,https://www.chinaflashmarket.com/price/ews/100181,https://www.chinaflashmarket.com/price/ews/100181/1,2026-04-22 20:13:57
Mobile,eMCP,eMCP(eMMC + LPDDR4X)128GB+48Gb,美元,2026-03-10,周低点,101.50,周高点,104.00,本周价,102.00,101.5,104.0,102.0,本周价,$111.00,2026-04-21 11:00,0.00,0.00%,上周价,$111.00,周高点,$113.00,周低点,$110.50,,https://www.chinaflashmarket.com/price/emcp,https://www.chinaflashmarket.com/price/ews/100181,https://www.chinaflashmarket.com/price/ews/100181/1,2026-04-22 20:13:57
Mobile,eMCP,eMCP(eMMC + LPDDR4X)128GB+48Gb,美元,2026-03-03,周低点,101.50,周高点,104.00,本周价,102.00,101.5,104.0,102.0,本周价,$111.00,2026-04-21 11:00,0.00,0.00%,上周价,$111.00,周高点,$113.00,周低点,$110.50,,https://www.chinaflashmarket.com/price/emcp,https://www.chinaflashmarket.com/price/ews/100181,https://www.chinaflashmarket.com/price/ews/100181/1,2026-04-22 20:13:57
Mobile,eMCP,eMCP(eMMC + LPDDR4X)128GB+48Gb,美元,2026-02-24,周低点,88.50,周高点,91.00,本周价,89.00,88.5,91.0,89.0,本周价,$111.00,2026-04-21 11:00,0.00,0.00%,上周价,$111.00,周高点,$113.00,周低点,$110.50,,https://www.chinaflashmarket.com/price/emcp,https://www.chinaflashmarket.com/price/ews/100181,https://www.chinaflashmarket.com/price/ews/100181/1,2026-04-22 20:13:57
Mobile,eMCP,eMCP(eMMC + LPDDR4X)128GB+48Gb,美元,2026-02-10,周低点,88.50,周高点,91.00,本周价,89.00,88.5,91.0,89.0,本周价,$111.00,2026-04-21 11:00,0.00,0.00%,上周价,$111.00,周高点,$113.00,周低点,$110.50,,https://www.chinaflashmarket.com/price/emcp,https://www.chinaflashmarket.com/price/ews/100181,https://www.chinaflashmarket.com/price/ews/100181/1,2026-04-22 20:13:57
Mobile,eMCP,eMCP(eMMC + LPDDR4X)128GB+48Gb,美元,2026-02-03,周低点,88.50,周高点,91.00,本周价,89.00,88.5,91.0,89.0,本周价,$111.00,2026-04-21 11:00,0.00,0.00%,上周价,$111.00,周高点,$113.00,周低点,$110.50,,https://www.chinaflashmarket.com/price/emcp,https://www.chinaflashmarket.com/price/ews/100181,https://www.chinaflashmarket.com/price/ews/100181/1,2026-04-22 20:13:57
Mobile,eMCP,eMCP(eMMC + LPDDR4X)128GB+48Gb,美元,2026-01-27,周低点,85.50,周高点,88.00,本周价,86.00,85.5,88.0,86.0,本周价,$111.00,2026-04-21 11:00,0.00,0.00%,上周价,$111.00,周高点,$113.00,周低点,$110.50,,https://www.chinaflashmarket.com/price/emcp,https://www.chinaflashmarket.com/price/ews/100181,https://www.chinaflashmarket.com/price/ews/100181/1,2026-04-22 20:13:57
Mobile,UFS,UFS 2.2 64GB,美元,2026-04-21,周低点,26.30,周高点,28.00,本周价,27.00,26.3,28.0,27.0,本周价,$27.00,2026-04-21 11:00,0.00,0.00%,上周价,$27.00,周高点,$28.00,周低点,$26.30,,https://www.chinaflashmarket.com/price/ufs,https://www.chinaflashmarket.com/price/ews/100234,https://www.chinaflashmarket.com/price/ews/100234/1,2026-04-22 20:13:57
Mobile,UFS,UFS 2.2 64GB,美元,2026-04-14,周低点,26.30,周高点,28.00,本周价,27.00,26.3,28.0,27.0,本周价,$27.00,2026-04-21 11:00,0.00,0.00%,上周价,$27.00,周高点,$28.00,周低点,$26.30,,https://www.chinaflashmarket.com/price/ufs,https://www.chinaflashmarket.com/price/ews/100234,https://www.chinaflashmarket.com/price/ews/100234/1,2026-04-22 20:13:57
Mobile,UFS,UFS 2.2 64GB,美元,2026-04-07,周低点,26.30,周高点,28.00,本周价,27.00,26.3,28.0,27.0,本周价,$27.00,2026-04-21 11:00,0.00,0.00%,上周价,$27.00,周高点,$28.00,周低点,$26.30,,https://www.chinaflashmarket.com/price/ufs,https://www.chinaflashmarket.com/price/ews/100234,https://www.chinaflashmarket.com/price/ews/100234/1,2026-04-22 20:13:57
Mobile,UFS,UFS 2.2 64GB,美元,2026-03-31,周低点,26.30,周高点,28.00,本周价,27.00,26.3,28.0,27.0,本周价,$27.00,2026-04-21 11:00,0.00,0.00%,上周价,$27.00,周高点,$28.00,周低点,$26.30,,https://www.chinaflashmarket.com/price/ufs,https://www.chinaflashmarket.com/price/ews/100234,https://www.chinaflashmarket.com/price/ews/100234/1,2026-04-22 20:13:57
Mobile,UFS,UFS 2.2 64GB,美元,2026-03-24,周低点,26.30,周高点,28.00,本周价,27.00,26.3,28.0,27.0,本周价,$27.00,2026-04-21 11:00,0.00,0.00%,上周价,$27.00,周高点,$28.00,周低点,$26.30,,https://www.chinaflashmarket.com/price/ufs,https://www.chinaflashmarket.com/price/ews/100234,https://www.chinaflashmarket.com/price/ews/100234/1,2026-04-22 20:13:57
Mobile,UFS,UFS 2.2 64GB,美元,2026-03-17,周低点,26.30,周高点,28.00,本周价,27.00,26.3,28.0,27.0,本周价,$27.00,2026-04-21 11:00,0.00,0.00%,上周价,$27.00,周高点,$28.00,周低点,$26.30,,https://www.chinaflashmarket.com/price/ufs,https://www.chinaflashmarket.com/price/ews/100234,https://www.chinaflashmarket.com/price/ews/100234/1,2026-04-22 20:13:57
Mobile,UFS,UFS 2.2 64GB,美元,2026-03-10,周低点,26.30,周高点,28.00,本周价,27.00,26.3,28.0,27.0,本周价,$27.00,2026-04-21 11:00,0.00,0.00%,上周价,$27.00,周高点,$28.00,周低点,$26.30,,https://www.chinaflashmarket.com/price/ufs,https://www.chinaflashmarket.com/price/ews/100234,https://www.chinaflashmarket.com/price/ews/100234/1,2026-04-22 20:13:57
Mobile,UFS,UFS 2.2 64GB,美元,2026-03-03,周低点,24.30,周高点,26.00,本周价,25.00,24.3,26.0,25.0,本周价,$27.00,2026-04-21 11:00,0.00,0.00%,上周价,$27.00,周高点,$28.00,周低点,$26.30,,https://www.chinaflashmarket.com/price/ufs,https://www.chinaflashmarket.com/price/ews/100234,https://www.chinaflashmarket.com/price/ews/100234/1,2026-04-22 20:13:57
Mobile,UFS,UFS 2.2 64GB,美元,2026-02-24,周低点,19.30,周高点,21.00,本周价,20.00,19.3,21.0,20.0,本周价,$27.00,2026-04-21 11:00,0.00,0.00%,上周价,$27.00,周高点,$28.00,周低点,$26.30,,https://www.chinaflashmarket.com/price/ufs,https://www.chinaflashmarket.com/price/ews/100234,https://www.chinaflashmarket.com/price/ews/100234/1,2026-04-22 20:13:57
Mobile,UFS,UFS 2.2 64GB,美元,2026-02-10,周低点,19.30,周高点,21.00,本周价,20.00,19.3,21.0,20.0,本周价,$27.00,2026-04-21 11:00,0.00,0.00%,上周价,$27.00,周高点,$28.00,周低点,$26.30,,https://www.chinaflashmarket.com/price/ufs,https://www.chinaflashmarket.com/price/ews/100234,https://www.chinaflashmarket.com/price/ews/100234/1,2026-04-22 20:13:57
Mobile,UFS,UFS 2.2 64GB,美元,2026-02-03,周低点,19.30,周高点,21.00,本周价,20.00,19.3,21.0,20.0,本周价,$27.00,2026-04-21 11:00,0.00,0.00%,上周价,$27.00,周高点,$28.00,周低点,$26.30,,https://www.chinaflashmarket.com/price/ufs,https://www.chinaflashmarket.com/price/ews/100234,https://www.chinaflashmarket.com/price/ews/100234/1,2026-04-22 20:13:57
Mobile,UFS,UFS 2.2 64GB,美元,2026-01-27,周低点,19.30,周高点,21.00,本周价,20.00,19.3,21.0,20.0,本周价,$27.00,2026-04-21 11:00,0.00,0.00%,上周价,$27.00,周高点,$28.00,周低点,$26.30,,https://www.chinaflashmarket.com/price/ufs,https://www.chinaflashmarket.com/price/ews/100234,https://www.chinaflashmarket.com/price/ews/100234/1,2026-04-22 20:13:57
Mobile,UFS,UFS 2.2 128GB,美元,2026-04-21,周低点,32.80,周高点,35.50,本周价,33.00,32.8,35.5,33.0,本周价,$33.00,2026-04-21 11:00,0.00,0.00%,上周价,$33.00,周高点,$35.50,周低点,$32.80,,https://www.chinaflashmarket.com/price/ufs,https://www.chinaflashmarket.com/price/ews/100185,https://www.chinaflashmarket.com/price/ews/100185/1,2026-04-22 20:13:57
Mobile,UFS,UFS 2.2 128GB,美元,2026-04-14,周低点,32.80,周高点,35.50,本周价,33.00,32.8,35.5,33.0,本周价,$33.00,2026-04-21 11:00,0.00,0.00%,上周价,$33.00,周高点,$35.50,周低点,$32.80,,https://www.chinaflashmarket.com/price/ufs,https://www.chinaflashmarket.com/price/ews/100185,https://www.chinaflashmarket.com/price/ews/100185/1,2026-04-22 20:13:57
Mobile,UFS,UFS 2.2 128GB,美元,2026-04-07,周低点,32.80,周高点,35.50,本周价,33.00,32.8,35.5,33.0,本周价,$33.00,2026-04-21 11:00,0.00,0.00%,上周价,$33.00,周高点,$35.50,周低点,$32.80,,https://www.chinaflashmarket.com/price/ufs,https://www.chinaflashmarket.com/price/ews/100185,https://www.chinaflashmarket.com/price/ews/100185/1,2026-04-22 20:13:57
Mobile,UFS,UFS 2.2 128GB,美元,2026-03-31,周低点,32.80,周高点,35.50,本周价,33.00,32.8,35.5,33.0,本周价,$33.00,2026-04-21 11:00,0.00,0.00%,上周价,$33.00,周高点,$35.50,周低点,$32.80,,https://www.chinaflashmarket.com/price/ufs,https://www.chinaflashmarket.com/price/ews/100185,https://www.chinaflashmarket.com/price/ews/100185/1,2026-04-22 20:13:57
Mobile,UFS,UFS 2.2 128GB,美元,2026-03-24,周低点,32.80,周高点,35.50,本周价,33.00,32.8,35.5,33.0,本周价,$33.00,2026-04-21 11:00,0.00,0.00%,上周价,$33.00,周高点,$35.50,周低点,$32.80,,https://www.chinaflashmarket.com/price/ufs,https://www.chinaflashmarket.com/price/ews/100185,https://www.chinaflashmarket.com/price/ews/100185/1,2026-04-22 20:13:57
Mobile,UFS,UFS 2.2 128GB,美元,2026-03-17,周低点,32.80,周高点,35.50,本周价,33.00,32.8,35.5,33.0,本周价,$33.00,2026-04-21 11:00,0.00,0.00%,上周价,$33.00,周高点,$35.50,周低点,$32.80,,https://www.chinaflashmarket.com/price/ufs,https://www.chinaflashmarket.com/price/ews/100185,https://www.chinaflashmarket.com/price/ews/100185/1,2026-04-22 20:13:57
Mobile,UFS,UFS 2.2 128GB,美元,2026-03-10,周低点,32.80,周高点,35.50,本周价,33.00,32.8,35.5,33.0,本周价,$33.00,2026-04-21 11:00,0.00,0.00%,上周价,$33.00,周高点,$35.50,周低点,$32.80,,https://www.chinaflashmarket.com/price/ufs,https://www.chinaflashmarket.com/price/ews/100185,https://www.chinaflashmarket.com/price/ews/100185/1,2026-04-22 20:13:57
Mobile,UFS,UFS 2.2 128GB,美元,2026-03-03,周低点,32.80,周高点,35.50,本周价,33.00,32.8,35.5,33.0,本周价,$33.00,2026-04-21 11:00,0.00,0.00%,上周价,$33.00,周高点,$35.50,周低点,$32.80,,https://www.chinaflashmarket.com/price/ufs,https://www.chinaflashmarket.com/price/ews/100185,https://www.chinaflashmarket.com/price/ews/100185/1,2026-04-22 20:13:57
Mobile,UFS,UFS 2.2 128GB,美元,2026-02-24,周低点,29.80,周高点,32.50,本周价,30.00,29.8,32.5,30.0,本周价,$33.00,2026-04-21 11:00,0.00,0.00%,上周价,$33.00,周高点,$35.50,周低点,$32.80,,https://www.chinaflashmarket.com/price/ufs,https://www.chinaflashmarket.com/price/ews/100185,https://www.chinaflashmarket.com/price/ews/100185/1,2026-04-22 20:13:57
Mobile,UFS,UFS 2.2 128GB,美元,2026-02-10,周低点,29.80,周高点,32.50,本周价,30.00,29.8,32.5,30.0,本周价,$33.00,2026-04-21 11:00,0.00,0.00%,上周价,$33.00,周高点,$35.50,周低点,$32.80,,https://www.chinaflashmarket.com/price/ufs,https://www.chinaflashmarket.com/price/ews/100185,https://www.chinaflashmarket.com/price/ews/100185/1,2026-04-22 20:13:57
Mobile,UFS,UFS 2.2 128GB,美元,2026-02-03,周低点,29.80,周高点,32.50,本周价,30.00,29.8,32.5,30.0,本周价,$33.00,2026-04-21 11:00,0.00,0.00%,上周价,$33.00,周高点,$35.50,周低点,$32.80,,https://www.chinaflashmarket.com/price/ufs,https://www.chinaflashmarket.com/price/ews/100185,https://www.chinaflashmarket.com/price/ews/100185/1,2026-04-22 20:13:57
Mobile,UFS,UFS 2.2 128GB,美元,2026-01-27,周低点,29.80,周高点,32.50,本周价,30.00,29.8,32.5,30.0,本周价,$33.00,2026-04-21 11:00,0.00,0.00%,上周价,$33.00,周高点,$35.50,周低点,$32.80,,https://www.chinaflashmarket.com/price/ufs,https://www.chinaflashmarket.com/price/ews/100185,https://www.chinaflashmarket.com/price/ews/100185/1,2026-04-22 20:13:57
Mobile,UFS,UFS 2.2 256GB,美元,2026-04-21,周低点,58.70,周高点,63.00,本周价,60.00,58.7,63.0,60.0,本周价,$60.00,2026-04-21 11:00,0.00,0.00%,上周价,$60.00,周高点,$63.00,周低点,$58.70,,https://www.chinaflashmarket.com/price/ufs,https://www.chinaflashmarket.com/price/ews/100186,https://www.chinaflashmarket.com/price/ews/100186/1,2026-04-22 20:13:57
Mobile,UFS,UFS 2.2 256GB,美元,2026-04-14,周低点,58.70,周高点,63.00,本周价,60.00,58.7,63.0,60.0,本周价,$60.00,2026-04-21 11:00,0.00,0.00%,上周价,$60.00,周高点,$63.00,周低点,$58.70,,https://www.chinaflashmarket.com/price/ufs,https://www.chinaflashmarket.com/price/ews/100186,https://www.chinaflashmarket.com/price/ews/100186/1,2026-04-22 20:13:57
Mobile,UFS,UFS 2.2 256GB,美元,2026-04-07,周低点,58.70,周高点,63.00,本周价,60.00,58.7,63.0,60.0,本周价,$60.00,2026-04-21 11:00,0.00,0.00%,上周价,$60.00,周高点,$63.00,周低点,$58.70,,https://www.chinaflashmarket.com/price/ufs,https://www.chinaflashmarket.com/price/ews/100186,https://www.chinaflashmarket.com/price/ews/100186/1,2026-04-22 20:13:57
Mobile,UFS,UFS 2.2 256GB,美元,2026-03-31,周低点,58.70,周高点,63.00,本周价,60.00,58.7,63.0,60.0,本周价,$60.00,2026-04-21 11:00,0.00,0.00%,上周价,$60.00,周高点,$63.00,周低点,$58.70,,https://www.chinaflashmarket.com/price/ufs,https://www.chinaflashmarket.com/price/ews/100186,https://www.chinaflashmarket.com/price/ews/100186/1,2026-04-22 20:13:57
Mobile,UFS,UFS 2.2 256GB,美元,2026-03-24,周低点,58.70,周高点,63.00,本周价,60.00,58.7,63.0,60.0,本周价,$60.00,2026-04-21 11:00,0.00,0.00%,上周价,$60.00,周高点,$63.00,周低点,$58.70,,https://www.chinaflashmarket.com/price/ufs,https://www.chinaflashmarket.com/price/ews/100186,https://www.chinaflashmarket.com/price/ews/100186/1,2026-04-22 20:13:57
Mobile,UFS,UFS 2.2 256GB,美元,2026-03-17,周低点,58.70,周高点,63.00,本周价,60.00,58.7,63.0,60.0,本周价,$60.00,2026-04-21 11:00,0.00,0.00%,上周价,$60.00,周高点,$63.00,周低点,$58.70,,https://www.chinaflashmarket.com/price/ufs,https://www.chinaflashmarket.com/price/ews/100186,https://www.chinaflashmarket.com/price/ews/100186/1,2026-04-22 20:13:57
Mobile,UFS,UFS 2.2 256GB,美元,2026-03-10,周低点,58.70,周高点,63.00,本周价,60.00,58.7,63.0,60.0,本周价,$60.00,2026-04-21 11:00,0.00,0.00%,上周价,$60.00,周高点,$63.00,周低点,$58.70,,https://www.chinaflashmarket.com/price/ufs,https://www.chinaflashmarket.com/price/ews/100186,https://www.chinaflashmarket.com/price/ews/100186/1,2026-04-22 20:13:57
Mobile,UFS,UFS 2.2 256GB,美元,2026-03-03,周低点,58.70,周高点,63.00,本周价,60.00,58.7,63.0,60.0,本周价,$60.00,2026-04-21 11:00,0.00,0.00%,上周价,$60.00,周高点,$63.00,周低点,$58.70,,https://www.chinaflashmarket.com/price/ufs,https://www.chinaflashmarket.com/price/ews/100186,https://www.chinaflashmarket.com/price/ews/100186/1,2026-04-22 20:13:57
Mobile,UFS,UFS 2.2 256GB,美元,2026-02-24,周低点,50.70,周高点,55.00,本周价,52.00,50.7,55.0,52.0,本周价,$60.00,2026-04-21 11:00,0.00,0.00%,上周价,$60.00,周高点,$63.00,周低点,$58.70,,https://www.chinaflashmarket.com/price/ufs,https://www.chinaflashmarket.com/price/ews/100186,https://www.chinaflashmarket.com/price/ews/100186/1,2026-04-22 20:13:57
Mobile,UFS,UFS 2.2 256GB,美元,2026-02-10,周低点,50.70,周高点,55.00,本周价,52.00,50.7,55.0,52.0,本周价,$60.00,2026-04-21 11:00,0.00,0.00%,上周价,$60.00,周高点,$63.00,周低点,$58.70,,https://www.chinaflashmarket.com/price/ufs,https://www.chinaflashmarket.com/price/ews/100186,https://www.chinaflashmarket.com/price/ews/100186/1,2026-04-22 20:13:57
Mobile,UFS,UFS 2.2 256GB,美元,2026-02-03,周低点,50.70,周高点,55.00,本周价,52.00,50.7,55.0,52.0,本周价,$60.00,2026-04-21 11:00,0.00,0.00%,上周价,$60.00,周高点,$63.00,周低点,$58.70,,https://www.chinaflashmarket.com/price/ufs,https://www.chinaflashmarket.com/price/ews/100186,https://www.chinaflashmarket.com/price/ews/100186/1,2026-04-22 20:13:57
Mobile,UFS,UFS 2.2 256GB,美元,2026-01-27,周低点,50.70,周高点,55.00,本周价,52.00,50.7,55.0,52.0,本周价,$60.00,2026-04-21 11:00,0.00,0.00%,上周价,$60.00,周高点,$63.00,周低点,$58.70,,https://www.chinaflashmarket.com/price/ufs,https://www.chinaflashmarket.com/price/ews/100186,https://www.chinaflashmarket.com/price/ews/100186/1,2026-04-22 20:13:57
Mobile,UFS,UFS 2.2 512GB,美元,2026-04-21,周低点,89.50,周高点,93.00,本周价,90.00,89.5,93.0,90.0,本周价,$90.00,2026-04-21 11:00,0.00,0.00%,上周价,$90.00,周高点,$93.00,周低点,$89.50,,https://www.chinaflashmarket.com/price/ufs,https://www.chinaflashmarket.com/price/ews/100261,https://www.chinaflashmarket.com/price/ews/100261/1,2026-04-22 20:13:57
Mobile,UFS,UFS 2.2 512GB,美元,2026-04-14,周低点,89.50,周高点,93.00,本周价,90.00,89.5,93.0,90.0,本周价,$90.00,2026-04-21 11:00,0.00,0.00%,上周价,$90.00,周高点,$93.00,周低点,$89.50,,https://www.chinaflashmarket.com/price/ufs,https://www.chinaflashmarket.com/price/ews/100261,https://www.chinaflashmarket.com/price/ews/100261/1,2026-04-22 20:13:57
Mobile,UFS,UFS 2.2 512GB,美元,2026-04-07,周低点,89.50,周高点,93.00,本周价,90.00,89.5,93.0,90.0,本周价,$90.00,2026-04-21 11:00,0.00,0.00%,上周价,$90.00,周高点,$93.00,周低点,$89.50,,https://www.chinaflashmarket.com/price/ufs,https://www.chinaflashmarket.com/price/ews/100261,https://www.chinaflashmarket.com/price/ews/100261/1,2026-04-22 20:13:57
Mobile,UFS,UFS 2.2 512GB,美元,2026-03-31,周低点,89.50,周高点,93.00,本周价,90.00,89.5,93.0,90.0,本周价,$90.00,2026-04-21 11:00,0.00,0.00%,上周价,$90.00,周高点,$93.00,周低点,$89.50,,https://www.chinaflashmarket.com/price/ufs,https://www.chinaflashmarket.com/price/ews/100261,https://www.chinaflashmarket.com/price/ews/100261/1,2026-04-22 20:13:57
Mobile,UFS,UFS 2.2 512GB,美元,2026-03-24,周低点,89.50,周高点,93.00,本周价,90.00,89.5,93.0,90.0,本周价,$90.00,2026-04-21 11:00,0.00,0.00%,上周价,$90.00,周高点,$93.00,周低点,$89.50,,https://www.chinaflashmarket.com/price/ufs,https://www.chinaflashmarket.com/price/ews/100261,https://www.chinaflashmarket.com/price/ews/100261/1,2026-04-22 20:13:57
Mobile,UFS,UFS 2.2 512GB,美元,2026-03-17,周低点,89.50,周高点,93.00,本周价,90.00,89.5,93.0,90.0,本周价,$90.00,2026-04-21 11:00,0.00,0.00%,上周价,$90.00,周高点,$93.00,周低点,$89.50,,https://www.chinaflashmarket.com/price/ufs,https://www.chinaflashmarket.com/price/ews/100261,https://www.chinaflashmarket.com/price/ews/100261/1,2026-04-22 20:13:57
Mobile,UFS,UFS 2.2 512GB,美元,2026-03-10,周低点,89.50,周高点,93.00,本周价,90.00,89.5,93.0,90.0,本周价,$90.00,2026-04-21 11:00,0.00,0.00%,上周价,$90.00,周高点,$93.00,周低点,$89.50,,https://www.chinaflashmarket.com/price/ufs,https://www.chinaflashmarket.com/price/ews/100261,https://www.chinaflashmarket.com/price/ews/100261/1,2026-04-22 20:13:57
Mobile,UFS,UFS 2.2 512GB,美元,2026-03-03,周低点,89.50,周高点,93.00,本周价,90.00,89.5,93.0,90.0,本周价,$90.00,2026-04-21 11:00,0.00,0.00%,上周价,$90.00,周高点,$93.00,周低点,$89.50,,https://www.chinaflashmarket.com/price/ufs,https://www.chinaflashmarket.com/price/ews/100261,https://www.chinaflashmarket.com/price/ews/100261/1,2026-04-22 20:13:57
Mobile,UFS,UFS 2.2 512GB,美元,2026-02-24,周低点,71.50,周高点,75.00,本周价,72.00,71.5,75.0,72.0,本周价,$90.00,2026-04-21 11:00,0.00,0.00%,上周价,$90.00,周高点,$93.00,周低点,$89.50,,https://www.chinaflashmarket.com/price/ufs,https://www.chinaflashmarket.com/price/ews/100261,https://www.chinaflashmarket.com/price/ews/100261/1,2026-04-22 20:13:57
Mobile,UFS,UFS 2.2 512GB,美元,2026-02-10,周低点,71.50,周高点,75.00,本周价,72.00,71.5,75.0,72.0,本周价,$90.00,2026-04-21 11:00,0.00,0.00%,上周价,$90.00,周高点,$93.00,周低点,$89.50,,https://www.chinaflashmarket.com/price/ufs,https://www.chinaflashmarket.com/price/ews/100261,https://www.chinaflashmarket.com/price/ews/100261/1,2026-04-22 20:13:57
Mobile,UFS,UFS 2.2 512GB,美元,2026-02-03,周低点,71.50,周高点,75.00,本周价,72.00,71.5,75.0,72.0,本周价,$90.00,2026-04-21 11:00,0.00,0.00%,上周价,$90.00,周高点,$93.00,周低点,$89.50,,https://www.chinaflashmarket.com/price/ufs,https://www.chinaflashmarket.com/price/ews/100261,https://www.chinaflashmarket.com/price/ews/100261/1,2026-04-22 20:13:57
Mobile,UFS,UFS 2.2 512GB,美元,2026-01-27,周低点,71.50,周高点,75.00,本周价,72.00,71.5,75.0,72.0,本周价,$90.00,2026-04-21 11:00,0.00,0.00%,上周价,$90.00,周高点,$93.00,周低点,$89.50,,https://www.chinaflashmarket.com/price/ufs,https://www.chinaflashmarket.com/price/ews/100261,https://www.chinaflashmarket.com/price/ews/100261/1,2026-04-22 20:13:57
Mobile,uMCP,uMCP(LPDDR4X + UFS2.2)4GB+128GB,美元,2026-04-21,周低点,91.10,周高点,94.20,本周价,93.00,91.1,94.2,93.0,本周价,$93.00,2026-04-21 11:00,0.00,0.00%,上周价,$93.00,周高点,$94.20,周低点,$91.10,,https://www.chinaflashmarket.com/price/umcp,https://www.chinaflashmarket.com/price/ews/100238,https://www.chinaflashmarket.com/price/ews/100238/1,2026-04-22 20:13:57
Mobile,uMCP,uMCP(LPDDR4X + UFS2.2)4GB+128GB,美元,2026-04-14,周低点,91.10,周高点,94.20,本周价,93.00,91.1,94.2,93.0,本周价,$93.00,2026-04-21 11:00,0.00,0.00%,上周价,$93.00,周高点,$94.20,周低点,$91.10,,https://www.chinaflashmarket.com/price/umcp,https://www.chinaflashmarket.com/price/ews/100238,https://www.chinaflashmarket.com/price/ews/100238/1,2026-04-22 20:13:57
Mobile,uMCP,uMCP(LPDDR4X + UFS2.2)4GB+128GB,美元,2026-04-07,周低点,91.10,周高点,94.20,本周价,93.00,91.1,94.2,93.0,本周价,$93.00,2026-04-21 11:00,0.00,0.00%,上周价,$93.00,周高点,$94.20,周低点,$91.10,,https://www.chinaflashmarket.com/price/umcp,https://www.chinaflashmarket.com/price/ews/100238,https://www.chinaflashmarket.com/price/ews/100238/1,2026-04-22 20:13:57
Mobile,uMCP,uMCP(LPDDR4X + UFS2.2)4GB+128GB,美元,2026-03-31,周低点,91.10,周高点,94.20,本周价,93.00,91.1,94.2,93.0,本周价,$93.00,2026-04-21 11:00,0.00,0.00%,上周价,$93.00,周高点,$94.20,周低点,$91.10,,https://www.chinaflashmarket.com/price/umcp,https://www.chinaflashmarket.com/price/ews/100238,https://www.chinaflashmarket.com/price/ews/100238/1,2026-04-22 20:13:57
Mobile,uMCP,uMCP(LPDDR4X + UFS2.2)4GB+128GB,美元,2026-03-24,周低点,91.10,周高点,94.20,本周价,93.00,91.1,94.2,93.0,本周价,$93.00,2026-04-21 11:00,0.00,0.00%,上周价,$93.00,周高点,$94.20,周低点,$91.10,,https://www.chinaflashmarket.com/price/umcp,https://www.chinaflashmarket.com/price/ews/100238,https://www.chinaflashmarket.com/price/ews/100238/1,2026-04-22 20:13:57
Mobile,uMCP,uMCP(LPDDR4X + UFS2.2)4GB+128GB,美元,2026-03-17,周低点,91.10,周高点,94.20,本周价,93.00,91.1,94.2,93.0,本周价,$93.00,2026-04-21 11:00,0.00,0.00%,上周价,$93.00,周高点,$94.20,周低点,$91.10,,https://www.chinaflashmarket.com/price/umcp,https://www.chinaflashmarket.com/price/ews/100238,https://www.chinaflashmarket.com/price/ews/100238/1,2026-04-22 20:13:57
Mobile,uMCP,uMCP(LPDDR4X + UFS2.2)4GB+128GB,美元,2026-03-10,周低点,89.10,周高点,92.20,本周价,91.00,89.1,92.2,91.0,本周价,$93.00,2026-04-21 11:00,0.00,0.00%,上周价,$93.00,周高点,$94.20,周低点,$91.10,,https://www.chinaflashmarket.com/price/umcp,https://www.chinaflashmarket.com/price/ews/100238,https://www.chinaflashmarket.com/price/ews/100238/1,2026-04-22 20:13:57
Mobile,uMCP,uMCP(LPDDR4X + UFS2.2)4GB+128GB,美元,2026-03-03,周低点,89.10,周高点,92.20,本周价,91.00,89.1,92.2,91.0,本周价,$93.00,2026-04-21 11:00,0.00,0.00%,上周价,$93.00,周高点,$94.20,周低点,$91.10,,https://www.chinaflashmarket.com/price/umcp,https://www.chinaflashmarket.com/price/ews/100238,https://www.chinaflashmarket.com/price/ews/100238/1,2026-04-22 20:13:57
Mobile,uMCP,uMCP(LPDDR4X + UFS2.2)4GB+128GB,美元,2026-02-24,周低点,73.10,周高点,76.20,本周价,75.00,73.1,76.2,75.0,本周价,$93.00,2026-04-21 11:00,0.00,0.00%,上周价,$93.00,周高点,$94.20,周低点,$91.10,,https://www.chinaflashmarket.com/price/umcp,https://www.chinaflashmarket.com/price/ews/100238,https://www.chinaflashmarket.com/price/ews/100238/1,2026-04-22 20:13:57
Mobile,uMCP,uMCP(LPDDR4X + UFS2.2)4GB+128GB,美元,2026-02-10,周低点,73.10,周高点,76.20,本周价,75.00,73.1,76.2,75.0,本周价,$93.00,2026-04-21 11:00,0.00,0.00%,上周价,$93.00,周高点,$94.20,周低点,$91.10,,https://www.chinaflashmarket.com/price/umcp,https://www.chinaflashmarket.com/price/ews/100238,https://www.chinaflashmarket.com/price/ews/100238/1,2026-04-22 20:13:57
Mobile,uMCP,uMCP(LPDDR4X + UFS2.2)4GB+128GB,美元,2026-02-03,周低点,73.10,周高点,76.20,本周价,75.00,73.1,76.2,75.0,本周价,$93.00,2026-04-21 11:00,0.00,0.00%,上周价,$93.00,周高点,$94.20,周低点,$91.10,,https://www.chinaflashmarket.com/price/umcp,https://www.chinaflashmarket.com/price/ews/100238,https://www.chinaflashmarket.com/price/ews/100238/1,2026-04-22 20:13:57
Mobile,uMCP,uMCP(LPDDR4X + UFS2.2)4GB+128GB,美元,2026-01-27,周低点,70.10,周高点,73.20,本周价,72.00,70.1,73.2,72.0,本周价,$93.00,2026-04-21 11:00,0.00,0.00%,上周价,$93.00,周高点,$94.20,周低点,$91.10,,https://www.chinaflashmarket.com/price/umcp,https://www.chinaflashmarket.com/price/ews/100238,https://www.chinaflashmarket.com/price/ews/100238/1,2026-04-22 20:13:57
Mobile,uMCP,uMCP(LPDDR4X + UFS2.2)6GB+128GB,美元,2026-04-21,周低点,110.50,周高点,114.00,本周价,113.00,110.5,114.0,113.0,本周价,$113.00,2026-04-21 11:00,0.00,0.00%,上周价,$113.00,周高点,$114.00,周低点,$110.50,,https://www.chinaflashmarket.com/price/umcp,https://www.chinaflashmarket.com/price/ews/100239,https://www.chinaflashmarket.com/price/ews/100239/1,2026-04-22 20:13:57
Mobile,uMCP,uMCP(LPDDR4X + UFS2.2)6GB+128GB,美元,2026-04-14,周低点,110.50,周高点,114.00,本周价,113.00,110.5,114.0,113.0,本周价,$113.00,2026-04-21 11:00,0.00,0.00%,上周价,$113.00,周高点,$114.00,周低点,$110.50,,https://www.chinaflashmarket.com/price/umcp,https://www.chinaflashmarket.com/price/ews/100239,https://www.chinaflashmarket.com/price/ews/100239/1,2026-04-22 20:13:57
Mobile,uMCP,uMCP(LPDDR4X + UFS2.2)6GB+128GB,美元,2026-04-07,周低点,110.50,周高点,114.00,本周价,113.00,110.5,114.0,113.0,本周价,$113.00,2026-04-21 11:00,0.00,0.00%,上周价,$113.00,周高点,$114.00,周低点,$110.50,,https://www.chinaflashmarket.com/price/umcp,https://www.chinaflashmarket.com/price/ews/100239,https://www.chinaflashmarket.com/price/ews/100239/1,2026-04-22 20:13:57
Mobile,uMCP,uMCP(LPDDR4X + UFS2.2)6GB+128GB,美元,2026-03-31,周低点,110.50,周高点,114.00,本周价,113.00,110.5,114.0,113.0,本周价,$113.00,2026-04-21 11:00,0.00,0.00%,上周价,$113.00,周高点,$114.00,周低点,$110.50,,https://www.chinaflashmarket.com/price/umcp,https://www.chinaflashmarket.com/price/ews/100239,https://www.chinaflashmarket.com/price/ews/100239/1,2026-04-22 20:13:57
Mobile,uMCP,uMCP(LPDDR4X + UFS2.2)6GB+128GB,美元,2026-03-24,周低点,110.50,周高点,114.00,本周价,113.00,110.5,114.0,113.0,本周价,$113.00,2026-04-21 11:00,0.00,0.00%,上周价,$113.00,周高点,$114.00,周低点,$110.50,,https://www.chinaflashmarket.com/price/umcp,https://www.chinaflashmarket.com/price/ews/100239,https://www.chinaflashmarket.com/price/ews/100239/1,2026-04-22 20:13:57
Mobile,uMCP,uMCP(LPDDR4X + UFS2.2)6GB+128GB,美元,2026-03-17,周低点,110.50,周高点,114.00,本周价,113.00,110.5,114.0,113.0,本周价,$113.00,2026-04-21 11:00,0.00,0.00%,上周价,$113.00,周高点,$114.00,周低点,$110.50,,https://www.chinaflashmarket.com/price/umcp,https://www.chinaflashmarket.com/price/ews/100239,https://www.chinaflashmarket.com/price/ews/100239/1,2026-04-22 20:13:57
Mobile,uMCP,uMCP(LPDDR4X + UFS2.2)6GB+128GB,美元,2026-03-10,周低点,101.50,周高点,105.00,本周价,104.00,101.5,105.0,104.0,本周价,$113.00,2026-04-21 11:00,0.00,0.00%,上周价,$113.00,周高点,$114.00,周低点,$110.50,,https://www.chinaflashmarket.com/price/umcp,https://www.chinaflashmarket.com/price/ews/100239,https://www.chinaflashmarket.com/price/ews/100239/1,2026-04-22 20:13:57
Mobile,uMCP,uMCP(LPDDR4X + UFS2.2)6GB+128GB,美元,2026-03-03,周低点,101.50,周高点,105.00,本周价,104.00,101.5,105.0,104.0,本周价,$113.00,2026-04-21 11:00,0.00,0.00%,上周价,$113.00,周高点,$114.00,周低点,$110.50,,https://www.chinaflashmarket.com/price/umcp,https://www.chinaflashmarket.com/price/ews/100239,https://www.chinaflashmarket.com/price/ews/100239/1,2026-04-22 20:13:57
Mobile,uMCP,uMCP(LPDDR4X + UFS2.2)6GB+128GB,美元,2026-02-24,周低点,88.50,周高点,92.00,本周价,91.00,88.5,92.0,91.0,本周价,$113.00,2026-04-21 11:00,0.00,0.00%,上周价,$113.00,周高点,$114.00,周低点,$110.50,,https://www.chinaflashmarket.com/price/umcp,https://www.chinaflashmarket.com/price/ews/100239,https://www.chinaflashmarket.com/price/ews/100239/1,2026-04-22 20:13:57
Mobile,uMCP,uMCP(LPDDR4X + UFS2.2)6GB+128GB,美元,2026-02-10,周低点,88.50,周高点,92.00,本周价,91.00,88.5,92.0,91.0,本周价,$113.00,2026-04-21 11:00,0.00,0.00%,上周价,$113.00,周高点,$114.00,周低点,$110.50,,https://www.chinaflashmarket.com/price/umcp,https://www.chinaflashmarket.com/price/ews/100239,https://www.chinaflashmarket.com/price/ews/100239/1,2026-04-22 20:13:57
Mobile,uMCP,uMCP(LPDDR4X + UFS2.2)6GB+128GB,美元,2026-02-03,周低点,88.50,周高点,92.00,本周价,91.00,88.5,92.0,91.0,本周价,$113.00,2026-04-21 11:00,0.00,0.00%,上周价,$113.00,周高点,$114.00,周低点,$110.50,,https://www.chinaflashmarket.com/price/umcp,https://www.chinaflashmarket.com/price/ews/100239,https://www.chinaflashmarket.com/price/ews/100239/1,2026-04-22 20:13:57
Mobile,uMCP,uMCP(LPDDR4X + UFS2.2)6GB+128GB,美元,2026-01-27,周低点,85.50,周高点,89.00,本周价,88.00,85.5,89.0,88.0,本周价,$113.00,2026-04-21 11:00,0.00,0.00%,上周价,$113.00,周高点,$114.00,周低点,$110.50,,https://www.chinaflashmarket.com/price/umcp,https://www.chinaflashmarket.com/price/ews/100239,https://www.chinaflashmarket.com/price/ews/100239/1,2026-04-22 20:13:57
Mobile,uMCP,uMCP(LPDDR4X + UFS2.2)8GB+128GB,美元,2026-04-21,周低点,133.00,周高点,139.00,本周价,136.00,133.0,139.0,136.0,本周价,$136.00,2026-04-21 11:00,0.00,0.00%,上周价,$136.00,周高点,$139.00,周低点,$133.00,,https://www.chinaflashmarket.com/price/umcp,https://www.chinaflashmarket.com/price/ews/100240,https://www.chinaflashmarket.com/price/ews/100240/1,2026-04-22 20:13:57
Mobile,uMCP,uMCP(LPDDR4X + UFS2.2)8GB+128GB,美元,2026-04-14,周低点,133.00,周高点,139.00,本周价,136.00,133.0,139.0,136.0,本周价,$136.00,2026-04-21 11:00,0.00,0.00%,上周价,$136.00,周高点,$139.00,周低点,$133.00,,https://www.chinaflashmarket.com/price/umcp,https://www.chinaflashmarket.com/price/ews/100240,https://www.chinaflashmarket.com/price/ews/100240/1,2026-04-22 20:13:57
Mobile,uMCP,uMCP(LPDDR4X + UFS2.2)8GB+128GB,美元,2026-04-07,周低点,133.00,周高点,139.00,本周价,136.00,133.0,139.0,136.0,本周价,$136.00,2026-04-21 11:00,0.00,0.00%,上周价,$136.00,周高点,$139.00,周低点,$133.00,,https://www.chinaflashmarket.com/price/umcp,https://www.chinaflashmarket.com/price/ews/100240,https://www.chinaflashmarket.com/price/ews/100240/1,2026-04-22 20:13:57
Mobile,uMCP,uMCP(LPDDR4X + UFS2.2)8GB+128GB,美元,2026-03-31,周低点,133.00,周高点,139.00,本周价,136.00,133.0,139.0,136.0,本周价,$136.00,2026-04-21 11:00,0.00,0.00%,上周价,$136.00,周高点,$139.00,周低点,$133.00,,https://www.chinaflashmarket.com/price/umcp,https://www.chinaflashmarket.com/price/ews/100240,https://www.chinaflashmarket.com/price/ews/100240/1,2026-04-22 20:13:57
Mobile,uMCP,uMCP(LPDDR4X + UFS2.2)8GB+128GB,美元,2026-03-24,周低点,133.00,周高点,139.00,本周价,136.00,133.0,139.0,136.0,本周价,$136.00,2026-04-21 11:00,0.00,0.00%,上周价,$136.00,周高点,$139.00,周低点,$133.00,,https://www.chinaflashmarket.com/price/umcp,https://www.chinaflashmarket.com/price/ews/100240,https://www.chinaflashmarket.com/price/ews/100240/1,2026-04-22 20:13:57
Mobile,uMCP,uMCP(LPDDR4X + UFS2.2)8GB+128GB,美元,2026-03-17,周低点,133.00,周高点,139.00,本周价,136.00,133.0,139.0,136.0,本周价,$136.00,2026-04-21 11:00,0.00,0.00%,上周价,$136.00,周高点,$139.00,周低点,$133.00,,https://www.chinaflashmarket.com/price/umcp,https://www.chinaflashmarket.com/price/ews/100240,https://www.chinaflashmarket.com/price/ews/100240/1,2026-04-22 20:13:57
Mobile,uMCP,uMCP(LPDDR4X + UFS2.2)8GB+128GB,美元,2026-03-10,周低点,120.00,周高点,126.00,本周价,123.00,120.0,126.0,123.0,本周价,$136.00,2026-04-21 11:00,0.00,0.00%,上周价,$136.00,周高点,$139.00,周低点,$133.00,,https://www.chinaflashmarket.com/price/umcp,https://www.chinaflashmarket.com/price/ews/100240,https://www.chinaflashmarket.com/price/ews/100240/1,2026-04-22 20:13:57
Mobile,uMCP,uMCP(LPDDR4X + UFS2.2)8GB+128GB,美元,2026-03-03,周低点,120.00,周高点,126.00,本周价,123.00,120.0,126.0,123.0,本周价,$136.00,2026-04-21 11:00,0.00,0.00%,上周价,$136.00,周高点,$139.00,周低点,$133.00,,https://www.chinaflashmarket.com/price/umcp,https://www.chinaflashmarket.com/price/ews/100240,https://www.chinaflashmarket.com/price/ews/100240/1,2026-04-22 20:13:57
Mobile,uMCP,uMCP(LPDDR4X + UFS2.2)8GB+128GB,美元,2026-02-24,周低点,102.00,周高点,108.00,本周价,105.00,102.0,108.0,105.0,本周价,$136.00,2026-04-21 11:00,0.00,0.00%,上周价,$136.00,周高点,$139.00,周低点,$133.00,,https://www.chinaflashmarket.com/price/umcp,https://www.chinaflashmarket.com/price/ews/100240,https://www.chinaflashmarket.com/price/ews/100240/1,2026-04-22 20:13:57
Mobile,uMCP,uMCP(LPDDR4X + UFS2.2)8GB+128GB,美元,2026-02-10,周低点,102.00,周高点,108.00,本周价,105.00,102.0,108.0,105.0,本周价,$136.00,2026-04-21 11:00,0.00,0.00%,上周价,$136.00,周高点,$139.00,周低点,$133.00,,https://www.chinaflashmarket.com/price/umcp,https://www.chinaflashmarket.com/price/ews/100240,https://www.chinaflashmarket.com/price/ews/100240/1,2026-04-22 20:13:57
Mobile,uMCP,uMCP(LPDDR4X + UFS2.2)8GB+128GB,美元,2026-02-03,周低点,102.00,周高点,108.00,本周价,105.00,102.0,108.0,105.0,本周价,$136.00,2026-04-21 11:00,0.00,0.00%,上周价,$136.00,周高点,$139.00,周低点,$133.00,,https://www.chinaflashmarket.com/price/umcp,https://www.chinaflashmarket.com/price/ews/100240,https://www.chinaflashmarket.com/price/ews/100240/1,2026-04-22 20:13:57
Mobile,uMCP,uMCP(LPDDR4X + UFS2.2)8GB+128GB,美元,2026-01-27,周低点,95.00,周高点,101.00,本周价,98.00,95.0,101.0,98.0,本周价,$136.00,2026-04-21 11:00,0.00,0.00%,上周价,$136.00,周高点,$139.00,周低点,$133.00,,https://www.chinaflashmarket.com/price/umcp,https://www.chinaflashmarket.com/price/ews/100240,https://www.chinaflashmarket.com/price/ews/100240/1,2026-04-22 20:13:57
Mobile,uMCP,uMCP(LPDDR4X + UFS2.2)8GB+256GB,美元,2026-04-21,周低点,162.00,周高点,165.50,本周价,163.00,162.0,165.5,163.0,本周价,$163.00,2026-04-21 11:00,0.00,0.00%,上周价,$163.00,周高点,$165.50,周低点,$162.00,,https://www.chinaflashmarket.com/price/umcp,https://www.chinaflashmarket.com/price/ews/100241,https://www.chinaflashmarket.com/price/ews/100241/1,2026-04-22 20:13:57
Mobile,uMCP,uMCP(LPDDR4X + UFS2.2)8GB+256GB,美元,2026-04-14,周低点,162.00,周高点,165.50,本周价,163.00,162.0,165.5,163.0,本周价,$163.00,2026-04-21 11:00,0.00,0.00%,上周价,$163.00,周高点,$165.50,周低点,$162.00,,https://www.chinaflashmarket.com/price/umcp,https://www.chinaflashmarket.com/price/ews/100241,https://www.chinaflashmarket.com/price/ews/100241/1,2026-04-22 20:13:57
Mobile,uMCP,uMCP(LPDDR4X + UFS2.2)8GB+256GB,美元,2026-04-07,周低点,162.00,周高点,165.50,本周价,163.00,162.0,165.5,163.0,本周价,$163.00,2026-04-21 11:00,0.00,0.00%,上周价,$163.00,周高点,$165.50,周低点,$162.00,,https://www.chinaflashmarket.com/price/umcp,https://www.chinaflashmarket.com/price/ews/100241,https://www.chinaflashmarket.com/price/ews/100241/1,2026-04-22 20:13:57
Mobile,uMCP,uMCP(LPDDR4X + UFS2.2)8GB+256GB,美元,2026-03-31,周低点,162.00,周高点,165.50,本周价,163.00,162.0,165.5,163.0,本周价,$163.00,2026-04-21 11:00,0.00,0.00%,上周价,$163.00,周高点,$165.50,周低点,$162.00,,https://www.chinaflashmarket.com/price/umcp,https://www.chinaflashmarket.com/price/ews/100241,https://www.chinaflashmarket.com/price/ews/100241/1,2026-04-22 20:13:57
Mobile,uMCP,uMCP(LPDDR4X + UFS2.2)8GB+256GB,美元,2026-03-24,周低点,162.00,周高点,165.50,本周价,163.00,162.0,165.5,163.0,本周价,$163.00,2026-04-21 11:00,0.00,0.00%,上周价,$163.00,周高点,$165.50,周低点,$162.00,,https://www.chinaflashmarket.com/price/umcp,https://www.chinaflashmarket.com/price/ews/100241,https://www.chinaflashmarket.com/price/ews/100241/1,2026-04-22 20:13:57
Mobile,uMCP,uMCP(LPDDR4X + UFS2.2)8GB+256GB,美元,2026-03-17,周低点,162.00,周高点,165.50,本周价,163.00,162.0,165.5,163.0,本周价,$163.00,2026-04-21 11:00,0.00,0.00%,上周价,$163.00,周高点,$165.50,周低点,$162.00,,https://www.chinaflashmarket.com/price/umcp,https://www.chinaflashmarket.com/price/ews/100241,https://www.chinaflashmarket.com/price/ews/100241/1,2026-04-22 20:13:57
Mobile,uMCP,uMCP(LPDDR4X + UFS2.2)8GB+256GB,美元,2026-03-10,周低点,149.00,周高点,152.50,本周价,150.00,149.0,152.5,150.0,本周价,$163.00,2026-04-21 11:00,0.00,0.00%,上周价,$163.00,周高点,$165.50,周低点,$162.00,,https://www.chinaflashmarket.com/price/umcp,https://www.chinaflashmarket.com/price/ews/100241,https://www.chinaflashmarket.com/price/ews/100241/1,2026-04-22 20:13:57
Mobile,uMCP,uMCP(LPDDR4X + UFS2.2)8GB+256GB,美元,2026-03-03,周低点,149.00,周高点,152.50,本周价,150.00,149.0,152.5,150.0,本周价,$163.00,2026-04-21 11:00,0.00,0.00%,上周价,$163.00,周高点,$165.50,周低点,$162.00,,https://www.chinaflashmarket.com/price/umcp,https://www.chinaflashmarket.com/price/ews/100241,https://www.chinaflashmarket.com/price/ews/100241/1,2026-04-22 20:13:57
Mobile,uMCP,uMCP(LPDDR4X + UFS2.2)8GB+256GB,美元,2026-02-24,周低点,126.00,周高点,129.50,本周价,127.00,126.0,129.5,127.0,本周价,$163.00,2026-04-21 11:00,0.00,0.00%,上周价,$163.00,周高点,$165.50,周低点,$162.00,,https://www.chinaflashmarket.com/price/umcp,https://www.chinaflashmarket.com/price/ews/100241,https://www.chinaflashmarket.com/price/ews/100241/1,2026-04-22 20:13:57
Mobile,uMCP,uMCP(LPDDR4X + UFS2.2)8GB+256GB,美元,2026-02-10,周低点,126.00,周高点,129.50,本周价,127.00,126.0,129.5,127.0,本周价,$163.00,2026-04-21 11:00,0.00,0.00%,上周价,$163.00,周高点,$165.50,周低点,$162.00,,https://www.chinaflashmarket.com/price/umcp,https://www.chinaflashmarket.com/price/ews/100241,https://www.chinaflashmarket.com/price/ews/100241/1,2026-04-22 20:13:57
Mobile,uMCP,uMCP(LPDDR4X + UFS2.2)8GB+256GB,美元,2026-02-03,周低点,126.00,周高点,129.50,本周价,127.00,126.0,129.5,127.0,本周价,$163.00,2026-04-21 11:00,0.00,0.00%,上周价,$163.00,周高点,$165.50,周低点,$162.00,,https://www.chinaflashmarket.com/price/umcp,https://www.chinaflashmarket.com/price/ews/100241,https://www.chinaflashmarket.com/price/ews/100241/1,2026-04-22 20:13:57
Mobile,uMCP,uMCP(LPDDR4X + UFS2.2)8GB+256GB,美元,2026-01-27,周低点,119.00,周高点,122.50,本周价,120.00,119.0,122.5,120.0,本周价,$163.00,2026-04-21 11:00,0.00,0.00%,上周价,$163.00,周高点,$165.50,周低点,$162.00,,https://www.chinaflashmarket.com/price/umcp,https://www.chinaflashmarket.com/price/ews/100241,https://www.chinaflashmarket.com/price/ews/100241/1,2026-04-22 20:13:57
移动存储,闪存卡,渠道市场MicroSD 16GB,人民币,2026-04-21,日低点,26.50,开盘价,26.50,收盘价,26.50,26.5,26.5,26.5,当前价,￥26.50,2026-04-22 18:00,0.00,0.00%,前收盘,￥26.50,日高点,￥26.50,日低点,￥26.50,$3.60,https://www.chinaflashmarket.com/price/flashcard,https://www.chinaflashmarket.com/price/sz/100085,https://www.chinaflashmarket.com/price/sz/100085/1,2026-04-22 20:13:57
移动存储,闪存卡,渠道市场MicroSD 16GB,人民币,2026-04-20,日低点,26.50,开盘价,26.50,收盘价,26.50,26.5,26.5,26.5,当前价,￥26.50,2026-04-22 18:00,0.00,0.00%,前收盘,￥26.50,日高点,￥26.50,日低点,￥26.50,$3.60,https://www.chinaflashmarket.com/price/flashcard,https://www.chinaflashmarket.com/price/sz/100085,https://www.chinaflashmarket.com/price/sz/100085/1,2026-04-22 20:13:57
移动存储,闪存卡,渠道市场MicroSD 16GB,人民币,2026-04-17,日低点,26.50,开盘价,26.50,收盘价,26.50,26.5,26.5,26.5,当前价,￥26.50,2026-04-22 18:00,0.00,0.00%,前收盘,￥26.50,日高点,￥26.50,日低点,￥26.50,$3.60,https://www.chinaflashmarket.com/price/flashcard,https://www.chinaflashmarket.com/price/sz/100085,https://www.chinaflashmarket.com/price/sz/100085/1,2026-04-22 20:13:57
移动存储,闪存卡,渠道市场MicroSD 16GB,人民币,2026-04-16,日低点,26.50,开盘价,26.50,收盘价,26.50,26.5,26.5,26.5,当前价,￥26.50,2026-04-22 18:00,0.00,0.00%,前收盘,￥26.50,日高点,￥26.50,日低点,￥26.50,$3.60,https://www.chinaflashmarket.com/price/flashcard,https://www.chinaflashmarket.com/price/sz/100085,https://www.chinaflashmarket.com/price/sz/100085/1,2026-04-22 20:13:57
移动存储,闪存卡,渠道市场MicroSD 16GB,人民币,2026-04-15,日低点,26.50,开盘价,26.50,收盘价,26.50,26.5,26.5,26.5,当前价,￥26.50,2026-04-22 18:00,0.00,0.00%,前收盘,￥26.50,日高点,￥26.50,日低点,￥26.50,$3.60,https://www.chinaflashmarket.com/price/flashcard,https://www.chinaflashmarket.com/price/sz/100085,https://www.chinaflashmarket.com/price/sz/100085/1,2026-04-22 20:13:57
移动存储,闪存卡,渠道市场MicroSD 16GB,人民币,2026-04-14,日低点,26.50,开盘价,26.50,收盘价,26.50,26.5,26.5,26.5,当前价,￥26.50,2026-04-22 18:00,0.00,0.00%,前收盘,￥26.50,日高点,￥26.50,日低点,￥26.50,$3.60,https://www.chinaflashmarket.com/price/flashcard,https://www.chinaflashmarket.com/price/sz/100085,https://www.chinaflashmarket.com/price/sz/100085/1,2026-04-22 20:13:57
移动存储,闪存卡,渠道市场MicroSD 16GB,人民币,2026-04-13,日低点,26.50,开盘价,26.50,收盘价,26.50,26.5,26.5,26.5,当前价,￥26.50,2026-04-22 18:00,0.00,0.00%,前收盘,￥26.50,日高点,￥26.50,日低点,￥26.50,$3.60,https://www.chinaflashmarket.com/price/flashcard,https://www.chinaflashmarket.com/price/sz/100085,https://www.chinaflashmarket.com/price/sz/100085/1,2026-04-22 20:13:57
移动存储,闪存卡,渠道市场MicroSD 16GB,人民币,2026-04-10,日低点,26.50,开盘价,26.50,收盘价,26.50,26.5,26.5,26.5,当前价,￥26.50,2026-04-22 18:00,0.00,0.00%,前收盘,￥26.50,日高点,￥26.50,日低点,￥26.50,$3.60,https://www.chinaflashmarket.com/price/flashcard,https://www.chinaflashmarket.com/price/sz/100085,https://www.chinaflashmarket.com/price/sz/100085/1,2026-04-22 20:13:57
移动存储,闪存卡,渠道市场MicroSD 16GB,人民币,2026-04-09,日低点,27.20,开盘价,27.20,收盘价,27.20,27.2,27.2,27.2,当前价,￥26.50,2026-04-22 18:00,0.00,0.00%,前收盘,￥26.50,日高点,￥26.50,日低点,￥26.50,$3.60,https://www.chinaflashmarket.com/price/flashcard,https://www.chinaflashmarket.com/price/sz/100085,https://www.chinaflashmarket.com/price/sz/100085/1,2026-04-22 20:13:57
移动存储,闪存卡,渠道市场MicroSD 16GB,人民币,2026-04-08,日低点,27.20,开盘价,27.20,收盘价,27.20,27.2,27.2,27.2,当前价,￥26.50,2026-04-22 18:00,0.00,0.00%,前收盘,￥26.50,日高点,￥26.50,日低点,￥26.50,$3.60,https://www.chinaflashmarket.com/price/flashcard,https://www.chinaflashmarket.com/price/sz/100085,https://www.chinaflashmarket.com/price/sz/100085/1,2026-04-22 20:13:57
移动存储,闪存卡,渠道市场MicroSD 16GB,人民币,2026-04-07,日低点,28.00,开盘价,28.00,收盘价,28.00,28.0,28.0,28.0,当前价,￥26.50,2026-04-22 18:00,0.00,0.00%,前收盘,￥26.50,日高点,￥26.50,日低点,￥26.50,$3.60,https://www.chinaflashmarket.com/price/flashcard,https://www.chinaflashmarket.com/price/sz/100085,https://www.chinaflashmarket.com/price/sz/100085/1,2026-04-22 20:13:57
移动存储,闪存卡,渠道市场MicroSD 16GB,人民币,2026-04-03,日低点,28.00,开盘价,28.00,收盘价,28.00,28.0,28.0,28.0,当前价,￥26.50,2026-04-22 18:00,0.00,0.00%,前收盘,￥26.50,日高点,￥26.50,日低点,￥26.50,$3.60,https://www.chinaflashmarket.com/price/flashcard,https://www.chinaflashmarket.com/price/sz/100085,https://www.chinaflashmarket.com/price/sz/100085/1,2026-04-22 20:13:57
移动存储,闪存卡,渠道市场MicroSD 16GB,人民币,2026-04-02,日低点,28.00,开盘价,28.00,收盘价,28.00,28.0,28.0,28.0,当前价,￥26.50,2026-04-22 18:00,0.00,0.00%,前收盘,￥26.50,日高点,￥26.50,日低点,￥26.50,$3.60,https://www.chinaflashmarket.com/price/flashcard,https://www.chinaflashmarket.com/price/sz/100085,https://www.chinaflashmarket.com/price/sz/100085/1,2026-04-22 20:13:57
移动存储,闪存卡,渠道市场MicroSD 16GB,人民币,2026-04-01,日低点,28.00,开盘价,28.00,收盘价,28.00,28.0,28.0,28.0,当前价,￥26.50,2026-04-22 18:00,0.00,0.00%,前收盘,￥26.50,日高点,￥26.50,日低点,￥26.50,$3.60,https://www.chinaflashmarket.com/price/flashcard,https://www.chinaflashmarket.com/price/sz/100085,https://www.chinaflashmarket.com/price/sz/100085/1,2026-04-22 20:13:57
移动存储,闪存卡,渠道市场MicroSD 16GB,人民币,2026-03-31,日低点,28.00,开盘价,28.00,收盘价,28.00,28.0,28.0,28.0,当前价,￥26.50,2026-04-22 18:00,0.00,0.00%,前收盘,￥26.50,日高点,￥26.50,日低点,￥26.50,$3.60,https://www.chinaflashmarket.com/price/flashcard,https://www.chinaflashmarket.com/price/sz/100085,https://www.chinaflashmarket.com/price/sz/100085/1,2026-04-22 20:13:57
移动存储,闪存卡,渠道市场MicroSD 16GB,人民币,2026-03-30,日低点,28.00,开盘价,28.00,收盘价,28.00,28.0,28.0,28.0,当前价,￥26.50,2026-04-22 18:00,0.00,0.00%,前收盘,￥26.50,日高点,￥26.50,日低点,￥26.50,$3.60,https://www.chinaflashmarket.com/price/flashcard,https://www.chinaflashmarket.com/price/sz/100085,https://www.chinaflashmarket.com/price/sz/100085/1,2026-04-22 20:13:57
移动存储,闪存卡,渠道市场MicroSD 16GB,人民币,2026-03-27,日低点,28.00,开盘价,28.00,收盘价,28.00,28.0,28.0,28.0,当前价,￥26.50,2026-04-22 18:00,0.00,0.00%,前收盘,￥26.50,日高点,￥26.50,日低点,￥26.50,$3.60,https://www.chinaflashmarket.com/price/flashcard,https://www.chinaflashmarket.com/price/sz/100085,https://www.chinaflashmarket.com/price/sz/100085/1,2026-04-22 20:13:57
移动存储,闪存卡,渠道市场MicroSD 16GB,人民币,2026-03-26,日低点,28.00,开盘价,28.00,收盘价,28.00,28.0,28.0,28.0,当前价,￥26.50,2026-04-22 18:00,0.00,0.00%,前收盘,￥26.50,日高点,￥26.50,日低点,￥26.50,$3.60,https://www.chinaflashmarket.com/price/flashcard,https://www.chinaflashmarket.com/price/sz/100085,https://www.chinaflashmarket.com/price/sz/100085/1,2026-04-22 20:13:57
移动存储,闪存卡,渠道市场MicroSD 16GB,人民币,2026-03-25,日低点,28.00,开盘价,28.00,收盘价,28.00,28.0,28.0,28.0,当前价,￥26.50,2026-04-22 18:00,0.00,0.00%,前收盘,￥26.50,日高点,￥26.50,日低点,￥26.50,$3.60,https://www.chinaflashmarket.com/price/flashcard,https://www.chinaflashmarket.com/price/sz/100085,https://www.chinaflashmarket.com/price/sz/100085/1,2026-04-22 20:13:57
移动存储,闪存卡,渠道市场MicroSD 16GB,人民币,2026-03-24,日低点,28.00,开盘价,28.00,收盘价,28.00,28.0,28.0,28.0,当前价,￥26.50,2026-04-22 18:00,0.00,0.00%,前收盘,￥26.50,日高点,￥26.50,日低点,￥26.50,$3.60,https://www.chinaflashmarket.com/price/flashcard,https://www.chinaflashmarket.com/price/sz/100085,https://www.chinaflashmarket.com/price/sz/100085/1,2026-04-22 20:13:57
移动存储,闪存卡,渠道市场MicroSD 16GB,人民币,2026-03-23,日低点,28.00,开盘价,28.00,收盘价,28.00,28.0,28.0,28.0,当前价,￥26.50,2026-04-22 18:00,0.00,0.00%,前收盘,￥26.50,日高点,￥26.50,日低点,￥26.50,$3.60,https://www.chinaflashmarket.com/price/flashcard,https://www.chinaflashmarket.com/price/sz/100085,https://www.chinaflashmarket.com/price/sz/100085/1,2026-04-22 20:13:57
移动存储,闪存卡,渠道市场MicroSD 16GB,人民币,2026-03-20,日低点,28.00,开盘价,28.00,收盘价,28.00,28.0,28.0,28.0,当前价,￥26.50,2026-04-22 18:00,0.00,0.00%,前收盘,￥26.50,日高点,￥26.50,日低点,￥26.50,$3.60,https://www.chinaflashmarket.com/price/flashcard,https://www.chinaflashmarket.com/price/sz/100085,https://www.chinaflashmarket.com/price/sz/100085/1,2026-04-22 20:13:57
移动存储,闪存卡,渠道市场MicroSD 16GB,人民币,2026-03-19,日低点,24.30,开盘价,24.30,收盘价,24.30,24.3,24.3,24.3,当前价,￥26.50,2026-04-22 18:00,0.00,0.00%,前收盘,￥26.50,日高点,￥26.50,日低点,￥26.50,$3.60,https://www.chinaflashmarket.com/price/flashcard,https://www.chinaflashmarket.com/price/sz/100085,https://www.chinaflashmarket.com/price/sz/100085/1,2026-04-22 20:13:57
移动存储,闪存卡,渠道市场MicroSD 16GB,人民币,2026-03-18,日低点,24.30,开盘价,24.30,收盘价,24.30,24.3,24.3,24.3,当前价,￥26.50,2026-04-22 18:00,0.00,0.00%,前收盘,￥26.50,日高点,￥26.50,日低点,￥26.50,$3.60,https://www.chinaflashmarket.com/price/flashcard,https://www.chinaflashmarket.com/price/sz/100085,https://www.chinaflashmarket.com/price/sz/100085/1,2026-04-22 20:13:57
移动存储,闪存卡,渠道市场MicroSD 16GB,人民币,2026-03-17,日低点,24.30,开盘价,24.30,收盘价,24.30,24.3,24.3,24.3,当前价,￥26.50,2026-04-22 18:00,0.00,0.00%,前收盘,￥26.50,日高点,￥26.50,日低点,￥26.50,$3.60,https://www.chinaflashmarket.com/price/flashcard,https://www.chinaflashmarket.com/price/sz/100085,https://www.chinaflashmarket.com/price/sz/100085/1,2026-04-22 20:13:57
移动存储,闪存卡,渠道市场MicroSD 16GB,人民币,2026-03-16,日低点,24.30,开盘价,24.30,收盘价,24.30,24.3,24.3,24.3,当前价,￥26.50,2026-04-22 18:00,0.00,0.00%,前收盘,￥26.50,日高点,￥26.50,日低点,￥26.50,$3.60,https://www.chinaflashmarket.com/price/flashcard,https://www.chinaflashmarket.com/price/sz/100085,https://www.chinaflashmarket.com/price/sz/100085/1,2026-04-22 20:13:57
移动存储,闪存卡,渠道市场MicroSD 16GB,人民币,2026-03-13,日低点,24.30,开盘价,24.30,收盘价,24.30,24.3,24.3,24.3,当前价,￥26.50,2026-04-22 18:00,0.00,0.00%,前收盘,￥26.50,日高点,￥26.50,日低点,￥26.50,$3.60,https://www.chinaflashmarket.com/price/flashcard,https://www.chinaflashmarket.com/price/sz/100085,https://www.chinaflashmarket.com/price/sz/100085/1,2026-04-22 20:13:57
移动存储,闪存卡,渠道市场MicroSD 16GB,人民币,2026-03-12,日低点,22.80,开盘价,22.80,收盘价,22.80,22.8,22.8,22.8,当前价,￥26.50,2026-04-22 18:00,0.00,0.00%,前收盘,￥26.50,日高点,￥26.50,日低点,￥26.50,$3.60,https://www.chinaflashmarket.com/price/flashcard,https://www.chinaflashmarket.com/price/sz/100085,https://www.chinaflashmarket.com/price/sz/100085/1,2026-04-22 20:13:57
移动存储,闪存卡,渠道市场MicroSD 16GB,人民币,2026-03-11,日低点,22.80,开盘价,22.80,收盘价,22.80,22.8,22.8,22.8,当前价,￥26.50,2026-04-22 18:00,0.00,0.00%,前收盘,￥26.50,日高点,￥26.50,日低点,￥26.50,$3.60,https://www.chinaflashmarket.com/price/flashcard,https://www.chinaflashmarket.com/price/sz/100085,https://www.chinaflashmarket.com/price/sz/100085/1,2026-04-22 20:13:57
移动存储,闪存卡,渠道市场MicroSD 16GB,人民币,2026-03-10,日低点,21.50,开盘价,21.50,收盘价,21.50,21.5,21.5,21.5,当前价,￥26.50,2026-04-22 18:00,0.00,0.00%,前收盘,￥26.50,日高点,￥26.50,日低点,￥26.50,$3.60,https://www.chinaflashmarket.com/price/flashcard,https://www.chinaflashmarket.com/price/sz/100085,https://www.chinaflashmarket.com/price/sz/100085/1,2026-04-22 20:13:57
移动存储,闪存卡,渠道市场MicroSD 16GB,人民币,2026-03-09,日低点,21.50,开盘价,21.50,收盘价,21.50,21.5,21.5,21.5,当前价,￥26.50,2026-04-22 18:00,0.00,0.00%,前收盘,￥26.50,日高点,￥26.50,日低点,￥26.50,$3.60,https://www.chinaflashmarket.com/price/flashcard,https://www.chinaflashmarket.com/price/sz/100085,https://www.chinaflashmarket.com/price/sz/100085/1,2026-04-22 20:13:57
移动存储,闪存卡,渠道市场MicroSD 16GB,人民币,2026-03-06,日低点,21.50,开盘价,21.50,收盘价,21.50,21.5,21.5,21.5,当前价,￥26.50,2026-04-22 18:00,0.00,0.00%,前收盘,￥26.50,日高点,￥26.50,日低点,￥26.50,$3.60,https://www.chinaflashmarket.com/price/flashcard,https://www.chinaflashmarket.com/price/sz/100085,https://www.chinaflashmarket.com/price/sz/100085/1,2026-04-22 20:13:57
移动存储,闪存卡,渠道市场MicroSD 16GB,人民币,2026-03-05,日低点,18.50,开盘价,18.50,收盘价,18.50,18.5,18.5,18.5,当前价,￥26.50,2026-04-22 18:00,0.00,0.00%,前收盘,￥26.50,日高点,￥26.50,日低点,￥26.50,$3.60,https://www.chinaflashmarket.com/price/flashcard,https://www.chinaflashmarket.com/price/sz/100085,https://www.chinaflashmarket.com/price/sz/100085/1,2026-04-22 20:13:57
移动存储,闪存卡,渠道市场MicroSD 16GB,人民币,2026-03-04,日低点,18.50,开盘价,18.50,收盘价,18.50,18.5,18.5,18.5,当前价,￥26.50,2026-04-22 18:00,0.00,0.00%,前收盘,￥26.50,日高点,￥26.50,日低点,￥26.50,$3.60,https://www.chinaflashmarket.com/price/flashcard,https://www.chinaflashmarket.com/price/sz/100085,https://www.chinaflashmarket.com/price/sz/100085/1,2026-04-22 20:13:57
移动存储,闪存卡,渠道市场MicroSD 16GB,人民币,2026-03-03,日低点,18.50,开盘价,18.50,收盘价,18.50,18.5,18.5,18.5,当前价,￥26.50,2026-04-22 18:00,0.00,0.00%,前收盘,￥26.50,日高点,￥26.50,日低点,￥26.50,$3.60,https://www.chinaflashmarket.com/price/flashcard,https://www.chinaflashmarket.com/price/sz/100085,https://www.chinaflashmarket.com/price/sz/100085/1,2026-04-22 20:13:57
移动存储,闪存卡,渠道市场MicroSD 16GB,人民币,2026-03-02,日低点,18.50,开盘价,18.50,收盘价,18.50,18.5,18.5,18.5,当前价,￥26.50,2026-04-22 18:00,0.00,0.00%,前收盘,￥26.50,日高点,￥26.50,日低点,￥26.50,$3.60,https://www.chinaflashmarket.com/price/flashcard,https://www.chinaflashmarket.com/price/sz/100085,https://www.chinaflashmarket.com/price/sz/100085/1,2026-04-22 20:13:57
移动存储,闪存卡,渠道市场MicroSD 16GB,人民币,2026-02-28,日低点,18.50,开盘价,18.50,收盘价,18.50,18.5,18.5,18.5,当前价,￥26.50,2026-04-22 18:00,0.00,0.00%,前收盘,￥26.50,日高点,￥26.50,日低点,￥26.50,$3.60,https://www.chinaflashmarket.com/price/flashcard,https://www.chinaflashmarket.com/price/sz/100085,https://www.chinaflashmarket.com/price/sz/100085/1,2026-04-22 20:13:57
移动存储,闪存卡,渠道市场MicroSD 16GB,人民币,2026-02-27,日低点,18.50,开盘价,18.50,收盘价,18.50,18.5,18.5,18.5,当前价,￥26.50,2026-04-22 18:00,0.00,0.00%,前收盘,￥26.50,日高点,￥26.50,日低点,￥26.50,$3.60,https://www.chinaflashmarket.com/price/flashcard,https://www.chinaflashmarket.com/price/sz/100085,https://www.chinaflashmarket.com/price/sz/100085/1,2026-04-22 20:13:57
移动存储,闪存卡,渠道市场MicroSD 16GB,人民币,2026-02-26,日低点,18.50,开盘价,18.50,收盘价,18.50,18.5,18.5,18.5,当前价,￥26.50,2026-04-22 18:00,0.00,0.00%,前收盘,￥26.50,日高点,￥26.50,日低点,￥26.50,$3.60,https://www.chinaflashmarket.com/price/flashcard,https://www.chinaflashmarket.com/price/sz/100085,https://www.chinaflashmarket.com/price/sz/100085/1,2026-04-22 20:13:57
移动存储,闪存卡,渠道市场MicroSD 16GB,人民币,2026-02-25,日低点,18.50,开盘价,18.50,收盘价,18.50,18.5,18.5,18.5,当前价,￥26.50,2026-04-22 18:00,0.00,0.00%,前收盘,￥26.50,日高点,￥26.50,日低点,￥26.50,$3.60,https://www.chinaflashmarket.com/price/flashcard,https://www.chinaflashmarket.com/price/sz/100085,https://www.chinaflashmarket.com/price/sz/100085/1,2026-04-22 20:13:57
移动存储,闪存卡,渠道市场MicroSD 16GB,人民币,2026-02-24,日低点,18.50,开盘价,18.50,收盘价,18.50,18.5,18.5,18.5,当前价,￥26.50,2026-04-22 18:00,0.00,0.00%,前收盘,￥26.50,日高点,￥26.50,日低点,￥26.50,$3.60,https://www.chinaflashmarket.com/price/flashcard,https://www.chinaflashmarket.com/price/sz/100085,https://www.chinaflashmarket.com/price/sz/100085/1,2026-04-22 20:13:57
移动存储,闪存卡,渠道市场MicroSD 16GB,人民币,2026-02-14,日低点,18.50,开盘价,18.50,收盘价,18.50,18.5,18.5,18.5,当前价,￥26.50,2026-04-22 18:00,0.00,0.00%,前收盘,￥26.50,日高点,￥26.50,日低点,￥26.50,$3.60,https://www.chinaflashmarket.com/price/flashcard,https://www.chinaflashmarket.com/price/sz/100085,https://www.chinaflashmarket.com/price/sz/100085/1,2026-04-22 20:13:57
移动存储,闪存卡,渠道市场MicroSD 16GB,人民币,2026-02-13,日低点,18.50,开盘价,18.50,收盘价,18.50,18.5,18.5,18.5,当前价,￥26.50,2026-04-22 18:00,0.00,0.00%,前收盘,￥26.50,日高点,￥26.50,日低点,￥26.50,$3.60,https://www.chinaflashmarket.com/price/flashcard,https://www.chinaflashmarket.com/price/sz/100085,https://www.chinaflashmarket.com/price/sz/100085/1,2026-04-22 20:13:57
移动存储,闪存卡,渠道市场MicroSD 16GB,人民币,2026-02-12,日低点,18.50,开盘价,18.50,收盘价,18.50,18.5,18.5,18.5,当前价,￥26.50,2026-04-22 18:00,0.00,0.00%,前收盘,￥26.50,日高点,￥26.50,日低点,￥26.50,$3.60,https://www.chinaflashmarket.com/price/flashcard,https://www.chinaflashmarket.com/price/sz/100085,https://www.chinaflashmarket.com/price/sz/100085/1,2026-04-22 20:13:57
移动存储,闪存卡,渠道市场MicroSD 16GB,人民币,2026-02-11,日低点,18.50,开盘价,18.50,收盘价,18.50,18.5,18.5,18.5,当前价,￥26.50,2026-04-22 18:00,0.00,0.00%,前收盘,￥26.50,日高点,￥26.50,日低点,￥26.50,$3.60,https://www.chinaflashmarket.com/price/flashcard,https://www.chinaflashmarket.com/price/sz/100085,https://www.chinaflashmarket.com/price/sz/100085/1,2026-04-22 20:13:57
移动存储,闪存卡,渠道市场MicroSD 16GB,人民币,2026-02-10,日低点,18.50,开盘价,18.50,收盘价,18.50,18.5,18.5,18.5,当前价,￥26.50,2026-04-22 18:00,0.00,0.00%,前收盘,￥26.50,日高点,￥26.50,日低点,￥26.50,$3.60,https://www.chinaflashmarket.com/price/flashcard,https://www.chinaflashmarket.com/price/sz/100085,https://www.chinaflashmarket.com/price/sz/100085/1,2026-04-22 20:13:57
移动存储,闪存卡,渠道市场MicroSD 16GB,人民币,2026-02-09,日低点,18.50,开盘价,18.50,收盘价,18.50,18.5,18.5,18.5,当前价,￥26.50,2026-04-22 18:00,0.00,0.00%,前收盘,￥26.50,日高点,￥26.50,日低点,￥26.50,$3.60,https://www.chinaflashmarket.com/price/flashcard,https://www.chinaflashmarket.com/price/sz/100085,https://www.chinaflashmarket.com/price/sz/100085/1,2026-04-22 20:13:57
移动存储,闪存卡,渠道市场MicroSD 16GB,人民币,2026-02-06,日低点,17.60,开盘价,17.60,收盘价,18.50,17.6,17.6,18.5,当前价,￥26.50,2026-04-22 18:00,0.00,0.00%,前收盘,￥26.50,日高点,￥26.50,日低点,￥26.50,$3.60,https://www.chinaflashmarket.com/price/flashcard,https://www.chinaflashmarket.com/price/sz/100085,https://www.chinaflashmarket.com/price/sz/100085/1,2026-04-22 20:13:57
移动存储,闪存卡,渠道市场MicroSD 16GB,人民币,2026-02-05,日低点,17.60,开盘价,17.60,收盘价,17.60,17.6,17.6,17.6,当前价,￥26.50,2026-04-22 18:00,0.00,0.00%,前收盘,￥26.50,日高点,￥26.50,日低点,￥26.50,$3.60,https://www.chinaflashmarket.com/price/flashcard,https://www.chinaflashmarket.com/price/sz/100085,https://www.chinaflashmarket.com/price/sz/100085/1,2026-04-22 20:13:57
移动存储,闪存卡,渠道市场MicroSD 16GB,人民币,2026-02-04,日低点,17.60,开盘价,17.60,收盘价,17.60,17.6,17.6,17.6,当前价,￥26.50,2026-04-22 18:00,0.00,0.00%,前收盘,￥26.50,日高点,￥26.50,日低点,￥26.50,$3.60,https://www.chinaflashmarket.com/price/flashcard,https://www.chinaflashmarket.com/price/sz/100085,https://www.chinaflashmarket.com/price/sz/100085/1,2026-04-22 20:13:57
移动存储,闪存卡,渠道市场MicroSD 16GB,人民币,2026-02-03,日低点,17.60,开盘价,17.60,收盘价,17.60,17.6,17.6,17.6,当前价,￥26.50,2026-04-22 18:00,0.00,0.00%,前收盘,￥26.50,日高点,￥26.50,日低点,￥26.50,$3.60,https://www.chinaflashmarket.com/price/flashcard,https://www.chinaflashmarket.com/price/sz/100085,https://www.chinaflashmarket.com/price/sz/100085/1,2026-04-22 20:13:57
移动存储,闪存卡,渠道市场MicroSD 16GB,人民币,2026-02-02,日低点,17.60,开盘价,17.60,收盘价,17.60,17.6,17.6,17.6,当前价,￥26.50,2026-04-22 18:00,0.00,0.00%,前收盘,￥26.50,日高点,￥26.50,日低点,￥26.50,$3.60,https://www.chinaflashmarket.com/price/flashcard,https://www.chinaflashmarket.com/price/sz/100085,https://www.chinaflashmarket.com/price/sz/100085/1,2026-04-22 20:13:57
移动存储,闪存卡,渠道市场MicroSD 16GB,人民币,2026-01-30,日低点,17.60,开盘价,17.60,收盘价,17.60,17.6,17.6,17.6,当前价,￥26.50,2026-04-22 18:00,0.00,0.00%,前收盘,￥26.50,日高点,￥26.50,日低点,￥26.50,$3.60,https://www.chinaflashmarket.com/price/flashcard,https://www.chinaflashmarket.com/price/sz/100085,https://www.chinaflashmarket.com/price/sz/100085/1,2026-04-22 20:13:57
移动存储,闪存卡,渠道市场MicroSD 16GB,人民币,2026-01-29,日低点,17.60,开盘价,17.60,收盘价,17.60,17.6,17.6,17.6,当前价,￥26.50,2026-04-22 18:00,0.00,0.00%,前收盘,￥26.50,日高点,￥26.50,日低点,￥26.50,$3.60,https://www.chinaflashmarket.com/price/flashcard,https://www.chinaflashmarket.com/price/sz/100085,https://www.chinaflashmarket.com/price/sz/100085/1,2026-04-22 20:13:57
移动存储,闪存卡,渠道市场MicroSD 16GB,人民币,2026-01-28,日低点,16.70,开盘价,16.70,收盘价,17.60,16.7,16.7,17.6,当前价,￥26.50,2026-04-22 18:00,0.00,0.00%,前收盘,￥26.50,日高点,￥26.50,日低点,￥26.50,$3.60,https://www.chinaflashmarket.com/price/flashcard,https://www.chinaflashmarket.com/price/sz/100085,https://www.chinaflashmarket.com/price/sz/100085/1,2026-04-22 20:13:57
移动存储,闪存卡,渠道市场MicroSD 16GB,人民币,2026-01-27,日低点,16.70,开盘价,16.70,收盘价,16.70,16.7,16.7,16.7,当前价,￥26.50,2026-04-22 18:00,0.00,0.00%,前收盘,￥26.50,日高点,￥26.50,日低点,￥26.50,$3.60,https://www.chinaflashmarket.com/price/flashcard,https://www.chinaflashmarket.com/price/sz/100085,https://www.chinaflashmarket.com/price/sz/100085/1,2026-04-22 20:13:57
移动存储,闪存卡,渠道市场MicroSD 16GB,人民币,2026-01-26,日低点,16.70,开盘价,16.70,收盘价,16.70,16.7,16.7,16.7,当前价,￥26.50,2026-04-22 18:00,0.00,0.00%,前收盘,￥26.50,日高点,￥26.50,日低点,￥26.50,$3.60,https://www.chinaflashmarket.com/price/flashcard,https://www.chinaflashmarket.com/price/sz/100085,https://www.chinaflashmarket.com/price/sz/100085/1,2026-04-22 20:13:57
移动存储,闪存卡,渠道市场MicroSD 16GB,人民币,2026-01-23,日低点,16.70,开盘价,16.70,收盘价,16.70,16.7,16.7,16.7,当前价,￥26.50,2026-04-22 18:00,0.00,0.00%,前收盘,￥26.50,日高点,￥26.50,日低点,￥26.50,$3.60,https://www.chinaflashmarket.com/price/flashcard,https://www.chinaflashmarket.com/price/sz/100085,https://www.chinaflashmarket.com/price/sz/100085/1,2026-04-22 20:13:57
移动存储,闪存卡,渠道市场MicroSD 16GB,人民币,2026-01-22,日低点,16.70,开盘价,16.70,收盘价,16.70,16.7,16.7,16.7,当前价,￥26.50,2026-04-22 18:00,0.00,0.00%,前收盘,￥26.50,日高点,￥26.50,日低点,￥26.50,$3.60,https://www.chinaflashmarket.com/price/flashcard,https://www.chinaflashmarket.com/price/sz/100085,https://www.chinaflashmarket.com/price/sz/100085/1,2026-04-22 20:13:57
移动存储,闪存卡,渠道市场MicroSD 32GB,人民币,2026-04-21,日低点,45.70,开盘价,45.70,收盘价,45.70,45.7,45.7,45.7,当前价,￥45.70,2026-04-22 18:00,0.00,0.00%,前收盘,￥45.70,日高点,￥45.70,日低点,￥45.70,$6.20,https://www.chinaflashmarket.com/price/flashcard,https://www.chinaflashmarket.com/price/sz/100086,https://www.chinaflashmarket.com/price/sz/100086/1,2026-04-22 20:13:57
移动存储,闪存卡,渠道市场MicroSD 32GB,人民币,2026-04-20,日低点,45.70,开盘价,45.70,收盘价,45.70,45.7,45.7,45.7,当前价,￥45.70,2026-04-22 18:00,0.00,0.00%,前收盘,￥45.70,日高点,￥45.70,日低点,￥45.70,$6.20,https://www.chinaflashmarket.com/price/flashcard,https://www.chinaflashmarket.com/price/sz/100086,https://www.chinaflashmarket.com/price/sz/100086/1,2026-04-22 20:13:57
移动存储,闪存卡,渠道市场MicroSD 32GB,人民币,2026-04-17,日低点,45.70,开盘价,45.70,收盘价,45.70,45.7,45.7,45.7,当前价,￥45.70,2026-04-22 18:00,0.00,0.00%,前收盘,￥45.70,日高点,￥45.70,日低点,￥45.70,$6.20,https://www.chinaflashmarket.com/price/flashcard,https://www.chinaflashmarket.com/price/sz/100086,https://www.chinaflashmarket.com/price/sz/100086/1,2026-04-22 20:13:57
移动存储,闪存卡,渠道市场MicroSD 32GB,人民币,2026-04-16,日低点,45.70,开盘价,45.70,收盘价,45.70,45.7,45.7,45.7,当前价,￥45.70,2026-04-22 18:00,0.00,0.00%,前收盘,￥45.70,日高点,￥45.70,日低点,￥45.70,$6.20,https://www.chinaflashmarket.com/price/flashcard,https://www.chinaflashmarket.com/price/sz/100086,https://www.chinaflashmarket.com/price/sz/100086/1,2026-04-22 20:13:57
移动存储,闪存卡,渠道市场MicroSD 32GB,人民币,2026-04-15,日低点,45.70,开盘价,45.70,收盘价,45.70,45.7,45.7,45.7,当前价,￥45.70,2026-04-22 18:00,0.00,0.00%,前收盘,￥45.70,日高点,￥45.70,日低点,￥45.70,$6.20,https://www.chinaflashmarket.com/price/flashcard,https://www.chinaflashmarket.com/price/sz/100086,https://www.chinaflashmarket.com/price/sz/100086/1,2026-04-22 20:13:57
移动存储,闪存卡,渠道市场MicroSD 32GB,人民币,2026-04-14,日低点,45.70,开盘价,47.00,收盘价,45.70,45.7,47.0,45.7,当前价,￥45.70,2026-04-22 18:00,0.00,0.00%,前收盘,￥45.70,日高点,￥45.70,日低点,￥45.70,$6.20,https://www.chinaflashmarket.com/price/flashcard,https://www.chinaflashmarket.com/price/sz/100086,https://www.chinaflashmarket.com/price/sz/100086/1,2026-04-22 20:13:57
移动存储,闪存卡,渠道市场MicroSD 32GB,人民币,2026-04-13,日低点,47.00,开盘价,47.00,收盘价,47.00,47.0,47.0,47.0,当前价,￥45.70,2026-04-22 18:00,0.00,0.00%,前收盘,￥45.70,日高点,￥45.70,日低点,￥45.70,$6.20,https://www.chinaflashmarket.com/price/flashcard,https://www.chinaflashmarket.com/price/sz/100086,https://www.chinaflashmarket.com/price/sz/100086/1,2026-04-22 20:13:57
移动存储,闪存卡,渠道市场MicroSD 32GB,人民币,2026-04-10,日低点,47.00,开盘价,47.00,收盘价,47.00,47.0,47.0,47.0,当前价,￥45.70,2026-04-22 18:00,0.00,0.00%,前收盘,￥45.70,日高点,￥45.70,日低点,￥45.70,$6.20,https://www.chinaflashmarket.com/price/flashcard,https://www.chinaflashmarket.com/price/sz/100086,https://www.chinaflashmarket.com/price/sz/100086/1,2026-04-22 20:13:57
移动存储,闪存卡,渠道市场MicroSD 32GB,人民币,2026-04-09,日低点,47.80,开盘价,47.80,收盘价,47.80,47.8,47.8,47.8,当前价,￥45.70,2026-04-22 18:00,0.00,0.00%,前收盘,￥45.70,日高点,￥45.70,日低点,￥45.70,$6.20,https://www.chinaflashmarket.com/price/flashcard,https://www.chinaflashmarket.com/price/sz/100086,https://www.chinaflashmarket.com/price/sz/100086/1,2026-04-22 20:13:57
移动存储,闪存卡,渠道市场MicroSD 32GB,人民币,2026-04-08,日低点,47.80,开盘价,47.80,收盘价,47.80,47.8,47.8,47.8,当前价,￥45.70,2026-04-22 18:00,0.00,0.00%,前收盘,￥45.70,日高点,￥45.70,日低点,￥45.70,$6.20,https://www.chinaflashmarket.com/price/flashcard,https://www.chinaflashmarket.com/price/sz/100086,https://www.chinaflashmarket.com/price/sz/100086/1,2026-04-22 20:13:57
移动存储,闪存卡,渠道市场MicroSD 32GB,人民币,2026-04-07,日低点,49.30,开盘价,49.30,收盘价,49.30,49.3,49.3,49.3,当前价,￥45.70,2026-04-22 18:00,0.00,0.00%,前收盘,￥45.70,日高点,￥45.70,日低点,￥45.70,$6.20,https://www.chinaflashmarket.com/price/flashcard,https://www.chinaflashmarket.com/price/sz/100086,https://www.chinaflashmarket.com/price/sz/100086/1,2026-04-22 20:13:57
移动存储,闪存卡,渠道市场MicroSD 32GB,人民币,2026-04-03,日低点,49.30,开盘价,49.30,收盘价,49.30,49.3,49.3,49.3,当前价,￥45.70,2026-04-22 18:00,0.00,0.00%,前收盘,￥45.70,日高点,￥45.70,日低点,￥45.70,$6.20,https://www.chinaflashmarket.com/price/flashcard,https://www.chinaflashmarket.com/price/sz/100086,https://www.chinaflashmarket.com/price/sz/100086/1,2026-04-22 20:13:57
移动存储,闪存卡,渠道市场MicroSD 32GB,人民币,2026-04-02,日低点,49.30,开盘价,49.30,收盘价,49.30,49.3,49.3,49.3,当前价,￥45.70,2026-04-22 18:00,0.00,0.00%,前收盘,￥45.70,日高点,￥45.70,日低点,￥45.70,$6.20,https://www.chinaflashmarket.com/price/flashcard,https://www.chinaflashmarket.com/price/sz/100086,https://www.chinaflashmarket.com/price/sz/100086/1,2026-04-22 20:13:57
移动存储,闪存卡,渠道市场MicroSD 32GB,人民币,2026-04-01,日低点,49.30,开盘价,49.30,收盘价,49.30,49.3,49.3,49.3,当前价,￥45.70,2026-04-22 18:00,0.00,0.00%,前收盘,￥45.70,日高点,￥45.70,日低点,￥45.70,$6.20,https://www.chinaflashmarket.com/price/flashcard,https://www.chinaflashmarket.com/price/sz/100086,https://www.chinaflashmarket.com/price/sz/100086/1,2026-04-22 20:13:57
移动存储,闪存卡,渠道市场MicroSD 32GB,人民币,2026-03-31,日低点,49.30,开盘价,49.30,收盘价,49.30,49.3,49.3,49.3,当前价,￥45.70,2026-04-22 18:00,0.00,0.00%,前收盘,￥45.70,日高点,￥45.70,日低点,￥45.70,$6.20,https://www.chinaflashmarket.com/price/flashcard,https://www.chinaflashmarket.com/price/sz/100086,https://www.chinaflashmarket.com/price/sz/100086/1,2026-04-22 20:13:57
移动存储,闪存卡,渠道市场MicroSD 32GB,人民币,2026-03-30,日低点,49.30,开盘价,49.30,收盘价,49.30,49.3,49.3,49.3,当前价,￥45.70,2026-04-22 18:00,0.00,0.00%,前收盘,￥45.70,日高点,￥45.70,日低点,￥45.70,$6.20,https://www.chinaflashmarket.com/price/flashcard,https://www.chinaflashmarket.com/price/sz/100086,https://www.chinaflashmarket.com/price/sz/100086/1,2026-04-22 20:13:57
移动存储,闪存卡,渠道市场MicroSD 32GB,人民币,2026-03-27,日低点,49.30,开盘价,49.30,收盘价,49.30,49.3,49.3,49.3,当前价,￥45.70,2026-04-22 18:00,0.00,0.00%,前收盘,￥45.70,日高点,￥45.70,日低点,￥45.70,$6.20,https://www.chinaflashmarket.com/price/flashcard,https://www.chinaflashmarket.com/price/sz/100086,https://www.chinaflashmarket.com/price/sz/100086/1,2026-04-22 20:13:57
移动存储,闪存卡,渠道市场MicroSD 32GB,人民币,2026-03-26,日低点,49.30,开盘价,49.30,收盘价,49.30,49.3,49.3,49.3,当前价,￥45.70,2026-04-22 18:00,0.00,0.00%,前收盘,￥45.70,日高点,￥45.70,日低点,￥45.70,$6.20,https://www.chinaflashmarket.com/price/flashcard,https://www.chinaflashmarket.com/price/sz/100086,https://www.chinaflashmarket.com/price/sz/100086/1,2026-04-22 20:13:57
移动存储,闪存卡,渠道市场MicroSD 32GB,人民币,2026-03-25,日低点,49.30,开盘价,49.30,收盘价,49.30,49.3,49.3,49.3,当前价,￥45.70,2026-04-22 18:00,0.00,0.00%,前收盘,￥45.70,日高点,￥45.70,日低点,￥45.70,$6.20,https://www.chinaflashmarket.com/price/flashcard,https://www.chinaflashmarket.com/price/sz/100086,https://www.chinaflashmarket.com/price/sz/100086/1,2026-04-22 20:13:57
移动存储,闪存卡,渠道市场MicroSD 32GB,人民币,2026-03-24,日低点,49.30,开盘价,49.30,收盘价,49.30,49.3,49.3,49.3,当前价,￥45.70,2026-04-22 18:00,0.00,0.00%,前收盘,￥45.70,日高点,￥45.70,日低点,￥45.70,$6.20,https://www.chinaflashmarket.com/price/flashcard,https://www.chinaflashmarket.com/price/sz/100086,https://www.chinaflashmarket.com/price/sz/100086/1,2026-04-22 20:13:57
移动存储,闪存卡,渠道市场MicroSD 32GB,人民币,2026-03-23,日低点,49.30,开盘价,49.30,收盘价,49.30,49.3,49.3,49.3,当前价,￥45.70,2026-04-22 18:00,0.00,0.00%,前收盘,￥45.70,日高点,￥45.70,日低点,￥45.70,$6.20,https://www.chinaflashmarket.com/price/flashcard,https://www.chinaflashmarket.com/price/sz/100086,https://www.chinaflashmarket.com/price/sz/100086/1,2026-04-22 20:13:57
移动存储,闪存卡,渠道市场MicroSD 32GB,人民币,2026-03-20,日低点,49.30,开盘价,49.30,收盘价,49.30,49.3,49.3,49.3,当前价,￥45.70,2026-04-22 18:00,0.00,0.00%,前收盘,￥45.70,日高点,￥45.70,日低点,￥45.70,$6.20,https://www.chinaflashmarket.com/price/flashcard,https://www.chinaflashmarket.com/price/sz/100086,https://www.chinaflashmarket.com/price/sz/100086/1,2026-04-22 20:13:57
移动存储,闪存卡,渠道市场MicroSD 32GB,人民币,2026-03-19,日低点,46.30,开盘价,46.30,收盘价,46.30,46.3,46.3,46.3,当前价,￥45.70,2026-04-22 18:00,0.00,0.00%,前收盘,￥45.70,日高点,￥45.70,日低点,￥45.70,$6.20,https://www.chinaflashmarket.com/price/flashcard,https://www.chinaflashmarket.com/price/sz/100086,https://www.chinaflashmarket.com/price/sz/100086/1,2026-04-22 20:13:57
移动存储,闪存卡,渠道市场MicroSD 32GB,人民币,2026-03-18,日低点,46.30,开盘价,46.30,收盘价,46.30,46.3,46.3,46.3,当前价,￥45.70,2026-04-22 18:00,0.00,0.00%,前收盘,￥45.70,日高点,￥45.70,日低点,￥45.70,$6.20,https://www.chinaflashmarket.com/price/flashcard,https://www.chinaflashmarket.com/price/sz/100086,https://www.chinaflashmarket.com/price/sz/100086/1,2026-04-22 20:13:57
移动存储,闪存卡,渠道市场MicroSD 32GB,人民币,2026-03-17,日低点,46.30,开盘价,46.30,收盘价,46.30,46.3,46.3,46.3,当前价,￥45.70,2026-04-22 18:00,0.00,0.00%,前收盘,￥45.70,日高点,￥45.70,日低点,￥45.70,$6.20,https://www.chinaflashmarket.com/price/flashcard,https://www.chinaflashmarket.com/price/sz/100086,https://www.chinaflashmarket.com/price/sz/100086/1,2026-04-22 20:13:57
移动存储,闪存卡,渠道市场MicroSD 32GB,人民币,2026-03-16,日低点,46.30,开盘价,46.30,收盘价,46.30,46.3,46.3,46.3,当前价,￥45.70,2026-04-22 18:00,0.00,0.00%,前收盘,￥45.70,日高点,￥45.70,日低点,￥45.70,$6.20,https://www.chinaflashmarket.com/price/flashcard,https://www.chinaflashmarket.com/price/sz/100086,https://www.chinaflashmarket.com/price/sz/100086/1,2026-04-22 20:13:57
移动存储,闪存卡,渠道市场MicroSD 32GB,人民币,2026-03-13,日低点,46.30,开盘价,46.30,收盘价,46.30,46.3,46.3,46.3,当前价,￥45.70,2026-04-22 18:00,0.00,0.00%,前收盘,￥45.70,日高点,￥45.70,日低点,￥45.70,$6.20,https://www.chinaflashmarket.com/price/flashcard,https://www.chinaflashmarket.com/price/sz/100086,https://www.chinaflashmarket.com/price/sz/100086/1,2026-04-22 20:13:57
移动存储,闪存卡,渠道市场MicroSD 32GB,人民币,2026-03-12,日低点,42.60,开盘价,42.60,收盘价,42.60,42.6,42.6,42.6,当前价,￥45.70,2026-04-22 18:00,0.00,0.00%,前收盘,￥45.70,日高点,￥45.70,日低点,￥45.70,$6.20,https://www.chinaflashmarket.com/price/flashcard,https://www.chinaflashmarket.com/price/sz/100086,https://www.chinaflashmarket.com/price/sz/100086/1,2026-04-22 20:13:57
移动存储,闪存卡,渠道市场MicroSD 32GB,人民币,2026-03-11,日低点,42.60,开盘价,42.60,收盘价,42.60,42.6,42.6,42.6,当前价,￥45.70,2026-04-22 18:00,0.00,0.00%,前收盘,￥45.70,日高点,￥45.70,日低点,￥45.70,$6.20,https://www.chinaflashmarket.com/price/flashcard,https://www.chinaflashmarket.com/price/sz/100086,https://www.chinaflashmarket.com/price/sz/100086/1,2026-04-22 20:13:57
移动存储,闪存卡,渠道市场MicroSD 32GB,人民币,2026-03-10,日低点,40.50,开盘价,40.50,收盘价,40.50,40.5,40.5,40.5,当前价,￥45.70,2026-04-22 18:00,0.00,0.00%,前收盘,￥45.70,日高点,￥45.70,日低点,￥45.70,$6.20,https://www.chinaflashmarket.com/price/flashcard,https://www.chinaflashmarket.com/price/sz/100086,https://www.chinaflashmarket.com/price/sz/100086/1,2026-04-22 20:13:57
移动存储,闪存卡,渠道市场MicroSD 32GB,人民币,2026-03-09,日低点,40.50,开盘价,40.50,收盘价,40.50,40.5,40.5,40.5,当前价,￥45.70,2026-04-22 18:00,0.00,0.00%,前收盘,￥45.70,日高点,￥45.70,日低点,￥45.70,$6.20,https://www.chinaflashmarket.com/price/flashcard,https://www.chinaflashmarket.com/price/sz/100086,https://www.chinaflashmarket.com/price/sz/100086/1,2026-04-22 20:13:57
移动存储,闪存卡,渠道市场MicroSD 32GB,人民币,2026-03-06,日低点,40.50,开盘价,40.50,收盘价,40.50,40.5,40.5,40.5,当前价,￥45.70,2026-04-22 18:00,0.00,0.00%,前收盘,￥45.70,日高点,￥45.70,日低点,￥45.70,$6.20,https://www.chinaflashmarket.com/price/flashcard,https://www.chinaflashmarket.com/price/sz/100086,https://www.chinaflashmarket.com/price/sz/100086/1,2026-04-22 20:13:57
移动存储,闪存卡,渠道市场MicroSD 32GB,人民币,2026-03-05,日低点,36.50,开盘价,36.50,收盘价,36.50,36.5,36.5,36.5,当前价,￥45.70,2026-04-22 18:00,0.00,0.00%,前收盘,￥45.70,日高点,￥45.70,日低点,￥45.70,$6.20,https://www.chinaflashmarket.com/price/flashcard,https://www.chinaflashmarket.com/price/sz/100086,https://www.chinaflashmarket.com/price/sz/100086/1,2026-04-22 20:13:57
移动存储,闪存卡,渠道市场MicroSD 32GB,人民币,2026-03-04,日低点,36.50,开盘价,36.50,收盘价,36.50,36.5,36.5,36.5,当前价,￥45.70,2026-04-22 18:00,0.00,0.00%,前收盘,￥45.70,日高点,￥45.70,日低点,￥45.70,$6.20,https://www.chinaflashmarket.com/price/flashcard,https://www.chinaflashmarket.com/price/sz/100086,https://www.chinaflashmarket.com/price/sz/100086/1,2026-04-22 20:13:57
移动存储,闪存卡,渠道市场MicroSD 32GB,人民币,2026-03-03,日低点,36.50,开盘价,36.50,收盘价,36.50,36.5,36.5,36.5,当前价,￥45.70,2026-04-22 18:00,0.00,0.00%,前收盘,￥45.70,日高点,￥45.70,日低点,￥45.70,$6.20,https://www.chinaflashmarket.com/price/flashcard,https://www.chinaflashmarket.com/price/sz/100086,https://www.chinaflashmarket.com/price/sz/100086/1,2026-04-22 20:13:57
移动存储,闪存卡,渠道市场MicroSD 32GB,人民币,2026-03-02,日低点,36.50,开盘价,36.50,收盘价,36.50,36.5,36.5,36.5,当前价,￥45.70,2026-04-22 18:00,0.00,0.00%,前收盘,￥45.70,日高点,￥45.70,日低点,￥45.70,$6.20,https://www.chinaflashmarket.com/price/flashcard,https://www.chinaflashmarket.com/price/sz/100086,https://www.chinaflashmarket.com/price/sz/100086/1,2026-04-22 20:13:57
移动存储,闪存卡,渠道市场MicroSD 32GB,人民币,2026-02-28,日低点,36.50,开盘价,36.50,收盘价,36.50,36.5,36.5,36.5,当前价,￥45.70,2026-04-22 18:00,0.00,0.00%,前收盘,￥45.70,日高点,￥45.70,日低点,￥45.70,$6.20,https://www.chinaflashmarket.com/price/flashcard,https://www.chinaflashmarket.com/price/sz/100086,https://www.chinaflashmarket.com/price/sz/100086/1,2026-04-22 20:13:57
移动存储,闪存卡,渠道市场MicroSD 32GB,人民币,2026-02-27,日低点,36.50,开盘价,36.50,收盘价,36.50,36.5,36.5,36.5,当前价,￥45.70,2026-04-22 18:00,0.00,0.00%,前收盘,￥45.70,日高点,￥45.70,日低点,￥45.70,$6.20,https://www.chinaflashmarket.com/price/flashcard,https://www.chinaflashmarket.com/price/sz/100086,https://www.chinaflashmarket.com/price/sz/100086/1,2026-04-22 20:13:57
移动存储,闪存卡,渠道市场MicroSD 32GB,人民币,2026-02-26,日低点,36.50,开盘价,36.50,收盘价,36.50,36.5,36.5,36.5,当前价,￥45.70,2026-04-22 18:00,0.00,0.00%,前收盘,￥45.70,日高点,￥45.70,日低点,￥45.70,$6.20,https://www.chinaflashmarket.com/price/flashcard,https://www.chinaflashmarket.com/price/sz/100086,https://www.chinaflashmarket.com/price/sz/100086/1,2026-04-22 20:13:57
移动存储,闪存卡,渠道市场MicroSD 32GB,人民币,2026-02-25,日低点,36.50,开盘价,36.50,收盘价,36.50,36.5,36.5,36.5,当前价,￥45.70,2026-04-22 18:00,0.00,0.00%,前收盘,￥45.70,日高点,￥45.70,日低点,￥45.70,$6.20,https://www.chinaflashmarket.com/price/flashcard,https://www.chinaflashmarket.com/price/sz/100086,https://www.chinaflashmarket.com/price/sz/100086/1,2026-04-22 20:13:57
移动存储,闪存卡,渠道市场MicroSD 32GB,人民币,2026-02-24,日低点,36.50,开盘价,36.50,收盘价,36.50,36.5,36.5,36.5,当前价,￥45.70,2026-04-22 18:00,0.00,0.00%,前收盘,￥45.70,日高点,￥45.70,日低点,￥45.70,$6.20,https://www.chinaflashmarket.com/price/flashcard,https://www.chinaflashmarket.com/price/sz/100086,https://www.chinaflashmarket.com/price/sz/100086/1,2026-04-22 20:13:57
移动存储,闪存卡,渠道市场MicroSD 32GB,人民币,2026-02-14,日低点,36.50,开盘价,36.50,收盘价,36.50,36.5,36.5,36.5,当前价,￥45.70,2026-04-22 18:00,0.00,0.00%,前收盘,￥45.70,日高点,￥45.70,日低点,￥45.70,$6.20,https://www.chinaflashmarket.com/price/flashcard,https://www.chinaflashmarket.com/price/sz/100086,https://www.chinaflashmarket.com/price/sz/100086/1,2026-04-22 20:13:57
移动存储,闪存卡,渠道市场MicroSD 32GB,人民币,2026-02-13,日低点,36.50,开盘价,36.50,收盘价,36.50,36.5,36.5,36.5,当前价,￥45.70,2026-04-22 18:00,0.00,0.00%,前收盘,￥45.70,日高点,￥45.70,日低点,￥45.70,$6.20,https://www.chinaflashmarket.com/price/flashcard,https://www.chinaflashmarket.com/price/sz/100086,https://www.chinaflashmarket.com/price/sz/100086/1,2026-04-22 20:13:57
移动存储,闪存卡,渠道市场MicroSD 32GB,人民币,2026-02-12,日低点,36.50,开盘价,36.50,收盘价,36.50,36.5,36.5,36.5,当前价,￥45.70,2026-04-22 18:00,0.00,0.00%,前收盘,￥45.70,日高点,￥45.70,日低点,￥45.70,$6.20,https://www.chinaflashmarket.com/price/flashcard,https://www.chinaflashmarket.com/price/sz/100086,https://www.chinaflashmarket.com/price/sz/100086/1,2026-04-22 20:13:57
移动存储,闪存卡,渠道市场MicroSD 32GB,人民币,2026-02-11,日低点,36.50,开盘价,36.50,收盘价,36.50,36.5,36.5,36.5,当前价,￥45.70,2026-04-22 18:00,0.00,0.00%,前收盘,￥45.70,日高点,￥45.70,日低点,￥45.70,$6.20,https://www.chinaflashmarket.com/price/flashcard,https://www.chinaflashmarket.com/price/sz/100086,https://www.chinaflashmarket.com/price/sz/100086/1,2026-04-22 20:13:57
移动存储,闪存卡,渠道市场MicroSD 32GB,人民币,2026-02-10,日低点,36.50,开盘价,36.50,收盘价,36.50,36.5,36.5,36.5,当前价,￥45.70,2026-04-22 18:00,0.00,0.00%,前收盘,￥45.70,日高点,￥45.70,日低点,￥45.70,$6.20,https://www.chinaflashmarket.com/price/flashcard,https://www.chinaflashmarket.com/price/sz/100086,https://www.chinaflashmarket.com/price/sz/100086/1,2026-04-22 20:13:57
移动存储,闪存卡,渠道市场MicroSD 32GB,人民币,2026-02-09,日低点,36.50,开盘价,36.50,收盘价,36.50,36.5,36.5,36.5,当前价,￥45.70,2026-04-22 18:00,0.00,0.00%,前收盘,￥45.70,日高点,￥45.70,日低点,￥45.70,$6.20,https://www.chinaflashmarket.com/price/flashcard,https://www.chinaflashmarket.com/price/sz/100086,https://www.chinaflashmarket.com/price/sz/100086/1,2026-04-22 20:13:57
移动存储,闪存卡,渠道市场MicroSD 32GB,人民币,2026-02-06,日低点,35.50,开盘价,35.50,收盘价,36.50,35.5,35.5,36.5,当前价,￥45.70,2026-04-22 18:00,0.00,0.00%,前收盘,￥45.70,日高点,￥45.70,日低点,￥45.70,$6.20,https://www.chinaflashmarket.com/price/flashcard,https://www.chinaflashmarket.com/price/sz/100086,https://www.chinaflashmarket.com/price/sz/100086/1,2026-04-22 20:13:57
移动存储,闪存卡,渠道市场MicroSD 32GB,人民币,2026-02-05,日低点,35.50,开盘价,35.50,收盘价,35.50,35.5,35.5,35.5,当前价,￥45.70,2026-04-22 18:00,0.00,0.00%,前收盘,￥45.70,日高点,￥45.70,日低点,￥45.70,$6.20,https://www.chinaflashmarket.com/price/flashcard,https://www.chinaflashmarket.com/price/sz/100086,https://www.chinaflashmarket.com/price/sz/100086/1,2026-04-22 20:13:57
移动存储,闪存卡,渠道市场MicroSD 32GB,人民币,2026-02-04,日低点,35.50,开盘价,35.50,收盘价,35.50,35.5,35.5,35.5,当前价,￥45.70,2026-04-22 18:00,0.00,0.00%,前收盘,￥45.70,日高点,￥45.70,日低点,￥45.70,$6.20,https://www.chinaflashmarket.com/price/flashcard,https://www.chinaflashmarket.com/price/sz/100086,https://www.chinaflashmarket.com/price/sz/100086/1,2026-04-22 20:13:57
移动存储,闪存卡,渠道市场MicroSD 32GB,人民币,2026-02-03,日低点,35.50,开盘价,35.50,收盘价,35.50,35.5,35.5,35.5,当前价,￥45.70,2026-04-22 18:00,0.00,0.00%,前收盘,￥45.70,日高点,￥45.70,日低点,￥45.70,$6.20,https://www.chinaflashmarket.com/price/flashcard,https://www.chinaflashmarket.com/price/sz/100086,https://www.chinaflashmarket.com/price/sz/100086/1,2026-04-22 20:13:57
移动存储,闪存卡,渠道市场MicroSD 32GB,人民币,2026-02-02,日低点,35.50,开盘价,35.50,收盘价,35.50,35.5,35.5,35.5,当前价,￥45.70,2026-04-22 18:00,0.00,0.00%,前收盘,￥45.70,日高点,￥45.70,日低点,￥45.70,$6.20,https://www.chinaflashmarket.com/price/flashcard,https://www.chinaflashmarket.com/price/sz/100086,https://www.chinaflashmarket.com/price/sz/100086/1,2026-04-22 20:13:57
移动存储,闪存卡,渠道市场MicroSD 32GB,人民币,2026-01-30,日低点,35.50,开盘价,35.50,收盘价,35.50,35.5,35.5,35.5,当前价,￥45.70,2026-04-22 18:00,0.00,0.00%,前收盘,￥45.70,日高点,￥45.70,日低点,￥45.70,$6.20,https://www.chinaflashmarket.com/price/flashcard,https://www.chinaflashmarket.com/price/sz/100086,https://www.chinaflashmarket.com/price/sz/100086/1,2026-04-22 20:13:57
移动存储,闪存卡,渠道市场MicroSD 32GB,人民币,2026-01-29,日低点,35.50,开盘价,35.50,收盘价,35.50,35.5,35.5,35.5,当前价,￥45.70,2026-04-22 18:00,0.00,0.00%,前收盘,￥45.70,日高点,￥45.70,日低点,￥45.70,$6.20,https://www.chinaflashmarket.com/price/flashcard,https://www.chinaflashmarket.com/price/sz/100086,https://www.chinaflashmarket.com/price/sz/100086/1,2026-04-22 20:13:57
移动存储,闪存卡,渠道市场MicroSD 32GB,人民币,2026-01-28,日低点,34.20,开盘价,34.20,收盘价,35.50,34.2,34.2,35.5,当前价,￥45.70,2026-04-22 18:00,0.00,0.00%,前收盘,￥45.70,日高点,￥45.70,日低点,￥45.70,$6.20,https://www.chinaflashmarket.com/price/flashcard,https://www.chinaflashmarket.com/price/sz/100086,https://www.chinaflashmarket.com/price/sz/100086/1,2026-04-22 20:13:57
移动存储,闪存卡,渠道市场MicroSD 32GB,人民币,2026-01-27,日低点,34.20,开盘价,34.20,收盘价,34.20,34.2,34.2,34.2,当前价,￥45.70,2026-04-22 18:00,0.00,0.00%,前收盘,￥45.70,日高点,￥45.70,日低点,￥45.70,$6.20,https://www.chinaflashmarket.com/price/flashcard,https://www.chinaflashmarket.com/price/sz/100086,https://www.chinaflashmarket.com/price/sz/100086/1,2026-04-22 20:13:57
移动存储,闪存卡,渠道市场MicroSD 32GB,人民币,2026-01-26,日低点,34.20,开盘价,34.20,收盘价,34.20,34.2,34.2,34.2,当前价,￥45.70,2026-04-22 18:00,0.00,0.00%,前收盘,￥45.70,日高点,￥45.70,日低点,￥45.70,$6.20,https://www.chinaflashmarket.com/price/flashcard,https://www.chinaflashmarket.com/price/sz/100086,https://www.chinaflashmarket.com/price/sz/100086/1,2026-04-22 20:13:57
移动存储,闪存卡,渠道市场MicroSD 32GB,人民币,2026-01-23,日低点,34.20,开盘价,34.20,收盘价,34.20,34.2,34.2,34.2,当前价,￥45.70,2026-04-22 18:00,0.00,0.00%,前收盘,￥45.70,日高点,￥45.70,日低点,￥45.70,$6.20,https://www.chinaflashmarket.com/price/flashcard,https://www.chinaflashmarket.com/price/sz/100086,https://www.chinaflashmarket.com/price/sz/100086/1,2026-04-22 20:13:57
移动存储,闪存卡,渠道市场MicroSD 32GB,人民币,2026-01-22,日低点,34.20,开盘价,34.20,收盘价,34.20,34.2,34.2,34.2,当前价,￥45.70,2026-04-22 18:00,0.00,0.00%,前收盘,￥45.70,日高点,￥45.70,日低点,￥45.70,$6.20,https://www.chinaflashmarket.com/price/flashcard,https://www.chinaflashmarket.com/price/sz/100086,https://www.chinaflashmarket.com/price/sz/100086/1,2026-04-22 20:13:57
移动存储,闪存卡,渠道市场MicroSD 64GB,人民币,2026-04-21,日低点,67.60,开盘价,67.60,收盘价,67.60,67.6,67.6,67.6,当前价,￥67.60,2026-04-22 18:00,0.00,0.00%,前收盘,￥67.60,日高点,￥67.60,日低点,￥67.60,$9.20,https://www.chinaflashmarket.com/price/flashcard,https://www.chinaflashmarket.com/price/sz/100087,https://www.chinaflashmarket.com/price/sz/100087/1,2026-04-22 20:13:57
移动存储,闪存卡,渠道市场MicroSD 64GB,人民币,2026-04-20,日低点,67.60,开盘价,67.60,收盘价,67.60,67.6,67.6,67.6,当前价,￥67.60,2026-04-22 18:00,0.00,0.00%,前收盘,￥67.60,日高点,￥67.60,日低点,￥67.60,$9.20,https://www.chinaflashmarket.com/price/flashcard,https://www.chinaflashmarket.com/price/sz/100087,https://www.chinaflashmarket.com/price/sz/100087/1,2026-04-22 20:13:57
移动存储,闪存卡,渠道市场MicroSD 64GB,人民币,2026-04-17,日低点,67.60,开盘价,67.60,收盘价,67.60,67.6,67.6,67.6,当前价,￥67.60,2026-04-22 18:00,0.00,0.00%,前收盘,￥67.60,日高点,￥67.60,日低点,￥67.60,$9.20,https://www.chinaflashmarket.com/price/flashcard,https://www.chinaflashmarket.com/price/sz/100087,https://www.chinaflashmarket.com/price/sz/100087/1,2026-04-22 20:13:57
移动存储,闪存卡,渠道市场MicroSD 64GB,人民币,2026-04-16,日低点,67.60,开盘价,67.60,收盘价,67.60,67.6,67.6,67.6,当前价,￥67.60,2026-04-22 18:00,0.00,0.00%,前收盘,￥67.60,日高点,￥67.60,日低点,￥67.60,$9.20,https://www.chinaflashmarket.com/price/flashcard,https://www.chinaflashmarket.com/price/sz/100087,https://www.chinaflashmarket.com/price/sz/100087/1,2026-04-22 20:13:57
移动存储,闪存卡,渠道市场MicroSD 64GB,人民币,2026-04-15,日低点,67.60,开盘价,67.60,收盘价,67.60,67.6,67.6,67.6,当前价,￥67.60,2026-04-22 18:00,0.00,0.00%,前收盘,￥67.60,日高点,￥67.60,日低点,￥67.60,$9.20,https://www.chinaflashmarket.com/price/flashcard,https://www.chinaflashmarket.com/price/sz/100087,https://www.chinaflashmarket.com/price/sz/100087/1,2026-04-22 20:13:57
移动存储,闪存卡,渠道市场MicroSD 64GB,人民币,2026-04-14,日低点,67.60,开盘价,69.80,收盘价,67.60,67.6,69.8,67.6,当前价,￥67.60,2026-04-22 18:00,0.00,0.00%,前收盘,￥67.60,日高点,￥67.60,日低点,￥67.60,$9.20,https://www.chinaflashmarket.com/price/flashcard,https://www.chinaflashmarket.com/price/sz/100087,https://www.chinaflashmarket.com/price/sz/100087/1,2026-04-22 20:13:57
移动存储,闪存卡,渠道市场MicroSD 64GB,人民币,2026-04-13,日低点,69.80,开盘价,69.80,收盘价,69.80,69.8,69.8,69.8,当前价,￥67.60,2026-04-22 18:00,0.00,0.00%,前收盘,￥67.60,日高点,￥67.60,日低点,￥67.60,$9.20,https://www.chinaflashmarket.com/price/flashcard,https://www.chinaflashmarket.com/price/sz/100087,https://www.chinaflashmarket.com/price/sz/100087/1,2026-04-22 20:13:57
移动存储,闪存卡,渠道市场MicroSD 64GB,人民币,2026-04-10,日低点,69.80,开盘价,69.80,收盘价,69.80,69.8,69.8,69.8,当前价,￥67.60,2026-04-22 18:00,0.00,0.00%,前收盘,￥67.60,日高点,￥67.60,日低点,￥67.60,$9.20,https://www.chinaflashmarket.com/price/flashcard,https://www.chinaflashmarket.com/price/sz/100087,https://www.chinaflashmarket.com/price/sz/100087/1,2026-04-22 20:13:57
移动存储,闪存卡,渠道市场MicroSD 64GB,人民币,2026-04-09,日低点,71.30,开盘价,71.30,收盘价,71.30,71.3,71.3,71.3,当前价,￥67.60,2026-04-22 18:00,0.00,0.00%,前收盘,￥67.60,日高点,￥67.60,日低点,￥67.60,$9.20,https://www.chinaflashmarket.com/price/flashcard,https://www.chinaflashmarket.com/price/sz/100087,https://www.chinaflashmarket.com/price/sz/100087/1,2026-04-22 20:13:57
移动存储,闪存卡,渠道市场MicroSD 64GB,人民币,2026-04-08,日低点,71.30,开盘价,71.30,收盘价,71.30,71.3,71.3,71.3,当前价,￥67.60,2026-04-22 18:00,0.00,0.00%,前收盘,￥67.60,日高点,￥67.60,日低点,￥67.60,$9.20,https://www.chinaflashmarket.com/price/flashcard,https://www.chinaflashmarket.com/price/sz/100087,https://www.chinaflashmarket.com/price/sz/100087/1,2026-04-22 20:13:57
移动存储,闪存卡,渠道市场MicroSD 64GB,人民币,2026-04-07,日低点,73.50,开盘价,73.50,收盘价,73.50,73.5,73.5,73.5,当前价,￥67.60,2026-04-22 18:00,0.00,0.00%,前收盘,￥67.60,日高点,￥67.60,日低点,￥67.60,$9.20,https://www.chinaflashmarket.com/price/flashcard,https://www.chinaflashmarket.com/price/sz/100087,https://www.chinaflashmarket.com/price/sz/100087/1,2026-04-22 20:13:57
移动存储,闪存卡,渠道市场MicroSD 64GB,人民币,2026-04-03,日低点,73.50,开盘价,73.50,收盘价,73.50,73.5,73.5,73.5,当前价,￥67.60,2026-04-22 18:00,0.00,0.00%,前收盘,￥67.60,日高点,￥67.60,日低点,￥67.60,$9.20,https://www.chinaflashmarket.com/price/flashcard,https://www.chinaflashmarket.com/price/sz/100087,https://www.chinaflashmarket.com/price/sz/100087/1,2026-04-22 20:13:57
移动存储,闪存卡,渠道市场MicroSD 64GB,人民币,2026-04-02,日低点,73.50,开盘价,73.50,收盘价,73.50,73.5,73.5,73.5,当前价,￥67.60,2026-04-22 18:00,0.00,0.00%,前收盘,￥67.60,日高点,￥67.60,日低点,￥67.60,$9.20,https://www.chinaflashmarket.com/price/flashcard,https://www.chinaflashmarket.com/price/sz/100087,https://www.chinaflashmarket.com/price/sz/100087/1,2026-04-22 20:13:57
移动存储,闪存卡,渠道市场MicroSD 64GB,人民币,2026-04-01,日低点,73.50,开盘价,73.50,收盘价,73.50,73.5,73.5,73.5,当前价,￥67.60,2026-04-22 18:00,0.00,0.00%,前收盘,￥67.60,日高点,￥67.60,日低点,￥67.60,$9.20,https://www.chinaflashmarket.com/price/flashcard,https://www.chinaflashmarket.com/price/sz/100087,https://www.chinaflashmarket.com/price/sz/100087/1,2026-04-22 20:13:57
移动存储,闪存卡,渠道市场MicroSD 64GB,人民币,2026-03-31,日低点,73.50,开盘价,73.50,收盘价,73.50,73.5,73.5,73.5,当前价,￥67.60,2026-04-22 18:00,0.00,0.00%,前收盘,￥67.60,日高点,￥67.60,日低点,￥67.60,$9.20,https://www.chinaflashmarket.com/price/flashcard,https://www.chinaflashmarket.com/price/sz/100087,https://www.chinaflashmarket.com/price/sz/100087/1,2026-04-22 20:13:57
移动存储,闪存卡,渠道市场MicroSD 64GB,人民币,2026-03-30,日低点,73.50,开盘价,73.50,收盘价,73.50,73.5,73.5,73.5,当前价,￥67.60,2026-04-22 18:00,0.00,0.00%,前收盘,￥67.60,日高点,￥67.60,日低点,￥67.60,$9.20,https://www.chinaflashmarket.com/price/flashcard,https://www.chinaflashmarket.com/price/sz/100087,https://www.chinaflashmarket.com/price/sz/100087/1,2026-04-22 20:13:57
移动存储,闪存卡,渠道市场MicroSD 64GB,人民币,2026-03-27,日低点,73.50,开盘价,73.50,收盘价,73.50,73.5,73.5,73.5,当前价,￥67.60,2026-04-22 18:00,0.00,0.00%,前收盘,￥67.60,日高点,￥67.60,日低点,￥67.60,$9.20,https://www.chinaflashmarket.com/price/flashcard,https://www.chinaflashmarket.com/price/sz/100087,https://www.chinaflashmarket.com/price/sz/100087/1,2026-04-22 20:13:57
移动存储,闪存卡,渠道市场MicroSD 64GB,人民币,2026-03-26,日低点,73.50,开盘价,73.50,收盘价,73.50,73.5,73.5,73.5,当前价,￥67.60,2026-04-22 18:00,0.00,0.00%,前收盘,￥67.60,日高点,￥67.60,日低点,￥67.60,$9.20,https://www.chinaflashmarket.com/price/flashcard,https://www.chinaflashmarket.com/price/sz/100087,https://www.chinaflashmarket.com/price/sz/100087/1,2026-04-22 20:13:57
移动存储,闪存卡,渠道市场MicroSD 64GB,人民币,2026-03-25,日低点,73.50,开盘价,73.50,收盘价,73.50,73.5,73.5,73.5,当前价,￥67.60,2026-04-22 18:00,0.00,0.00%,前收盘,￥67.60,日高点,￥67.60,日低点,￥67.60,$9.20,https://www.chinaflashmarket.com/price/flashcard,https://www.chinaflashmarket.com/price/sz/100087,https://www.chinaflashmarket.com/price/sz/100087/1,2026-04-22 20:13:57
移动存储,闪存卡,渠道市场MicroSD 64GB,人民币,2026-03-24,日低点,73.50,开盘价,73.50,收盘价,73.50,73.5,73.5,73.5,当前价,￥67.60,2026-04-22 18:00,0.00,0.00%,前收盘,￥67.60,日高点,￥67.60,日低点,￥67.60,$9.20,https://www.chinaflashmarket.com/price/flashcard,https://www.chinaflashmarket.com/price/sz/100087,https://www.chinaflashmarket.com/price/sz/100087/1,2026-04-22 20:13:57
移动存储,闪存卡,渠道市场MicroSD 64GB,人民币,2026-03-23,日低点,73.50,开盘价,73.50,收盘价,73.50,73.5,73.5,73.5,当前价,￥67.60,2026-04-22 18:00,0.00,0.00%,前收盘,￥67.60,日高点,￥67.60,日低点,￥67.60,$9.20,https://www.chinaflashmarket.com/price/flashcard,https://www.chinaflashmarket.com/price/sz/100087,https://www.chinaflashmarket.com/price/sz/100087/1,2026-04-22 20:13:57
移动存储,闪存卡,渠道市场MicroSD 64GB,人民币,2026-03-20,日低点,73.50,开盘价,73.50,收盘价,73.50,73.5,73.5,73.5,当前价,￥67.60,2026-04-22 18:00,0.00,0.00%,前收盘,￥67.60,日高点,￥67.60,日低点,￥67.60,$9.20,https://www.chinaflashmarket.com/price/flashcard,https://www.chinaflashmarket.com/price/sz/100087,https://www.chinaflashmarket.com/price/sz/100087/1,2026-04-22 20:13:57
移动存储,闪存卡,渠道市场MicroSD 64GB,人民币,2026-03-19,日低点,66.50,开盘价,66.50,收盘价,66.50,66.5,66.5,66.5,当前价,￥67.60,2026-04-22 18:00,0.00,0.00%,前收盘,￥67.60,日高点,￥67.60,日低点,￥67.60,$9.20,https://www.chinaflashmarket.com/price/flashcard,https://www.chinaflashmarket.com/price/sz/100087,https://www.chinaflashmarket.com/price/sz/100087/1,2026-04-22 20:13:57
移动存储,闪存卡,渠道市场MicroSD 64GB,人民币,2026-03-18,日低点,66.50,开盘价,66.50,收盘价,66.50,66.5,66.5,66.5,当前价,￥67.60,2026-04-22 18:00,0.00,0.00%,前收盘,￥67.60,日高点,￥67.60,日低点,￥67.60,$9.20,https://www.chinaflashmarket.com/price/flashcard,https://www.chinaflashmarket.com/price/sz/100087,https://www.chinaflashmarket.com/price/sz/100087/1,2026-04-22 20:13:57
移动存储,闪存卡,渠道市场MicroSD 64GB,人民币,2026-03-17,日低点,66.50,开盘价,66.50,收盘价,66.50,66.5,66.5,66.5,当前价,￥67.60,2026-04-22 18:00,0.00,0.00%,前收盘,￥67.60,日高点,￥67.60,日低点,￥67.60,$9.20,https://www.chinaflashmarket.com/price/flashcard,https://www.chinaflashmarket.com/price/sz/100087,https://www.chinaflashmarket.com/price/sz/100087/1,2026-04-22 20:13:57
移动存储,闪存卡,渠道市场MicroSD 64GB,人民币,2026-03-16,日低点,66.50,开盘价,66.50,收盘价,66.50,66.5,66.5,66.5,当前价,￥67.60,2026-04-22 18:00,0.00,0.00%,前收盘,￥67.60,日高点,￥67.60,日低点,￥67.60,$9.20,https://www.chinaflashmarket.com/price/flashcard,https://www.chinaflashmarket.com/price/sz/100087,https://www.chinaflashmarket.com/price/sz/100087/1,2026-04-22 20:13:57
移动存储,闪存卡,渠道市场MicroSD 64GB,人民币,2026-03-13,日低点,66.50,开盘价,66.50,收盘价,66.50,66.5,66.5,66.5,当前价,￥67.60,2026-04-22 18:00,0.00,0.00%,前收盘,￥67.60,日高点,￥67.60,日低点,￥67.60,$9.20,https://www.chinaflashmarket.com/price/flashcard,https://www.chinaflashmarket.com/price/sz/100087,https://www.chinaflashmarket.com/price/sz/100087/1,2026-04-22 20:13:57
移动存储,闪存卡,渠道市场MicroSD 64GB,人民币,2026-03-12,日低点,62.50,开盘价,62.50,收盘价,62.50,62.5,62.5,62.5,当前价,￥67.60,2026-04-22 18:00,0.00,0.00%,前收盘,￥67.60,日高点,￥67.60,日低点,￥67.60,$9.20,https://www.chinaflashmarket.com/price/flashcard,https://www.chinaflashmarket.com/price/sz/100087,https://www.chinaflashmarket.com/price/sz/100087/1,2026-04-22 20:13:57
移动存储,闪存卡,渠道市场MicroSD 64GB,人民币,2026-03-11,日低点,62.50,开盘价,62.50,收盘价,62.50,62.5,62.5,62.5,当前价,￥67.60,2026-04-22 18:00,0.00,0.00%,前收盘,￥67.60,日高点,￥67.60,日低点,￥67.60,$9.20,https://www.chinaflashmarket.com/price/flashcard,https://www.chinaflashmarket.com/price/sz/100087,https://www.chinaflashmarket.com/price/sz/100087/1,2026-04-22 20:13:57
移动存储,闪存卡,渠道市场MicroSD 64GB,人民币,2026-03-10,日低点,58.80,开盘价,58.80,收盘价,58.80,58.8,58.8,58.8,当前价,￥67.60,2026-04-22 18:00,0.00,0.00%,前收盘,￥67.60,日高点,￥67.60,日低点,￥67.60,$9.20,https://www.chinaflashmarket.com/price/flashcard,https://www.chinaflashmarket.com/price/sz/100087,https://www.chinaflashmarket.com/price/sz/100087/1,2026-04-22 20:13:57
移动存储,闪存卡,渠道市场MicroSD 64GB,人民币,2026-03-09,日低点,58.80,开盘价,58.80,收盘价,58.80,58.8,58.8,58.8,当前价,￥67.60,2026-04-22 18:00,0.00,0.00%,前收盘,￥67.60,日高点,￥67.60,日低点,￥67.60,$9.20,https://www.chinaflashmarket.com/price/flashcard,https://www.chinaflashmarket.com/price/sz/100087,https://www.chinaflashmarket.com/price/sz/100087/1,2026-04-22 20:13:57
移动存储,闪存卡,渠道市场MicroSD 64GB,人民币,2026-03-06,日低点,55.10,开盘价,55.10,收盘价,55.10,55.1,55.1,55.1,当前价,￥67.60,2026-04-22 18:00,0.00,0.00%,前收盘,￥67.60,日高点,￥67.60,日低点,￥67.60,$9.20,https://www.chinaflashmarket.com/price/flashcard,https://www.chinaflashmarket.com/price/sz/100087,https://www.chinaflashmarket.com/price/sz/100087/1,2026-04-22 20:13:57
移动存储,闪存卡,渠道市场MicroSD 64GB,人民币,2026-03-05,日低点,51.00,开盘价,51.00,收盘价,51.00,51.0,51.0,51.0,当前价,￥67.60,2026-04-22 18:00,0.00,0.00%,前收盘,￥67.60,日高点,￥67.60,日低点,￥67.60,$9.20,https://www.chinaflashmarket.com/price/flashcard,https://www.chinaflashmarket.com/price/sz/100087,https://www.chinaflashmarket.com/price/sz/100087/1,2026-04-22 20:13:57
移动存储,闪存卡,渠道市场MicroSD 64GB,人民币,2026-03-04,日低点,51.00,开盘价,51.00,收盘价,51.00,51.0,51.0,51.0,当前价,￥67.60,2026-04-22 18:00,0.00,0.00%,前收盘,￥67.60,日高点,￥67.60,日低点,￥67.60,$9.20,https://www.chinaflashmarket.com/price/flashcard,https://www.chinaflashmarket.com/price/sz/100087,https://www.chinaflashmarket.com/price/sz/100087/1,2026-04-22 20:13:57
移动存储,闪存卡,渠道市场MicroSD 64GB,人民币,2026-03-03,日低点,51.00,开盘价,51.00,收盘价,51.00,51.0,51.0,51.0,当前价,￥67.60,2026-04-22 18:00,0.00,0.00%,前收盘,￥67.60,日高点,￥67.60,日低点,￥67.60,$9.20,https://www.chinaflashmarket.com/price/flashcard,https://www.chinaflashmarket.com/price/sz/100087,https://www.chinaflashmarket.com/price/sz/100087/1,2026-04-22 20:13:57
移动存储,闪存卡,渠道市场MicroSD 64GB,人民币,2026-03-02,日低点,51.00,开盘价,51.00,收盘价,51.00,51.0,51.0,51.0,当前价,￥67.60,2026-04-22 18:00,0.00,0.00%,前收盘,￥67.60,日高点,￥67.60,日低点,￥67.60,$9.20,https://www.chinaflashmarket.com/price/flashcard,https://www.chinaflashmarket.com/price/sz/100087,https://www.chinaflashmarket.com/price/sz/100087/1,2026-04-22 20:13:57
移动存储,闪存卡,渠道市场MicroSD 64GB,人民币,2026-02-28,日低点,51.00,开盘价,51.00,收盘价,51.00,51.0,51.0,51.0,当前价,￥67.60,2026-04-22 18:00,0.00,0.00%,前收盘,￥67.60,日高点,￥67.60,日低点,￥67.60,$9.20,https://www.chinaflashmarket.com/price/flashcard,https://www.chinaflashmarket.com/price/sz/100087,https://www.chinaflashmarket.com/price/sz/100087/1,2026-04-22 20:13:57
移动存储,闪存卡,渠道市场MicroSD 64GB,人民币,2026-02-27,日低点,51.00,开盘价,51.00,收盘价,51.00,51.0,51.0,51.0,当前价,￥67.60,2026-04-22 18:00,0.00,0.00%,前收盘,￥67.60,日高点,￥67.60,日低点,￥67.60,$9.20,https://www.chinaflashmarket.com/price/flashcard,https://www.chinaflashmarket.com/price/sz/100087,https://www.chinaflashmarket.com/price/sz/100087/1,2026-04-22 20:13:57
移动存储,闪存卡,渠道市场MicroSD 64GB,人民币,2026-02-26,日低点,51.00,开盘价,51.00,收盘价,51.00,51.0,51.0,51.0,当前价,￥67.60,2026-04-22 18:00,0.00,0.00%,前收盘,￥67.60,日高点,￥67.60,日低点,￥67.60,$9.20,https://www.chinaflashmarket.com/price/flashcard,https://www.chinaflashmarket.com/price/sz/100087,https://www.chinaflashmarket.com/price/sz/100087/1,2026-04-22 20:13:57
移动存储,闪存卡,渠道市场MicroSD 64GB,人民币,2026-02-25,日低点,51.00,开盘价,51.00,收盘价,51.00,51.0,51.0,51.0,当前价,￥67.60,2026-04-22 18:00,0.00,0.00%,前收盘,￥67.60,日高点,￥67.60,日低点,￥67.60,$9.20,https://www.chinaflashmarket.com/price/flashcard,https://www.chinaflashmarket.com/price/sz/100087,https://www.chinaflashmarket.com/price/sz/100087/1,2026-04-22 20:13:57
移动存储,闪存卡,渠道市场MicroSD 64GB,人民币,2026-02-24,日低点,51.00,开盘价,51.00,收盘价,51.00,51.0,51.0,51.0,当前价,￥67.60,2026-04-22 18:00,0.00,0.00%,前收盘,￥67.60,日高点,￥67.60,日低点,￥67.60,$9.20,https://www.chinaflashmarket.com/price/flashcard,https://www.chinaflashmarket.com/price/sz/100087,https://www.chinaflashmarket.com/price/sz/100087/1,2026-04-22 20:13:57
移动存储,闪存卡,渠道市场MicroSD 64GB,人民币,2026-02-14,日低点,51.00,开盘价,51.00,收盘价,51.00,51.0,51.0,51.0,当前价,￥67.60,2026-04-22 18:00,0.00,0.00%,前收盘,￥67.60,日高点,￥67.60,日低点,￥67.60,$9.20,https://www.chinaflashmarket.com/price/flashcard,https://www.chinaflashmarket.com/price/sz/100087,https://www.chinaflashmarket.com/price/sz/100087/1,2026-04-22 20:13:57
移动存储,闪存卡,渠道市场MicroSD 64GB,人民币,2026-02-13,日低点,51.00,开盘价,51.00,收盘价,51.00,51.0,51.0,51.0,当前价,￥67.60,2026-04-22 18:00,0.00,0.00%,前收盘,￥67.60,日高点,￥67.60,日低点,￥67.60,$9.20,https://www.chinaflashmarket.com/price/flashcard,https://www.chinaflashmarket.com/price/sz/100087,https://www.chinaflashmarket.com/price/sz/100087/1,2026-04-22 20:13:57
移动存储,闪存卡,渠道市场MicroSD 64GB,人民币,2026-02-12,日低点,51.00,开盘价,51.00,收盘价,51.00,51.0,51.0,51.0,当前价,￥67.60,2026-04-22 18:00,0.00,0.00%,前收盘,￥67.60,日高点,￥67.60,日低点,￥67.60,$9.20,https://www.chinaflashmarket.com/price/flashcard,https://www.chinaflashmarket.com/price/sz/100087,https://www.chinaflashmarket.com/price/sz/100087/1,2026-04-22 20:13:57
移动存储,闪存卡,渠道市场MicroSD 64GB,人民币,2026-02-11,日低点,51.00,开盘价,51.00,收盘价,51.00,51.0,51.0,51.0,当前价,￥67.60,2026-04-22 18:00,0.00,0.00%,前收盘,￥67.60,日高点,￥67.60,日低点,￥67.60,$9.20,https://www.chinaflashmarket.com/price/flashcard,https://www.chinaflashmarket.com/price/sz/100087,https://www.chinaflashmarket.com/price/sz/100087/1,2026-04-22 20:13:57
移动存储,闪存卡,渠道市场MicroSD 64GB,人民币,2026-02-10,日低点,51.00,开盘价,51.00,收盘价,51.00,51.0,51.0,51.0,当前价,￥67.60,2026-04-22 18:00,0.00,0.00%,前收盘,￥67.60,日高点,￥67.60,日低点,￥67.60,$9.20,https://www.chinaflashmarket.com/price/flashcard,https://www.chinaflashmarket.com/price/sz/100087,https://www.chinaflashmarket.com/price/sz/100087/1,2026-04-22 20:13:57
移动存储,闪存卡,渠道市场MicroSD 64GB,人民币,2026-02-09,日低点,51.00,开盘价,51.00,收盘价,51.00,51.0,51.0,51.0,当前价,￥67.60,2026-04-22 18:00,0.00,0.00%,前收盘,￥67.60,日高点,￥67.60,日低点,￥67.60,$9.20,https://www.chinaflashmarket.com/price/flashcard,https://www.chinaflashmarket.com/price/sz/100087,https://www.chinaflashmarket.com/price/sz/100087/1,2026-04-22 20:13:57
移动存储,闪存卡,渠道市场MicroSD 64GB,人民币,2026-02-06,日低点,48.00,开盘价,48.00,收盘价,51.00,48.0,48.0,51.0,当前价,￥67.60,2026-04-22 18:00,0.00,0.00%,前收盘,￥67.60,日高点,￥67.60,日低点,￥67.60,$9.20,https://www.chinaflashmarket.com/price/flashcard,https://www.chinaflashmarket.com/price/sz/100087,https://www.chinaflashmarket.com/price/sz/100087/1,2026-04-22 20:13:57
移动存储,闪存卡,渠道市场MicroSD 64GB,人民币,2026-02-05,日低点,48.00,开盘价,48.00,收盘价,48.00,48.0,48.0,48.0,当前价,￥67.60,2026-04-22 18:00,0.00,0.00%,前收盘,￥67.60,日高点,￥67.60,日低点,￥67.60,$9.20,https://www.chinaflashmarket.com/price/flashcard,https://www.chinaflashmarket.com/price/sz/100087,https://www.chinaflashmarket.com/price/sz/100087/1,2026-04-22 20:13:57
移动存储,闪存卡,渠道市场MicroSD 64GB,人民币,2026-02-04,日低点,48.00,开盘价,48.00,收盘价,48.00,48.0,48.0,48.0,当前价,￥67.60,2026-04-22 18:00,0.00,0.00%,前收盘,￥67.60,日高点,￥67.60,日低点,￥67.60,$9.20,https://www.chinaflashmarket.com/price/flashcard,https://www.chinaflashmarket.com/price/sz/100087,https://www.chinaflashmarket.com/price/sz/100087/1,2026-04-22 20:13:57
移动存储,闪存卡,渠道市场MicroSD 64GB,人民币,2026-02-03,日低点,48.00,开盘价,48.00,收盘价,48.00,48.0,48.0,48.0,当前价,￥67.60,2026-04-22 18:00,0.00,0.00%,前收盘,￥67.60,日高点,￥67.60,日低点,￥67.60,$9.20,https://www.chinaflashmarket.com/price/flashcard,https://www.chinaflashmarket.com/price/sz/100087,https://www.chinaflashmarket.com/price/sz/100087/1,2026-04-22 20:13:57
移动存储,闪存卡,渠道市场MicroSD 64GB,人民币,2026-02-02,日低点,48.00,开盘价,48.00,收盘价,48.00,48.0,48.0,48.0,当前价,￥67.60,2026-04-22 18:00,0.00,0.00%,前收盘,￥67.60,日高点,￥67.60,日低点,￥67.60,$9.20,https://www.chinaflashmarket.com/price/flashcard,https://www.chinaflashmarket.com/price/sz/100087,https://www.chinaflashmarket.com/price/sz/100087/1,2026-04-22 20:13:57
移动存储,闪存卡,渠道市场MicroSD 64GB,人民币,2026-01-30,日低点,48.00,开盘价,48.00,收盘价,48.00,48.0,48.0,48.0,当前价,￥67.60,2026-04-22 18:00,0.00,0.00%,前收盘,￥67.60,日高点,￥67.60,日低点,￥67.60,$9.20,https://www.chinaflashmarket.com/price/flashcard,https://www.chinaflashmarket.com/price/sz/100087,https://www.chinaflashmarket.com/price/sz/100087/1,2026-04-22 20:13:57
移动存储,闪存卡,渠道市场MicroSD 64GB,人民币,2026-01-29,日低点,48.00,开盘价,48.00,收盘价,48.00,48.0,48.0,48.0,当前价,￥67.60,2026-04-22 18:00,0.00,0.00%,前收盘,￥67.60,日高点,￥67.60,日低点,￥67.60,$9.20,https://www.chinaflashmarket.com/price/flashcard,https://www.chinaflashmarket.com/price/sz/100087,https://www.chinaflashmarket.com/price/sz/100087/1,2026-04-22 20:13:57
移动存储,闪存卡,渠道市场MicroSD 64GB,人民币,2026-01-28,日低点,45.70,开盘价,45.70,收盘价,48.00,45.7,45.7,48.0,当前价,￥67.60,2026-04-22 18:00,0.00,0.00%,前收盘,￥67.60,日高点,￥67.60,日低点,￥67.60,$9.20,https://www.chinaflashmarket.com/price/flashcard,https://www.chinaflashmarket.com/price/sz/100087,https://www.chinaflashmarket.com/price/sz/100087/1,2026-04-22 20:13:57
移动存储,闪存卡,渠道市场MicroSD 64GB,人民币,2026-01-27,日低点,45.70,开盘价,45.70,收盘价,45.70,45.7,45.7,45.7,当前价,￥67.60,2026-04-22 18:00,0.00,0.00%,前收盘,￥67.60,日高点,￥67.60,日低点,￥67.60,$9.20,https://www.chinaflashmarket.com/price/flashcard,https://www.chinaflashmarket.com/price/sz/100087,https://www.chinaflashmarket.com/price/sz/100087/1,2026-04-22 20:13:57
移动存储,闪存卡,渠道市场MicroSD 64GB,人民币,2026-01-26,日低点,45.70,开盘价,45.70,收盘价,45.70,45.7,45.7,45.7,当前价,￥67.60,2026-04-22 18:00,0.00,0.00%,前收盘,￥67.60,日高点,￥67.60,日低点,￥67.60,$9.20,https://www.chinaflashmarket.com/price/flashcard,https://www.chinaflashmarket.com/price/sz/100087,https://www.chinaflashmarket.com/price/sz/100087/1,2026-04-22 20:13:57
移动存储,闪存卡,渠道市场MicroSD 64GB,人民币,2026-01-23,日低点,45.70,开盘价,45.70,收盘价,45.70,45.7,45.7,45.7,当前价,￥67.60,2026-04-22 18:00,0.00,0.00%,前收盘,￥67.60,日高点,￥67.60,日低点,￥67.60,$9.20,https://www.chinaflashmarket.com/price/flashcard,https://www.chinaflashmarket.com/price/sz/100087,https://www.chinaflashmarket.com/price/sz/100087/1,2026-04-22 20:13:57
移动存储,闪存卡,渠道市场MicroSD 64GB,人民币,2026-01-22,日低点,45.70,开盘价,45.70,收盘价,45.70,45.7,45.7,45.7,当前价,￥67.60,2026-04-22 18:00,0.00,0.00%,前收盘,￥67.60,日高点,￥67.60,日低点,￥67.60,$9.20,https://www.chinaflashmarket.com/price/flashcard,https://www.chinaflashmarket.com/price/sz/100087,https://www.chinaflashmarket.com/price/sz/100087/1,2026-04-22 20:13:57
移动存储,闪存卡,渠道市场MicroSD 128GB,人民币,2026-04-21,日低点,130.00,开盘价,130.00,收盘价,130.00,130.0,130.0,130.0,当前价,￥130.00,2026-04-22 18:00,0.00,0.00%,前收盘,￥130.00,日高点,￥130.00,日低点,￥130.00,$17.70,https://www.chinaflashmarket.com/price/flashcard,https://www.chinaflashmarket.com/price/sz/100154,https://www.chinaflashmarket.com/price/sz/100154/1,2026-04-22 20:13:57
移动存储,闪存卡,渠道市场MicroSD 128GB,人民币,2026-04-20,日低点,130.00,开盘价,130.00,收盘价,130.00,130.0,130.0,130.0,当前价,￥130.00,2026-04-22 18:00,0.00,0.00%,前收盘,￥130.00,日高点,￥130.00,日低点,￥130.00,$17.70,https://www.chinaflashmarket.com/price/flashcard,https://www.chinaflashmarket.com/price/sz/100154,https://www.chinaflashmarket.com/price/sz/100154/1,2026-04-22 20:13:57
移动存储,闪存卡,渠道市场MicroSD 128GB,人民币,2026-04-17,日低点,130.00,开盘价,130.00,收盘价,130.00,130.0,130.0,130.0,当前价,￥130.00,2026-04-22 18:00,0.00,0.00%,前收盘,￥130.00,日高点,￥130.00,日低点,￥130.00,$17.70,https://www.chinaflashmarket.com/price/flashcard,https://www.chinaflashmarket.com/price/sz/100154,https://www.chinaflashmarket.com/price/sz/100154/1,2026-04-22 20:13:57
移动存储,闪存卡,渠道市场MicroSD 128GB,人民币,2026-04-16,日低点,130.00,开盘价,130.00,收盘价,130.00,130.0,130.0,130.0,当前价,￥130.00,2026-04-22 18:00,0.00,0.00%,前收盘,￥130.00,日高点,￥130.00,日低点,￥130.00,$17.70,https://www.chinaflashmarket.com/price/flashcard,https://www.chinaflashmarket.com/price/sz/100154,https://www.chinaflashmarket.com/price/sz/100154/1,2026-04-22 20:13:57
移动存储,闪存卡,渠道市场MicroSD 128GB,人民币,2026-04-15,日低点,130.00,开盘价,130.00,收盘价,130.00,130.0,130.0,130.0,当前价,￥130.00,2026-04-22 18:00,0.00,0.00%,前收盘,￥130.00,日高点,￥130.00,日低点,￥130.00,$17.70,https://www.chinaflashmarket.com/price/flashcard,https://www.chinaflashmarket.com/price/sz/100154,https://www.chinaflashmarket.com/price/sz/100154/1,2026-04-22 20:13:57
移动存储,闪存卡,渠道市场MicroSD 128GB,人民币,2026-04-14,日低点,130.00,开盘价,133.80,收盘价,130.00,130.0,133.8,130.0,当前价,￥130.00,2026-04-22 18:00,0.00,0.00%,前收盘,￥130.00,日高点,￥130.00,日低点,￥130.00,$17.70,https://www.chinaflashmarket.com/price/flashcard,https://www.chinaflashmarket.com/price/sz/100154,https://www.chinaflashmarket.com/price/sz/100154/1,2026-04-22 20:13:57
移动存储,闪存卡,渠道市场MicroSD 128GB,人民币,2026-04-13,日低点,133.80,开盘价,133.80,收盘价,133.80,133.8,133.8,133.8,当前价,￥130.00,2026-04-22 18:00,0.00,0.00%,前收盘,￥130.00,日高点,￥130.00,日低点,￥130.00,$17.70,https://www.chinaflashmarket.com/price/flashcard,https://www.chinaflashmarket.com/price/sz/100154,https://www.chinaflashmarket.com/price/sz/100154/1,2026-04-22 20:13:57
移动存储,闪存卡,渠道市场MicroSD 128GB,人民币,2026-04-10,日低点,133.80,开盘价,133.80,收盘价,133.80,133.8,133.8,133.8,当前价,￥130.00,2026-04-22 18:00,0.00,0.00%,前收盘,￥130.00,日高点,￥130.00,日低点,￥130.00,$17.70,https://www.chinaflashmarket.com/price/flashcard,https://www.chinaflashmarket.com/price/sz/100154,https://www.chinaflashmarket.com/price/sz/100154/1,2026-04-22 20:13:57
移动存储,闪存卡,渠道市场MicroSD 128GB,人民币,2026-04-09,日低点,136.00,开盘价,136.00,收盘价,136.00,136.0,136.0,136.0,当前价,￥130.00,2026-04-22 18:00,0.00,0.00%,前收盘,￥130.00,日高点,￥130.00,日低点,￥130.00,$17.70,https://www.chinaflashmarket.com/price/flashcard,https://www.chinaflashmarket.com/price/sz/100154,https://www.chinaflashmarket.com/price/sz/100154/1,2026-04-22 20:13:57
移动存储,闪存卡,渠道市场MicroSD 128GB,人民币,2026-04-08,日低点,136.00,开盘价,136.00,收盘价,136.00,136.0,136.0,136.0,当前价,￥130.00,2026-04-22 18:00,0.00,0.00%,前收盘,￥130.00,日高点,￥130.00,日低点,￥130.00,$17.70,https://www.chinaflashmarket.com/price/flashcard,https://www.chinaflashmarket.com/price/sz/100154,https://www.chinaflashmarket.com/price/sz/100154/1,2026-04-22 20:13:57
移动存储,闪存卡,渠道市场MicroSD 128GB,人民币,2026-04-07,日低点,139.70,开盘价,139.70,收盘价,139.70,139.7,139.7,139.7,当前价,￥130.00,2026-04-22 18:00,0.00,0.00%,前收盘,￥130.00,日高点,￥130.00,日低点,￥130.00,$17.70,https://www.chinaflashmarket.com/price/flashcard,https://www.chinaflashmarket.com/price/sz/100154,https://www.chinaflashmarket.com/price/sz/100154/1,2026-04-22 20:13:57
移动存储,闪存卡,渠道市场MicroSD 128GB,人民币,2026-04-03,日低点,139.70,开盘价,139.70,收盘价,139.70,139.7,139.7,139.7,当前价,￥130.00,2026-04-22 18:00,0.00,0.00%,前收盘,￥130.00,日高点,￥130.00,日低点,￥130.00,$17.70,https://www.chinaflashmarket.com/price/flashcard,https://www.chinaflashmarket.com/price/sz/100154,https://www.chinaflashmarket.com/price/sz/100154/1,2026-04-22 20:13:57
移动存储,闪存卡,渠道市场MicroSD 128GB,人民币,2026-04-02,日低点,139.70,开盘价,139.70,收盘价,139.70,139.7,139.7,139.7,当前价,￥130.00,2026-04-22 18:00,0.00,0.00%,前收盘,￥130.00,日高点,￥130.00,日低点,￥130.00,$17.70,https://www.chinaflashmarket.com/price/flashcard,https://www.chinaflashmarket.com/price/sz/100154,https://www.chinaflashmarket.com/price/sz/100154/1,2026-04-22 20:13:57
移动存储,闪存卡,渠道市场MicroSD 128GB,人民币,2026-04-01,日低点,139.70,开盘价,139.70,收盘价,139.70,139.7,139.7,139.7,当前价,￥130.00,2026-04-22 18:00,0.00,0.00%,前收盘,￥130.00,日高点,￥130.00,日低点,￥130.00,$17.70,https://www.chinaflashmarket.com/price/flashcard,https://www.chinaflashmarket.com/price/sz/100154,https://www.chinaflashmarket.com/price/sz/100154/1,2026-04-22 20:13:57
移动存储,闪存卡,渠道市场MicroSD 128GB,人民币,2026-03-31,日低点,139.70,开盘价,139.70,收盘价,139.70,139.7,139.7,139.7,当前价,￥130.00,2026-04-22 18:00,0.00,0.00%,前收盘,￥130.00,日高点,￥130.00,日低点,￥130.00,$17.70,https://www.chinaflashmarket.com/price/flashcard,https://www.chinaflashmarket.com/price/sz/100154,https://www.chinaflashmarket.com/price/sz/100154/1,2026-04-22 20:13:57
移动存储,闪存卡,渠道市场MicroSD 128GB,人民币,2026-03-30,日低点,139.70,开盘价,139.70,收盘价,139.70,139.7,139.7,139.7,当前价,￥130.00,2026-04-22 18:00,0.00,0.00%,前收盘,￥130.00,日高点,￥130.00,日低点,￥130.00,$17.70,https://www.chinaflashmarket.com/price/flashcard,https://www.chinaflashmarket.com/price/sz/100154,https://www.chinaflashmarket.com/price/sz/100154/1,2026-04-22 20:13:57
移动存储,闪存卡,渠道市场MicroSD 128GB,人民币,2026-03-27,日低点,139.70,开盘价,139.70,收盘价,139.70,139.7,139.7,139.7,当前价,￥130.00,2026-04-22 18:00,0.00,0.00%,前收盘,￥130.00,日高点,￥130.00,日低点,￥130.00,$17.70,https://www.chinaflashmarket.com/price/flashcard,https://www.chinaflashmarket.com/price/sz/100154,https://www.chinaflashmarket.com/price/sz/100154/1,2026-04-22 20:13:57
移动存储,闪存卡,渠道市场MicroSD 128GB,人民币,2026-03-26,日低点,139.70,开盘价,139.70,收盘价,139.70,139.7,139.7,139.7,当前价,￥130.00,2026-04-22 18:00,0.00,0.00%,前收盘,￥130.00,日高点,￥130.00,日低点,￥130.00,$17.70,https://www.chinaflashmarket.com/price/flashcard,https://www.chinaflashmarket.com/price/sz/100154,https://www.chinaflashmarket.com/price/sz/100154/1,2026-04-22 20:13:57
移动存储,闪存卡,渠道市场MicroSD 128GB,人民币,2026-03-25,日低点,139.70,开盘价,139.70,收盘价,139.70,139.7,139.7,139.7,当前价,￥130.00,2026-04-22 18:00,0.00,0.00%,前收盘,￥130.00,日高点,￥130.00,日低点,￥130.00,$17.70,https://www.chinaflashmarket.com/price/flashcard,https://www.chinaflashmarket.com/price/sz/100154,https://www.chinaflashmarket.com/price/sz/100154/1,2026-04-22 20:13:57
移动存储,闪存卡,渠道市场MicroSD 128GB,人民币,2026-03-24,日低点,139.70,开盘价,139.70,收盘价,139.70,139.7,139.7,139.7,当前价,￥130.00,2026-04-22 18:00,0.00,0.00%,前收盘,￥130.00,日高点,￥130.00,日低点,￥130.00,$17.70,https://www.chinaflashmarket.com/price/flashcard,https://www.chinaflashmarket.com/price/sz/100154,https://www.chinaflashmarket.com/price/sz/100154/1,2026-04-22 20:13:57
移动存储,闪存卡,渠道市场MicroSD 128GB,人民币,2026-03-23,日低点,139.70,开盘价,139.70,收盘价,139.70,139.7,139.7,139.7,当前价,￥130.00,2026-04-22 18:00,0.00,0.00%,前收盘,￥130.00,日高点,￥130.00,日低点,￥130.00,$17.70,https://www.chinaflashmarket.com/price/flashcard,https://www.chinaflashmarket.com/price/sz/100154,https://www.chinaflashmarket.com/price/sz/100154/1,2026-04-22 20:13:57
移动存储,闪存卡,渠道市场MicroSD 128GB,人民币,2026-03-20,日低点,139.70,开盘价,139.70,收盘价,139.70,139.7,139.7,139.7,当前价,￥130.00,2026-04-22 18:00,0.00,0.00%,前收盘,￥130.00,日高点,￥130.00,日低点,￥130.00,$17.70,https://www.chinaflashmarket.com/price/flashcard,https://www.chinaflashmarket.com/price/sz/100154,https://www.chinaflashmarket.com/price/sz/100154/1,2026-04-22 20:13:57
移动存储,闪存卡,渠道市场MicroSD 128GB,人民币,2026-03-19,日低点,132.30,开盘价,132.30,收盘价,132.30,132.3,132.3,132.3,当前价,￥130.00,2026-04-22 18:00,0.00,0.00%,前收盘,￥130.00,日高点,￥130.00,日低点,￥130.00,$17.70,https://www.chinaflashmarket.com/price/flashcard,https://www.chinaflashmarket.com/price/sz/100154,https://www.chinaflashmarket.com/price/sz/100154/1,2026-04-22 20:13:57
移动存储,闪存卡,渠道市场MicroSD 128GB,人民币,2026-03-18,日低点,132.30,开盘价,132.30,收盘价,132.30,132.3,132.3,132.3,当前价,￥130.00,2026-04-22 18:00,0.00,0.00%,前收盘,￥130.00,日高点,￥130.00,日低点,￥130.00,$17.70,https://www.chinaflashmarket.com/price/flashcard,https://www.chinaflashmarket.com/price/sz/100154,https://www.chinaflashmarket.com/price/sz/100154/1,2026-04-22 20:13:57
移动存储,闪存卡,渠道市场MicroSD 128GB,人民币,2026-03-17,日低点,132.30,开盘价,132.30,收盘价,132.30,132.3,132.3,132.3,当前价,￥130.00,2026-04-22 18:00,0.00,0.00%,前收盘,￥130.00,日高点,￥130.00,日低点,￥130.00,$17.70,https://www.chinaflashmarket.com/price/flashcard,https://www.chinaflashmarket.com/price/sz/100154,https://www.chinaflashmarket.com/price/sz/100154/1,2026-04-22 20:13:57
移动存储,闪存卡,渠道市场MicroSD 128GB,人民币,2026-03-16,日低点,132.30,开盘价,132.30,收盘价,132.30,132.3,132.3,132.3,当前价,￥130.00,2026-04-22 18:00,0.00,0.00%,前收盘,￥130.00,日高点,￥130.00,日低点,￥130.00,$17.70,https://www.chinaflashmarket.com/price/flashcard,https://www.chinaflashmarket.com/price/sz/100154,https://www.chinaflashmarket.com/price/sz/100154/1,2026-04-22 20:13:57
移动存储,闪存卡,渠道市场MicroSD 128GB,人民币,2026-03-13,日低点,132.30,开盘价,132.30,收盘价,132.30,132.3,132.3,132.3,当前价,￥130.00,2026-04-22 18:00,0.00,0.00%,前收盘,￥130.00,日高点,￥130.00,日低点,￥130.00,$17.70,https://www.chinaflashmarket.com/price/flashcard,https://www.chinaflashmarket.com/price/sz/100154,https://www.chinaflashmarket.com/price/sz/100154/1,2026-04-22 20:13:57
移动存储,闪存卡,渠道市场MicroSD 128GB,人民币,2026-03-12,日低点,132.30,开盘价,132.30,收盘价,132.30,132.3,132.3,132.3,当前价,￥130.00,2026-04-22 18:00,0.00,0.00%,前收盘,￥130.00,日高点,￥130.00,日低点,￥130.00,$17.70,https://www.chinaflashmarket.com/price/flashcard,https://www.chinaflashmarket.com/price/sz/100154,https://www.chinaflashmarket.com/price/sz/100154/1,2026-04-22 20:13:57
移动存储,闪存卡,渠道市场MicroSD 128GB,人民币,2026-03-11,日低点,132.30,开盘价,132.30,收盘价,132.30,132.3,132.3,132.3,当前价,￥130.00,2026-04-22 18:00,0.00,0.00%,前收盘,￥130.00,日高点,￥130.00,日低点,￥130.00,$17.70,https://www.chinaflashmarket.com/price/flashcard,https://www.chinaflashmarket.com/price/sz/100154,https://www.chinaflashmarket.com/price/sz/100154/1,2026-04-22 20:13:57
移动存储,闪存卡,渠道市场MicroSD 128GB,人民币,2026-03-10,日低点,117.60,开盘价,117.60,收盘价,117.60,117.6,117.6,117.6,当前价,￥130.00,2026-04-22 18:00,0.00,0.00%,前收盘,￥130.00,日高点,￥130.00,日低点,￥130.00,$17.70,https://www.chinaflashmarket.com/price/flashcard,https://www.chinaflashmarket.com/price/sz/100154,https://www.chinaflashmarket.com/price/sz/100154/1,2026-04-22 20:13:57
移动存储,闪存卡,渠道市场MicroSD 128GB,人民币,2026-03-09,日低点,117.60,开盘价,117.60,收盘价,117.60,117.6,117.6,117.6,当前价,￥130.00,2026-04-22 18:00,0.00,0.00%,前收盘,￥130.00,日高点,￥130.00,日低点,￥130.00,$17.70,https://www.chinaflashmarket.com/price/flashcard,https://www.chinaflashmarket.com/price/sz/100154,https://www.chinaflashmarket.com/price/sz/100154/1,2026-04-22 20:13:57
移动存储,闪存卡,渠道市场MicroSD 128GB,人民币,2026-03-06,日低点,106.60,开盘价,106.60,收盘价,106.60,106.6,106.6,106.6,当前价,￥130.00,2026-04-22 18:00,0.00,0.00%,前收盘,￥130.00,日高点,￥130.00,日低点,￥130.00,$17.70,https://www.chinaflashmarket.com/price/flashcard,https://www.chinaflashmarket.com/price/sz/100154,https://www.chinaflashmarket.com/price/sz/100154/1,2026-04-22 20:13:57
移动存储,闪存卡,渠道市场MicroSD 128GB,人民币,2026-03-05,日低点,95.50,开盘价,95.50,收盘价,95.50,95.5,95.5,95.5,当前价,￥130.00,2026-04-22 18:00,0.00,0.00%,前收盘,￥130.00,日高点,￥130.00,日低点,￥130.00,$17.70,https://www.chinaflashmarket.com/price/flashcard,https://www.chinaflashmarket.com/price/sz/100154,https://www.chinaflashmarket.com/price/sz/100154/1,2026-04-22 20:13:57
移动存储,闪存卡,渠道市场MicroSD 128GB,人民币,2026-03-04,日低点,95.50,开盘价,95.50,收盘价,95.50,95.5,95.5,95.5,当前价,￥130.00,2026-04-22 18:00,0.00,0.00%,前收盘,￥130.00,日高点,￥130.00,日低点,￥130.00,$17.70,https://www.chinaflashmarket.com/price/flashcard,https://www.chinaflashmarket.com/price/sz/100154,https://www.chinaflashmarket.com/price/sz/100154/1,2026-04-22 20:13:57
移动存储,闪存卡,渠道市场MicroSD 128GB,人民币,2026-03-03,日低点,95.50,开盘价,95.50,收盘价,95.50,95.5,95.5,95.5,当前价,￥130.00,2026-04-22 18:00,0.00,0.00%,前收盘,￥130.00,日高点,￥130.00,日低点,￥130.00,$17.70,https://www.chinaflashmarket.com/price/flashcard,https://www.chinaflashmarket.com/price/sz/100154,https://www.chinaflashmarket.com/price/sz/100154/1,2026-04-22 20:13:57
移动存储,闪存卡,渠道市场MicroSD 128GB,人民币,2026-03-02,日低点,95.50,开盘价,95.50,收盘价,95.50,95.5,95.5,95.5,当前价,￥130.00,2026-04-22 18:00,0.00,0.00%,前收盘,￥130.00,日高点,￥130.00,日低点,￥130.00,$17.70,https://www.chinaflashmarket.com/price/flashcard,https://www.chinaflashmarket.com/price/sz/100154,https://www.chinaflashmarket.com/price/sz/100154/1,2026-04-22 20:13:57
移动存储,闪存卡,渠道市场MicroSD 128GB,人民币,2026-02-28,日低点,95.50,开盘价,95.50,收盘价,95.50,95.5,95.5,95.5,当前价,￥130.00,2026-04-22 18:00,0.00,0.00%,前收盘,￥130.00,日高点,￥130.00,日低点,￥130.00,$17.70,https://www.chinaflashmarket.com/price/flashcard,https://www.chinaflashmarket.com/price/sz/100154,https://www.chinaflashmarket.com/price/sz/100154/1,2026-04-22 20:13:57
移动存储,闪存卡,渠道市场MicroSD 128GB,人民币,2026-02-27,日低点,95.50,开盘价,95.50,收盘价,95.50,95.5,95.5,95.5,当前价,￥130.00,2026-04-22 18:00,0.00,0.00%,前收盘,￥130.00,日高点,￥130.00,日低点,￥130.00,$17.70,https://www.chinaflashmarket.com/price/flashcard,https://www.chinaflashmarket.com/price/sz/100154,https://www.chinaflashmarket.com/price/sz/100154/1,2026-04-22 20:13:57
移动存储,闪存卡,渠道市场MicroSD 128GB,人民币,2026-02-26,日低点,95.50,开盘价,95.50,收盘价,95.50,95.5,95.5,95.5,当前价,￥130.00,2026-04-22 18:00,0.00,0.00%,前收盘,￥130.00,日高点,￥130.00,日低点,￥130.00,$17.70,https://www.chinaflashmarket.com/price/flashcard,https://www.chinaflashmarket.com/price/sz/100154,https://www.chinaflashmarket.com/price/sz/100154/1,2026-04-22 20:13:57
移动存储,闪存卡,渠道市场MicroSD 128GB,人民币,2026-02-25,日低点,95.50,开盘价,95.50,收盘价,95.50,95.5,95.5,95.5,当前价,￥130.00,2026-04-22 18:00,0.00,0.00%,前收盘,￥130.00,日高点,￥130.00,日低点,￥130.00,$17.70,https://www.chinaflashmarket.com/price/flashcard,https://www.chinaflashmarket.com/price/sz/100154,https://www.chinaflashmarket.com/price/sz/100154/1,2026-04-22 20:13:57
移动存储,闪存卡,渠道市场MicroSD 128GB,人民币,2026-02-24,日低点,95.50,开盘价,95.50,收盘价,95.50,95.5,95.5,95.5,当前价,￥130.00,2026-04-22 18:00,0.00,0.00%,前收盘,￥130.00,日高点,￥130.00,日低点,￥130.00,$17.70,https://www.chinaflashmarket.com/price/flashcard,https://www.chinaflashmarket.com/price/sz/100154,https://www.chinaflashmarket.com/price/sz/100154/1,2026-04-22 20:13:57
移动存储,闪存卡,渠道市场MicroSD 128GB,人民币,2026-02-14,日低点,95.50,开盘价,95.50,收盘价,95.50,95.5,95.5,95.5,当前价,￥130.00,2026-04-22 18:00,0.00,0.00%,前收盘,￥130.00,日高点,￥130.00,日低点,￥130.00,$17.70,https://www.chinaflashmarket.com/price/flashcard,https://www.chinaflashmarket.com/price/sz/100154,https://www.chinaflashmarket.com/price/sz/100154/1,2026-04-22 20:13:57
移动存储,闪存卡,渠道市场MicroSD 128GB,人民币,2026-02-13,日低点,95.50,开盘价,95.50,收盘价,95.50,95.5,95.5,95.5,当前价,￥130.00,2026-04-22 18:00,0.00,0.00%,前收盘,￥130.00,日高点,￥130.00,日低点,￥130.00,$17.70,https://www.chinaflashmarket.com/price/flashcard,https://www.chinaflashmarket.com/price/sz/100154,https://www.chinaflashmarket.com/price/sz/100154/1,2026-04-22 20:13:57
移动存储,闪存卡,渠道市场MicroSD 128GB,人民币,2026-02-12,日低点,95.50,开盘价,95.50,收盘价,95.50,95.5,95.5,95.5,当前价,￥130.00,2026-04-22 18:00,0.00,0.00%,前收盘,￥130.00,日高点,￥130.00,日低点,￥130.00,$17.70,https://www.chinaflashmarket.com/price/flashcard,https://www.chinaflashmarket.com/price/sz/100154,https://www.chinaflashmarket.com/price/sz/100154/1,2026-04-22 20:13:57
移动存储,闪存卡,渠道市场MicroSD 128GB,人民币,2026-02-11,日低点,95.50,开盘价,95.50,收盘价,95.50,95.5,95.5,95.5,当前价,￥130.00,2026-04-22 18:00,0.00,0.00%,前收盘,￥130.00,日高点,￥130.00,日低点,￥130.00,$17.70,https://www.chinaflashmarket.com/price/flashcard,https://www.chinaflashmarket.com/price/sz/100154,https://www.chinaflashmarket.com/price/sz/100154/1,2026-04-22 20:13:57
移动存储,闪存卡,渠道市场MicroSD 128GB,人民币,2026-02-10,日低点,95.50,开盘价,95.50,收盘价,95.50,95.5,95.5,95.5,当前价,￥130.00,2026-04-22 18:00,0.00,0.00%,前收盘,￥130.00,日高点,￥130.00,日低点,￥130.00,$17.70,https://www.chinaflashmarket.com/price/flashcard,https://www.chinaflashmarket.com/price/sz/100154,https://www.chinaflashmarket.com/price/sz/100154/1,2026-04-22 20:13:57
移动存储,闪存卡,渠道市场MicroSD 128GB,人民币,2026-02-09,日低点,95.50,开盘价,95.50,收盘价,95.50,95.5,95.5,95.5,当前价,￥130.00,2026-04-22 18:00,0.00,0.00%,前收盘,￥130.00,日高点,￥130.00,日低点,￥130.00,$17.70,https://www.chinaflashmarket.com/price/flashcard,https://www.chinaflashmarket.com/price/sz/100154,https://www.chinaflashmarket.com/price/sz/100154/1,2026-04-22 20:13:57
移动存储,闪存卡,渠道市场MicroSD 128GB,人民币,2026-02-06,日低点,95.50,开盘价,95.50,收盘价,95.50,95.5,95.5,95.5,当前价,￥130.00,2026-04-22 18:00,0.00,0.00%,前收盘,￥130.00,日高点,￥130.00,日低点,￥130.00,$17.70,https://www.chinaflashmarket.com/price/flashcard,https://www.chinaflashmarket.com/price/sz/100154,https://www.chinaflashmarket.com/price/sz/100154/1,2026-04-22 20:13:57
移动存储,闪存卡,渠道市场MicroSD 128GB,人民币,2026-02-05,日低点,95.50,开盘价,95.50,收盘价,95.50,95.5,95.5,95.5,当前价,￥130.00,2026-04-22 18:00,0.00,0.00%,前收盘,￥130.00,日高点,￥130.00,日低点,￥130.00,$17.70,https://www.chinaflashmarket.com/price/flashcard,https://www.chinaflashmarket.com/price/sz/100154,https://www.chinaflashmarket.com/price/sz/100154/1,2026-04-22 20:13:57
移动存储,闪存卡,渠道市场MicroSD 128GB,人民币,2026-02-04,日低点,95.50,开盘价,95.50,收盘价,95.50,95.5,95.5,95.5,当前价,￥130.00,2026-04-22 18:00,0.00,0.00%,前收盘,￥130.00,日高点,￥130.00,日低点,￥130.00,$17.70,https://www.chinaflashmarket.com/price/flashcard,https://www.chinaflashmarket.com/price/sz/100154,https://www.chinaflashmarket.com/price/sz/100154/1,2026-04-22 20:13:57
移动存储,闪存卡,渠道市场MicroSD 128GB,人民币,2026-02-03,日低点,95.50,开盘价,95.50,收盘价,95.50,95.5,95.5,95.5,当前价,￥130.00,2026-04-22 18:00,0.00,0.00%,前收盘,￥130.00,日高点,￥130.00,日低点,￥130.00,$17.70,https://www.chinaflashmarket.com/price/flashcard,https://www.chinaflashmarket.com/price/sz/100154,https://www.chinaflashmarket.com/price/sz/100154/1,2026-04-22 20:13:57
移动存储,闪存卡,渠道市场MicroSD 128GB,人民币,2026-02-02,日低点,95.50,开盘价,95.50,收盘价,95.50,95.5,95.5,95.5,当前价,￥130.00,2026-04-22 18:00,0.00,0.00%,前收盘,￥130.00,日高点,￥130.00,日低点,￥130.00,$17.70,https://www.chinaflashmarket.com/price/flashcard,https://www.chinaflashmarket.com/price/sz/100154,https://www.chinaflashmarket.com/price/sz/100154/1,2026-04-22 20:13:57
移动存储,闪存卡,渠道市场MicroSD 128GB,人民币,2026-01-30,日低点,95.50,开盘价,95.50,收盘价,95.50,95.5,95.5,95.5,当前价,￥130.00,2026-04-22 18:00,0.00,0.00%,前收盘,￥130.00,日高点,￥130.00,日低点,￥130.00,$17.70,https://www.chinaflashmarket.com/price/flashcard,https://www.chinaflashmarket.com/price/sz/100154,https://www.chinaflashmarket.com/price/sz/100154/1,2026-04-22 20:13:57
移动存储,闪存卡,渠道市场MicroSD 128GB,人民币,2026-01-29,日低点,95.50,开盘价,95.50,收盘价,95.50,95.5,95.5,95.5,当前价,￥130.00,2026-04-22 18:00,0.00,0.00%,前收盘,￥130.00,日高点,￥130.00,日低点,￥130.00,$17.70,https://www.chinaflashmarket.com/price/flashcard,https://www.chinaflashmarket.com/price/sz/100154,https://www.chinaflashmarket.com/price/sz/100154/1,2026-04-22 20:13:57
移动存储,闪存卡,渠道市场MicroSD 128GB,人民币,2026-01-28,日低点,91.50,开盘价,91.50,收盘价,95.50,91.5,91.5,95.5,当前价,￥130.00,2026-04-22 18:00,0.00,0.00%,前收盘,￥130.00,日高点,￥130.00,日低点,￥130.00,$17.70,https://www.chinaflashmarket.com/price/flashcard,https://www.chinaflashmarket.com/price/sz/100154,https://www.chinaflashmarket.com/price/sz/100154/1,2026-04-22 20:13:57
移动存储,闪存卡,渠道市场MicroSD 128GB,人民币,2026-01-27,日低点,91.50,开盘价,91.50,收盘价,91.50,91.5,91.5,91.5,当前价,￥130.00,2026-04-22 18:00,0.00,0.00%,前收盘,￥130.00,日高点,￥130.00,日低点,￥130.00,$17.70,https://www.chinaflashmarket.com/price/flashcard,https://www.chinaflashmarket.com/price/sz/100154,https://www.chinaflashmarket.com/price/sz/100154/1,2026-04-22 20:13:57
移动存储,闪存卡,渠道市场MicroSD 128GB,人民币,2026-01-26,日低点,91.50,开盘价,91.50,收盘价,91.50,91.5,91.5,91.5,当前价,￥130.00,2026-04-22 18:00,0.00,0.00%,前收盘,￥130.00,日高点,￥130.00,日低点,￥130.00,$17.70,https://www.chinaflashmarket.com/price/flashcard,https://www.chinaflashmarket.com/price/sz/100154,https://www.chinaflashmarket.com/price/sz/100154/1,2026-04-22 20:13:57
移动存储,闪存卡,渠道市场MicroSD 128GB,人民币,2026-01-23,日低点,91.50,开盘价,91.50,收盘价,91.50,91.5,91.5,91.5,当前价,￥130.00,2026-04-22 18:00,0.00,0.00%,前收盘,￥130.00,日高点,￥130.00,日低点,￥130.00,$17.70,https://www.chinaflashmarket.com/price/flashcard,https://www.chinaflashmarket.com/price/sz/100154,https://www.chinaflashmarket.com/price/sz/100154/1,2026-04-22 20:13:57
移动存储,闪存卡,渠道市场MicroSD 128GB,人民币,2026-01-22,日低点,91.50,开盘价,91.50,收盘价,91.50,91.5,91.5,91.5,当前价,￥130.00,2026-04-22 18:00,0.00,0.00%,前收盘,￥130.00,日高点,￥130.00,日低点,￥130.00,$17.70,https://www.chinaflashmarket.com/price/flashcard,https://www.chinaflashmarket.com/price/sz/100154,https://www.chinaflashmarket.com/price/sz/100154/1,2026-04-22 20:13:57
移动存储,闪存卡,渠道市场MicroSD 256GB,人民币,2026-04-21,日低点,287.00,开盘价,287.00,收盘价,287.00,287.0,287.0,287.0,当前价,￥287.00,2026-04-22 18:00,0.00,0.00%,前收盘,￥287.00,日高点,￥287.00,日低点,￥287.00,$39.00,https://www.chinaflashmarket.com/price/flashcard,https://www.chinaflashmarket.com/price/sz/100272,https://www.chinaflashmarket.com/price/sz/100272/1,2026-04-22 20:13:57
移动存储,闪存卡,渠道市场MicroSD 256GB,人民币,2026-04-20,日低点,287.00,开盘价,287.00,收盘价,287.00,287.0,287.0,287.0,当前价,￥287.00,2026-04-22 18:00,0.00,0.00%,前收盘,￥287.00,日高点,￥287.00,日低点,￥287.00,$39.00,https://www.chinaflashmarket.com/price/flashcard,https://www.chinaflashmarket.com/price/sz/100272,https://www.chinaflashmarket.com/price/sz/100272/1,2026-04-22 20:13:57
移动存储,闪存卡,渠道市场MicroSD 256GB,人民币,2026-04-17,日低点,287.00,开盘价,287.00,收盘价,287.00,287.0,287.0,287.0,当前价,￥287.00,2026-04-22 18:00,0.00,0.00%,前收盘,￥287.00,日高点,￥287.00,日低点,￥287.00,$39.00,https://www.chinaflashmarket.com/price/flashcard,https://www.chinaflashmarket.com/price/sz/100272,https://www.chinaflashmarket.com/price/sz/100272/1,2026-04-22 20:13:57
移动存储,闪存卡,渠道市场MicroSD 256GB,人民币,2026-04-16,日低点,287.00,开盘价,287.00,收盘价,287.00,287.0,287.0,287.0,当前价,￥287.00,2026-04-22 18:00,0.00,0.00%,前收盘,￥287.00,日高点,￥287.00,日低点,￥287.00,$39.00,https://www.chinaflashmarket.com/price/flashcard,https://www.chinaflashmarket.com/price/sz/100272,https://www.chinaflashmarket.com/price/sz/100272/1,2026-04-22 20:13:57
移动存储,闪存卡,渠道市场MicroSD 256GB,人民币,2026-04-15,日低点,287.00,开盘价,287.00,收盘价,287.00,287.0,287.0,287.0,当前价,￥287.00,2026-04-22 18:00,0.00,0.00%,前收盘,￥287.00,日高点,￥287.00,日低点,￥287.00,$39.00,https://www.chinaflashmarket.com/price/flashcard,https://www.chinaflashmarket.com/price/sz/100272,https://www.chinaflashmarket.com/price/sz/100272/1,2026-04-22 20:13:57
移动存储,闪存卡,渠道市场MicroSD 256GB,人民币,2026-04-14,日低点,287.00,开盘价,294.00,收盘价,287.00,287.0,294.0,287.0,当前价,￥287.00,2026-04-22 18:00,0.00,0.00%,前收盘,￥287.00,日高点,￥287.00,日低点,￥287.00,$39.00,https://www.chinaflashmarket.com/price/flashcard,https://www.chinaflashmarket.com/price/sz/100272,https://www.chinaflashmarket.com/price/sz/100272/1,2026-04-22 20:13:57
移动存储,闪存卡,渠道市场MicroSD 256GB,人民币,2026-04-13,日低点,294.00,开盘价,294.00,收盘价,294.00,294.0,294.0,294.0,当前价,￥287.00,2026-04-22 18:00,0.00,0.00%,前收盘,￥287.00,日高点,￥287.00,日低点,￥287.00,$39.00,https://www.chinaflashmarket.com/price/flashcard,https://www.chinaflashmarket.com/price/sz/100272,https://www.chinaflashmarket.com/price/sz/100272/1,2026-04-22 20:13:57
移动存储,闪存卡,渠道市场MicroSD 256GB,人民币,2026-04-10,日低点,294.00,开盘价,294.00,收盘价,294.00,294.0,294.0,294.0,当前价,￥287.00,2026-04-22 18:00,0.00,0.00%,前收盘,￥287.00,日高点,￥287.00,日低点,￥287.00,$39.00,https://www.chinaflashmarket.com/price/flashcard,https://www.chinaflashmarket.com/price/sz/100272,https://www.chinaflashmarket.com/price/sz/100272/1,2026-04-22 20:13:57
移动存储,闪存卡,渠道市场MicroSD 256GB,人民币,2026-04-09,日低点,301.40,开盘价,301.40,收盘价,301.40,301.4,301.4,301.4,当前价,￥287.00,2026-04-22 18:00,0.00,0.00%,前收盘,￥287.00,日高点,￥287.00,日低点,￥287.00,$39.00,https://www.chinaflashmarket.com/price/flashcard,https://www.chinaflashmarket.com/price/sz/100272,https://www.chinaflashmarket.com/price/sz/100272/1,2026-04-22 20:13:57
移动存储,闪存卡,渠道市场MicroSD 256GB,人民币,2026-04-08,日低点,301.40,开盘价,301.40,收盘价,301.40,301.4,301.4,301.4,当前价,￥287.00,2026-04-22 18:00,0.00,0.00%,前收盘,￥287.00,日高点,￥287.00,日低点,￥287.00,$39.00,https://www.chinaflashmarket.com/price/flashcard,https://www.chinaflashmarket.com/price/sz/100272,https://www.chinaflashmarket.com/price/sz/100272/1,2026-04-22 20:13:57
移动存储,闪存卡,渠道市场MicroSD 256GB,人民币,2026-04-07,日低点,308.70,开盘价,308.70,收盘价,308.70,308.7,308.7,308.7,当前价,￥287.00,2026-04-22 18:00,0.00,0.00%,前收盘,￥287.00,日高点,￥287.00,日低点,￥287.00,$39.00,https://www.chinaflashmarket.com/price/flashcard,https://www.chinaflashmarket.com/price/sz/100272,https://www.chinaflashmarket.com/price/sz/100272/1,2026-04-22 20:13:57
移动存储,闪存卡,渠道市场MicroSD 256GB,人民币,2026-04-03,日低点,308.70,开盘价,308.70,收盘价,308.70,308.7,308.7,308.7,当前价,￥287.00,2026-04-22 18:00,0.00,0.00%,前收盘,￥287.00,日高点,￥287.00,日低点,￥287.00,$39.00,https://www.chinaflashmarket.com/price/flashcard,https://www.chinaflashmarket.com/price/sz/100272,https://www.chinaflashmarket.com/price/sz/100272/1,2026-04-22 20:13:57
移动存储,闪存卡,渠道市场MicroSD 256GB,人民币,2026-04-02,日低点,308.70,开盘价,308.70,收盘价,308.70,308.7,308.7,308.7,当前价,￥287.00,2026-04-22 18:00,0.00,0.00%,前收盘,￥287.00,日高点,￥287.00,日低点,￥287.00,$39.00,https://www.chinaflashmarket.com/price/flashcard,https://www.chinaflashmarket.com/price/sz/100272,https://www.chinaflashmarket.com/price/sz/100272/1,2026-04-22 20:13:57
移动存储,闪存卡,渠道市场MicroSD 256GB,人民币,2026-04-01,日低点,308.70,开盘价,308.70,收盘价,308.70,308.7,308.7,308.7,当前价,￥287.00,2026-04-22 18:00,0.00,0.00%,前收盘,￥287.00,日高点,￥287.00,日低点,￥287.00,$39.00,https://www.chinaflashmarket.com/price/flashcard,https://www.chinaflashmarket.com/price/sz/100272,https://www.chinaflashmarket.com/price/sz/100272/1,2026-04-22 20:13:57
移动存储,闪存卡,渠道市场MicroSD 256GB,人民币,2026-03-31,日低点,308.70,开盘价,308.70,收盘价,308.70,308.7,308.7,308.7,当前价,￥287.00,2026-04-22 18:00,0.00,0.00%,前收盘,￥287.00,日高点,￥287.00,日低点,￥287.00,$39.00,https://www.chinaflashmarket.com/price/flashcard,https://www.chinaflashmarket.com/price/sz/100272,https://www.chinaflashmarket.com/price/sz/100272/1,2026-04-22 20:13:57
移动存储,闪存卡,渠道市场MicroSD 256GB,人民币,2026-03-30,日低点,308.70,开盘价,308.70,收盘价,308.70,308.7,308.7,308.7,当前价,￥287.00,2026-04-22 18:00,0.00,0.00%,前收盘,￥287.00,日高点,￥287.00,日低点,￥287.00,$39.00,https://www.chinaflashmarket.com/price/flashcard,https://www.chinaflashmarket.com/price/sz/100272,https://www.chinaflashmarket.com/price/sz/100272/1,2026-04-22 20:13:57
移动存储,闪存卡,渠道市场MicroSD 256GB,人民币,2026-03-27,日低点,308.70,开盘价,308.70,收盘价,308.70,308.7,308.7,308.7,当前价,￥287.00,2026-04-22 18:00,0.00,0.00%,前收盘,￥287.00,日高点,￥287.00,日低点,￥287.00,$39.00,https://www.chinaflashmarket.com/price/flashcard,https://www.chinaflashmarket.com/price/sz/100272,https://www.chinaflashmarket.com/price/sz/100272/1,2026-04-22 20:13:57
移动存储,闪存卡,渠道市场MicroSD 256GB,人民币,2026-03-26,日低点,308.70,开盘价,308.70,收盘价,308.70,308.7,308.7,308.7,当前价,￥287.00,2026-04-22 18:00,0.00,0.00%,前收盘,￥287.00,日高点,￥287.00,日低点,￥287.00,$39.00,https://www.chinaflashmarket.com/price/flashcard,https://www.chinaflashmarket.com/price/sz/100272,https://www.chinaflashmarket.com/price/sz/100272/1,2026-04-22 20:13:57
移动存储,闪存卡,渠道市场MicroSD 256GB,人民币,2026-03-25,日低点,308.70,开盘价,308.70,收盘价,308.70,308.7,308.7,308.7,当前价,￥287.00,2026-04-22 18:00,0.00,0.00%,前收盘,￥287.00,日高点,￥287.00,日低点,￥287.00,$39.00,https://www.chinaflashmarket.com/price/flashcard,https://www.chinaflashmarket.com/price/sz/100272,https://www.chinaflashmarket.com/price/sz/100272/1,2026-04-22 20:13:57
移动存储,闪存卡,渠道市场MicroSD 256GB,人民币,2026-03-24,日低点,308.70,开盘价,308.70,收盘价,308.70,308.7,308.7,308.7,当前价,￥287.00,2026-04-22 18:00,0.00,0.00%,前收盘,￥287.00,日高点,￥287.00,日低点,￥287.00,$39.00,https://www.chinaflashmarket.com/price/flashcard,https://www.chinaflashmarket.com/price/sz/100272,https://www.chinaflashmarket.com/price/sz/100272/1,2026-04-22 20:13:57
移动存储,闪存卡,渠道市场MicroSD 256GB,人民币,2026-03-23,日低点,308.70,开盘价,308.70,收盘价,308.70,308.7,308.7,308.7,当前价,￥287.00,2026-04-22 18:00,0.00,0.00%,前收盘,￥287.00,日高点,￥287.00,日低点,￥287.00,$39.00,https://www.chinaflashmarket.com/price/flashcard,https://www.chinaflashmarket.com/price/sz/100272,https://www.chinaflashmarket.com/price/sz/100272/1,2026-04-22 20:13:57
移动存储,闪存卡,渠道市场MicroSD 256GB,人民币,2026-03-20,日低点,308.70,开盘价,308.70,收盘价,308.70,308.7,308.7,308.7,当前价,￥287.00,2026-04-22 18:00,0.00,0.00%,前收盘,￥287.00,日高点,￥287.00,日低点,￥287.00,$39.00,https://www.chinaflashmarket.com/price/flashcard,https://www.chinaflashmarket.com/price/sz/100272,https://www.chinaflashmarket.com/price/sz/100272/1,2026-04-22 20:13:57
移动存储,闪存卡,渠道市场MicroSD 256GB,人民币,2026-03-19,日低点,297.70,开盘价,297.70,收盘价,297.70,297.7,297.7,297.7,当前价,￥287.00,2026-04-22 18:00,0.00,0.00%,前收盘,￥287.00,日高点,￥287.00,日低点,￥287.00,$39.00,https://www.chinaflashmarket.com/price/flashcard,https://www.chinaflashmarket.com/price/sz/100272,https://www.chinaflashmarket.com/price/sz/100272/1,2026-04-22 20:13:57
移动存储,闪存卡,渠道市场MicroSD 256GB,人民币,2026-03-18,日低点,297.70,开盘价,297.70,收盘价,297.70,297.7,297.7,297.7,当前价,￥287.00,2026-04-22 18:00,0.00,0.00%,前收盘,￥287.00,日高点,￥287.00,日低点,￥287.00,$39.00,https://www.chinaflashmarket.com/price/flashcard,https://www.chinaflashmarket.com/price/sz/100272,https://www.chinaflashmarket.com/price/sz/100272/1,2026-04-22 20:13:57
移动存储,闪存卡,渠道市场MicroSD 256GB,人民币,2026-03-17,日低点,297.70,开盘价,297.70,收盘价,297.70,297.7,297.7,297.7,当前价,￥287.00,2026-04-22 18:00,0.00,0.00%,前收盘,￥287.00,日高点,￥287.00,日低点,￥287.00,$39.00,https://www.chinaflashmarket.com/price/flashcard,https://www.chinaflashmarket.com/price/sz/100272,https://www.chinaflashmarket.com/price/sz/100272/1,2026-04-22 20:13:57
移动存储,闪存卡,渠道市场MicroSD 256GB,人民币,2026-03-16,日低点,297.70,开盘价,297.70,收盘价,297.70,297.7,297.7,297.7,当前价,￥287.00,2026-04-22 18:00,0.00,0.00%,前收盘,￥287.00,日高点,￥287.00,日低点,￥287.00,$39.00,https://www.chinaflashmarket.com/price/flashcard,https://www.chinaflashmarket.com/price/sz/100272,https://www.chinaflashmarket.com/price/sz/100272/1,2026-04-22 20:13:57
移动存储,闪存卡,渠道市场MicroSD 256GB,人民币,2026-03-13,日低点,297.70,开盘价,297.70,收盘价,297.70,297.7,297.7,297.7,当前价,￥287.00,2026-04-22 18:00,0.00,0.00%,前收盘,￥287.00,日高点,￥287.00,日低点,￥287.00,$39.00,https://www.chinaflashmarket.com/price/flashcard,https://www.chinaflashmarket.com/price/sz/100272,https://www.chinaflashmarket.com/price/sz/100272/1,2026-04-22 20:13:57
移动存储,闪存卡,渠道市场MicroSD 256GB,人民币,2026-03-12,日低点,297.70,开盘价,297.70,收盘价,297.70,297.7,297.7,297.7,当前价,￥287.00,2026-04-22 18:00,0.00,0.00%,前收盘,￥287.00,日高点,￥287.00,日低点,￥287.00,$39.00,https://www.chinaflashmarket.com/price/flashcard,https://www.chinaflashmarket.com/price/sz/100272,https://www.chinaflashmarket.com/price/sz/100272/1,2026-04-22 20:13:57
移动存储,闪存卡,渠道市场MicroSD 256GB,人民币,2026-03-11,日低点,297.70,开盘价,297.70,收盘价,297.70,297.7,297.7,297.7,当前价,￥287.00,2026-04-22 18:00,0.00,0.00%,前收盘,￥287.00,日高点,￥287.00,日低点,￥287.00,$39.00,https://www.chinaflashmarket.com/price/flashcard,https://www.chinaflashmarket.com/price/sz/100272,https://www.chinaflashmarket.com/price/sz/100272/1,2026-04-22 20:13:57
移动存储,闪存卡,渠道市场MicroSD 256GB,人民币,2026-03-10,日低点,287.00,开盘价,287.00,收盘价,287.00,287.0,287.0,287.0,当前价,￥287.00,2026-04-22 18:00,0.00,0.00%,前收盘,￥287.00,日高点,￥287.00,日低点,￥287.00,$39.00,https://www.chinaflashmarket.com/price/flashcard,https://www.chinaflashmarket.com/price/sz/100272,https://www.chinaflashmarket.com/price/sz/100272/1,2026-04-22 20:13:57
移动存储,闪存卡,渠道市场MicroSD 256GB,人民币,2026-03-09,日低点,287.00,开盘价,287.00,收盘价,287.00,287.0,287.0,287.0,当前价,￥287.00,2026-04-22 18:00,0.00,0.00%,前收盘,￥287.00,日高点,￥287.00,日低点,￥287.00,$39.00,https://www.chinaflashmarket.com/price/flashcard,https://www.chinaflashmarket.com/price/sz/100272,https://www.chinaflashmarket.com/price/sz/100272/1,2026-04-22 20:13:57
移动存储,闪存卡,渠道市场MicroSD 256GB,人民币,2026-03-06,日低点,287.00,开盘价,287.00,收盘价,287.00,287.0,287.0,287.0,当前价,￥287.00,2026-04-22 18:00,0.00,0.00%,前收盘,￥287.00,日高点,￥287.00,日低点,￥287.00,$39.00,https://www.chinaflashmarket.com/price/flashcard,https://www.chinaflashmarket.com/price/sz/100272,https://www.chinaflashmarket.com/price/sz/100272/1,2026-04-22 20:13:57
移动存储,闪存卡,渠道市场MicroSD 256GB,人民币,2026-03-05,日低点,281.70,开盘价,281.70,收盘价,281.70,281.7,281.7,281.7,当前价,￥287.00,2026-04-22 18:00,0.00,0.00%,前收盘,￥287.00,日高点,￥287.00,日低点,￥287.00,$39.00,https://www.chinaflashmarket.com/price/flashcard,https://www.chinaflashmarket.com/price/sz/100272,https://www.chinaflashmarket.com/price/sz/100272/1,2026-04-22 20:13:57
移动存储,闪存卡,渠道市场MicroSD 256GB,人民币,2026-03-04,日低点,281.70,开盘价,281.70,收盘价,281.70,281.7,281.7,281.7,当前价,￥287.00,2026-04-22 18:00,0.00,0.00%,前收盘,￥287.00,日高点,￥287.00,日低点,￥287.00,$39.00,https://www.chinaflashmarket.com/price/flashcard,https://www.chinaflashmarket.com/price/sz/100272,https://www.chinaflashmarket.com/price/sz/100272/1,2026-04-22 20:13:57
移动存储,闪存卡,渠道市场MicroSD 256GB,人民币,2026-03-03,日低点,281.70,开盘价,281.70,收盘价,281.70,281.7,281.7,281.7,当前价,￥287.00,2026-04-22 18:00,0.00,0.00%,前收盘,￥287.00,日高点,￥287.00,日低点,￥287.00,$39.00,https://www.chinaflashmarket.com/price/flashcard,https://www.chinaflashmarket.com/price/sz/100272,https://www.chinaflashmarket.com/price/sz/100272/1,2026-04-22 20:13:57
移动存储,闪存卡,渠道市场MicroSD 256GB,人民币,2026-03-02,日低点,281.70,开盘价,281.70,收盘价,281.70,281.7,281.7,281.7,当前价,￥287.00,2026-04-22 18:00,0.00,0.00%,前收盘,￥287.00,日高点,￥287.00,日低点,￥287.00,$39.00,https://www.chinaflashmarket.com/price/flashcard,https://www.chinaflashmarket.com/price/sz/100272,https://www.chinaflashmarket.com/price/sz/100272/1,2026-04-22 20:13:57
移动存储,闪存卡,渠道市场MicroSD 256GB,人民币,2026-02-28,日低点,281.70,开盘价,281.70,收盘价,281.70,281.7,281.7,281.7,当前价,￥287.00,2026-04-22 18:00,0.00,0.00%,前收盘,￥287.00,日高点,￥287.00,日低点,￥287.00,$39.00,https://www.chinaflashmarket.com/price/flashcard,https://www.chinaflashmarket.com/price/sz/100272,https://www.chinaflashmarket.com/price/sz/100272/1,2026-04-22 20:13:57
移动存储,闪存卡,渠道市场MicroSD 256GB,人民币,2026-02-27,日低点,281.70,开盘价,281.70,收盘价,281.70,281.7,281.7,281.7,当前价,￥287.00,2026-04-22 18:00,0.00,0.00%,前收盘,￥287.00,日高点,￥287.00,日低点,￥287.00,$39.00,https://www.chinaflashmarket.com/price/flashcard,https://www.chinaflashmarket.com/price/sz/100272,https://www.chinaflashmarket.com/price/sz/100272/1,2026-04-22 20:13:57
移动存储,闪存卡,渠道市场MicroSD 256GB,人民币,2026-02-26,日低点,281.70,开盘价,281.70,收盘价,281.70,281.7,281.7,281.7,当前价,￥287.00,2026-04-22 18:00,0.00,0.00%,前收盘,￥287.00,日高点,￥287.00,日低点,￥287.00,$39.00,https://www.chinaflashmarket.com/price/flashcard,https://www.chinaflashmarket.com/price/sz/100272,https://www.chinaflashmarket.com/price/sz/100272/1,2026-04-22 20:13:57
移动存储,闪存卡,渠道市场MicroSD 256GB,人民币,2026-02-25,日低点,281.70,开盘价,281.70,收盘价,281.70,281.7,281.7,281.7,当前价,￥287.00,2026-04-22 18:00,0.00,0.00%,前收盘,￥287.00,日高点,￥287.00,日低点,￥287.00,$39.00,https://www.chinaflashmarket.com/price/flashcard,https://www.chinaflashmarket.com/price/sz/100272,https://www.chinaflashmarket.com/price/sz/100272/1,2026-04-22 20:13:57
移动存储,闪存卡,渠道市场MicroSD 256GB,人民币,2026-02-24,日低点,281.70,开盘价,281.70,收盘价,281.70,281.7,281.7,281.7,当前价,￥287.00,2026-04-22 18:00,0.00,0.00%,前收盘,￥287.00,日高点,￥287.00,日低点,￥287.00,$39.00,https://www.chinaflashmarket.com/price/flashcard,https://www.chinaflashmarket.com/price/sz/100272,https://www.chinaflashmarket.com/price/sz/100272/1,2026-04-22 20:13:57
移动存储,闪存卡,渠道市场MicroSD 256GB,人民币,2026-02-14,日低点,281.70,开盘价,281.70,收盘价,281.70,281.7,281.7,281.7,当前价,￥287.00,2026-04-22 18:00,0.00,0.00%,前收盘,￥287.00,日高点,￥287.00,日低点,￥287.00,$39.00,https://www.chinaflashmarket.com/price/flashcard,https://www.chinaflashmarket.com/price/sz/100272,https://www.chinaflashmarket.com/price/sz/100272/1,2026-04-22 20:13:57
移动存储,闪存卡,渠道市场MicroSD 256GB,人民币,2026-02-13,日低点,281.70,开盘价,281.70,收盘价,281.70,281.7,281.7,281.7,当前价,￥287.00,2026-04-22 18:00,0.00,0.00%,前收盘,￥287.00,日高点,￥287.00,日低点,￥287.00,$39.00,https://www.chinaflashmarket.com/price/flashcard,https://www.chinaflashmarket.com/price/sz/100272,https://www.chinaflashmarket.com/price/sz/100272/1,2026-04-22 20:13:57
移动存储,闪存卡,渠道市场MicroSD 256GB,人民币,2026-02-12,日低点,281.70,开盘价,281.70,收盘价,281.70,281.7,281.7,281.7,当前价,￥287.00,2026-04-22 18:00,0.00,0.00%,前收盘,￥287.00,日高点,￥287.00,日低点,￥287.00,$39.00,https://www.chinaflashmarket.com/price/flashcard,https://www.chinaflashmarket.com/price/sz/100272,https://www.chinaflashmarket.com/price/sz/100272/1,2026-04-22 20:13:57
移动存储,闪存卡,渠道市场MicroSD 256GB,人民币,2026-02-11,日低点,281.70,开盘价,281.70,收盘价,281.70,281.7,281.7,281.7,当前价,￥287.00,2026-04-22 18:00,0.00,0.00%,前收盘,￥287.00,日高点,￥287.00,日低点,￥287.00,$39.00,https://www.chinaflashmarket.com/price/flashcard,https://www.chinaflashmarket.com/price/sz/100272,https://www.chinaflashmarket.com/price/sz/100272/1,2026-04-22 20:13:57
移动存储,闪存卡,渠道市场MicroSD 256GB,人民币,2026-02-10,日低点,281.70,开盘价,281.70,收盘价,281.70,281.7,281.7,281.7,当前价,￥287.00,2026-04-22 18:00,0.00,0.00%,前收盘,￥287.00,日高点,￥287.00,日低点,￥287.00,$39.00,https://www.chinaflashmarket.com/price/flashcard,https://www.chinaflashmarket.com/price/sz/100272,https://www.chinaflashmarket.com/price/sz/100272/1,2026-04-22 20:13:57
移动存储,闪存卡,渠道市场MicroSD 256GB,人民币,2026-02-09,日低点,281.70,开盘价,281.70,收盘价,281.70,281.7,281.7,281.7,当前价,￥287.00,2026-04-22 18:00,0.00,0.00%,前收盘,￥287.00,日高点,￥287.00,日低点,￥287.00,$39.00,https://www.chinaflashmarket.com/price/flashcard,https://www.chinaflashmarket.com/price/sz/100272,https://www.chinaflashmarket.com/price/sz/100272/1,2026-04-22 20:13:57
移动存储,闪存卡,渠道市场MicroSD 256GB,人民币,2026-02-06,日低点,281.70,开盘价,281.70,收盘价,281.70,281.7,281.7,281.7,当前价,￥287.00,2026-04-22 18:00,0.00,0.00%,前收盘,￥287.00,日高点,￥287.00,日低点,￥287.00,$39.00,https://www.chinaflashmarket.com/price/flashcard,https://www.chinaflashmarket.com/price/sz/100272,https://www.chinaflashmarket.com/price/sz/100272/1,2026-04-22 20:13:57
移动存储,闪存卡,渠道市场MicroSD 256GB,人民币,2026-02-05,日低点,281.70,开盘价,281.70,收盘价,281.70,281.7,281.7,281.7,当前价,￥287.00,2026-04-22 18:00,0.00,0.00%,前收盘,￥287.00,日高点,￥287.00,日低点,￥287.00,$39.00,https://www.chinaflashmarket.com/price/flashcard,https://www.chinaflashmarket.com/price/sz/100272,https://www.chinaflashmarket.com/price/sz/100272/1,2026-04-22 20:13:57
移动存储,闪存卡,渠道市场MicroSD 256GB,人民币,2026-02-04,日低点,281.70,开盘价,281.70,收盘价,281.70,281.7,281.7,281.7,当前价,￥287.00,2026-04-22 18:00,0.00,0.00%,前收盘,￥287.00,日高点,￥287.00,日低点,￥287.00,$39.00,https://www.chinaflashmarket.com/price/flashcard,https://www.chinaflashmarket.com/price/sz/100272,https://www.chinaflashmarket.com/price/sz/100272/1,2026-04-22 20:13:57
移动存储,闪存卡,渠道市场MicroSD 256GB,人民币,2026-02-03,日低点,281.70,开盘价,281.70,收盘价,281.70,281.7,281.7,281.7,当前价,￥287.00,2026-04-22 18:00,0.00,0.00%,前收盘,￥287.00,日高点,￥287.00,日低点,￥287.00,$39.00,https://www.chinaflashmarket.com/price/flashcard,https://www.chinaflashmarket.com/price/sz/100272,https://www.chinaflashmarket.com/price/sz/100272/1,2026-04-22 20:13:57
移动存储,闪存卡,渠道市场MicroSD 256GB,人民币,2026-02-02,日低点,281.70,开盘价,281.70,收盘价,281.70,281.7,281.7,281.7,当前价,￥287.00,2026-04-22 18:00,0.00,0.00%,前收盘,￥287.00,日高点,￥287.00,日低点,￥287.00,$39.00,https://www.chinaflashmarket.com/price/flashcard,https://www.chinaflashmarket.com/price/sz/100272,https://www.chinaflashmarket.com/price/sz/100272/1,2026-04-22 20:13:57
移动存储,闪存卡,渠道市场MicroSD 256GB,人民币,2026-01-30,日低点,281.70,开盘价,281.70,收盘价,281.70,281.7,281.7,281.7,当前价,￥287.00,2026-04-22 18:00,0.00,0.00%,前收盘,￥287.00,日高点,￥287.00,日低点,￥287.00,$39.00,https://www.chinaflashmarket.com/price/flashcard,https://www.chinaflashmarket.com/price/sz/100272,https://www.chinaflashmarket.com/price/sz/100272/1,2026-04-22 20:13:57
移动存储,闪存卡,渠道市场MicroSD 256GB,人民币,2026-01-29,日低点,281.70,开盘价,281.70,收盘价,281.70,281.7,281.7,281.7,当前价,￥287.00,2026-04-22 18:00,0.00,0.00%,前收盘,￥287.00,日高点,￥287.00,日低点,￥287.00,$39.00,https://www.chinaflashmarket.com/price/flashcard,https://www.chinaflashmarket.com/price/sz/100272,https://www.chinaflashmarket.com/price/sz/100272/1,2026-04-22 20:13:57
移动存储,闪存卡,渠道市场MicroSD 256GB,人民币,2026-01-28,日低点,281.70,开盘价,281.70,收盘价,281.70,281.7,281.7,281.7,当前价,￥287.00,2026-04-22 18:00,0.00,0.00%,前收盘,￥287.00,日高点,￥287.00,日低点,￥287.00,$39.00,https://www.chinaflashmarket.com/price/flashcard,https://www.chinaflashmarket.com/price/sz/100272,https://www.chinaflashmarket.com/price/sz/100272/1,2026-04-22 20:13:57
移动存储,闪存卡,渠道市场MicroSD 256GB,人民币,2026-01-27,日低点,281.70,开盘价,281.70,收盘价,281.70,281.7,281.7,281.7,当前价,￥287.00,2026-04-22 18:00,0.00,0.00%,前收盘,￥287.00,日高点,￥287.00,日低点,￥287.00,$39.00,https://www.chinaflashmarket.com/price/flashcard,https://www.chinaflashmarket.com/price/sz/100272,https://www.chinaflashmarket.com/price/sz/100272/1,2026-04-22 20:13:57
移动存储,闪存卡,渠道市场MicroSD 256GB,人民币,2026-01-26,日低点,281.70,开盘价,281.70,收盘价,281.70,281.7,281.7,281.7,当前价,￥287.00,2026-04-22 18:00,0.00,0.00%,前收盘,￥287.00,日高点,￥287.00,日低点,￥287.00,$39.00,https://www.chinaflashmarket.com/price/flashcard,https://www.chinaflashmarket.com/price/sz/100272,https://www.chinaflashmarket.com/price/sz/100272/1,2026-04-22 20:13:57
移动存储,闪存卡,渠道市场MicroSD 256GB,人民币,2026-01-23,日低点,281.70,开盘价,281.70,收盘价,281.70,281.7,281.7,281.7,当前价,￥287.00,2026-04-22 18:00,0.00,0.00%,前收盘,￥287.00,日高点,￥287.00,日低点,￥287.00,$39.00,https://www.chinaflashmarket.com/price/flashcard,https://www.chinaflashmarket.com/price/sz/100272,https://www.chinaflashmarket.com/price/sz/100272/1,2026-04-22 20:13:57
移动存储,闪存卡,渠道市场MicroSD 256GB,人民币,2026-01-22,日低点,281.70,开盘价,281.70,收盘价,281.70,281.7,281.7,281.7,当前价,￥287.00,2026-04-22 18:00,0.00,0.00%,前收盘,￥287.00,日高点,￥287.00,日低点,￥287.00,$39.00,https://www.chinaflashmarket.com/price/flashcard,https://www.chinaflashmarket.com/price/sz/100272,https://www.chinaflashmarket.com/price/sz/100272/1,2026-04-22 20:13:57
移动存储,闪存卡,行业市场MicroSD 64GB,人民币,2026-04-21,日低点,176.00,开盘价,176.00,收盘价,176.00,176.0,176.0,176.0,当前价,￥176.00,2026-04-22 18:00,0.00,0.00%,前收盘,￥176.00,日高点,￥176.00,日低点,￥176.00,$24.00,https://www.chinaflashmarket.com/price/flashcard,https://www.chinaflashmarket.com/price/sz/100273,https://www.chinaflashmarket.com/price/sz/100273/1,2026-04-22 20:13:57
移动存储,闪存卡,行业市场MicroSD 64GB,人民币,2026-04-20,日低点,176.00,开盘价,176.00,收盘价,176.00,176.0,176.0,176.0,当前价,￥176.00,2026-04-22 18:00,0.00,0.00%,前收盘,￥176.00,日高点,￥176.00,日低点,￥176.00,$24.00,https://www.chinaflashmarket.com/price/flashcard,https://www.chinaflashmarket.com/price/sz/100273,https://www.chinaflashmarket.com/price/sz/100273/1,2026-04-22 20:13:57
移动存储,闪存卡,行业市场MicroSD 64GB,人民币,2026-04-17,日低点,176.00,开盘价,176.00,收盘价,176.00,176.0,176.0,176.0,当前价,￥176.00,2026-04-22 18:00,0.00,0.00%,前收盘,￥176.00,日高点,￥176.00,日低点,￥176.00,$24.00,https://www.chinaflashmarket.com/price/flashcard,https://www.chinaflashmarket.com/price/sz/100273,https://www.chinaflashmarket.com/price/sz/100273/1,2026-04-22 20:13:57
移动存储,闪存卡,行业市场MicroSD 64GB,人民币,2026-04-16,日低点,176.00,开盘价,176.00,收盘价,176.00,176.0,176.0,176.0,当前价,￥176.00,2026-04-22 18:00,0.00,0.00%,前收盘,￥176.00,日高点,￥176.00,日低点,￥176.00,$24.00,https://www.chinaflashmarket.com/price/flashcard,https://www.chinaflashmarket.com/price/sz/100273,https://www.chinaflashmarket.com/price/sz/100273/1,2026-04-22 20:13:57
移动存储,闪存卡,行业市场MicroSD 64GB,人民币,2026-04-15,日低点,176.00,开盘价,176.00,收盘价,176.00,176.0,176.0,176.0,当前价,￥176.00,2026-04-22 18:00,0.00,0.00%,前收盘,￥176.00,日高点,￥176.00,日低点,￥176.00,$24.00,https://www.chinaflashmarket.com/price/flashcard,https://www.chinaflashmarket.com/price/sz/100273,https://www.chinaflashmarket.com/price/sz/100273/1,2026-04-22 20:13:57
移动存储,闪存卡,行业市场MicroSD 64GB,人民币,2026-04-14,日低点,176.00,开盘价,176.00,收盘价,176.00,176.0,176.0,176.0,当前价,￥176.00,2026-04-22 18:00,0.00,0.00%,前收盘,￥176.00,日高点,￥176.00,日低点,￥176.00,$24.00,https://www.chinaflashmarket.com/price/flashcard,https://www.chinaflashmarket.com/price/sz/100273,https://www.chinaflashmarket.com/price/sz/100273/1,2026-04-22 20:13:57
移动存储,闪存卡,行业市场MicroSD 64GB,人民币,2026-04-13,日低点,176.00,开盘价,176.00,收盘价,176.00,176.0,176.0,176.0,当前价,￥176.00,2026-04-22 18:00,0.00,0.00%,前收盘,￥176.00,日高点,￥176.00,日低点,￥176.00,$24.00,https://www.chinaflashmarket.com/price/flashcard,https://www.chinaflashmarket.com/price/sz/100273,https://www.chinaflashmarket.com/price/sz/100273/1,2026-04-22 20:13:57
移动存储,闪存卡,行业市场MicroSD 64GB,人民币,2026-04-10,日低点,176.00,开盘价,176.00,收盘价,176.00,176.0,176.0,176.0,当前价,￥176.00,2026-04-22 18:00,0.00,0.00%,前收盘,￥176.00,日高点,￥176.00,日低点,￥176.00,$24.00,https://www.chinaflashmarket.com/price/flashcard,https://www.chinaflashmarket.com/price/sz/100273,https://www.chinaflashmarket.com/price/sz/100273/1,2026-04-22 20:13:57
移动存储,闪存卡,行业市场MicroSD 64GB,人民币,2026-04-09,日低点,176.00,开盘价,176.00,收盘价,176.00,176.0,176.0,176.0,当前价,￥176.00,2026-04-22 18:00,0.00,0.00%,前收盘,￥176.00,日高点,￥176.00,日低点,￥176.00,$24.00,https://www.chinaflashmarket.com/price/flashcard,https://www.chinaflashmarket.com/price/sz/100273,https://www.chinaflashmarket.com/price/sz/100273/1,2026-04-22 20:13:57
移动存储,闪存卡,行业市场MicroSD 64GB,人民币,2026-04-08,日低点,176.00,开盘价,176.00,收盘价,176.00,176.0,176.0,176.0,当前价,￥176.00,2026-04-22 18:00,0.00,0.00%,前收盘,￥176.00,日高点,￥176.00,日低点,￥176.00,$24.00,https://www.chinaflashmarket.com/price/flashcard,https://www.chinaflashmarket.com/price/sz/100273,https://www.chinaflashmarket.com/price/sz/100273/1,2026-04-22 20:13:57
移动存储,闪存卡,行业市场MicroSD 64GB,人民币,2026-04-07,日低点,176.00,开盘价,176.00,收盘价,176.00,176.0,176.0,176.0,当前价,￥176.00,2026-04-22 18:00,0.00,0.00%,前收盘,￥176.00,日高点,￥176.00,日低点,￥176.00,$24.00,https://www.chinaflashmarket.com/price/flashcard,https://www.chinaflashmarket.com/price/sz/100273,https://www.chinaflashmarket.com/price/sz/100273/1,2026-04-22 20:13:57
移动存储,闪存卡,行业市场MicroSD 64GB,人民币,2026-04-03,日低点,176.00,开盘价,176.00,收盘价,176.00,176.0,176.0,176.0,当前价,￥176.00,2026-04-22 18:00,0.00,0.00%,前收盘,￥176.00,日高点,￥176.00,日低点,￥176.00,$24.00,https://www.chinaflashmarket.com/price/flashcard,https://www.chinaflashmarket.com/price/sz/100273,https://www.chinaflashmarket.com/price/sz/100273/1,2026-04-22 20:13:57
移动存储,闪存卡,行业市场MicroSD 64GB,人民币,2026-04-02,日低点,176.00,开盘价,176.00,收盘价,176.00,176.0,176.0,176.0,当前价,￥176.00,2026-04-22 18:00,0.00,0.00%,前收盘,￥176.00,日高点,￥176.00,日低点,￥176.00,$24.00,https://www.chinaflashmarket.com/price/flashcard,https://www.chinaflashmarket.com/price/sz/100273,https://www.chinaflashmarket.com/price/sz/100273/1,2026-04-22 20:13:57
移动存储,闪存卡,行业市场MicroSD 64GB,人民币,2026-04-01,日低点,176.00,开盘价,176.00,收盘价,176.00,176.0,176.0,176.0,当前价,￥176.00,2026-04-22 18:00,0.00,0.00%,前收盘,￥176.00,日高点,￥176.00,日低点,￥176.00,$24.00,https://www.chinaflashmarket.com/price/flashcard,https://www.chinaflashmarket.com/price/sz/100273,https://www.chinaflashmarket.com/price/sz/100273/1,2026-04-22 20:13:57
移动存储,闪存卡,行业市场MicroSD 64GB,人民币,2026-03-31,日低点,176.00,开盘价,176.00,收盘价,176.00,176.0,176.0,176.0,当前价,￥176.00,2026-04-22 18:00,0.00,0.00%,前收盘,￥176.00,日高点,￥176.00,日低点,￥176.00,$24.00,https://www.chinaflashmarket.com/price/flashcard,https://www.chinaflashmarket.com/price/sz/100273,https://www.chinaflashmarket.com/price/sz/100273/1,2026-04-22 20:13:57
移动存储,闪存卡,行业市场MicroSD 64GB,人民币,2026-03-30,日低点,176.00,开盘价,176.00,收盘价,176.00,176.0,176.0,176.0,当前价,￥176.00,2026-04-22 18:00,0.00,0.00%,前收盘,￥176.00,日高点,￥176.00,日低点,￥176.00,$24.00,https://www.chinaflashmarket.com/price/flashcard,https://www.chinaflashmarket.com/price/sz/100273,https://www.chinaflashmarket.com/price/sz/100273/1,2026-04-22 20:13:57
移动存储,闪存卡,行业市场MicroSD 64GB,人民币,2026-03-27,日低点,176.00,开盘价,176.00,收盘价,176.00,176.0,176.0,176.0,当前价,￥176.00,2026-04-22 18:00,0.00,0.00%,前收盘,￥176.00,日高点,￥176.00,日低点,￥176.00,$24.00,https://www.chinaflashmarket.com/price/flashcard,https://www.chinaflashmarket.com/price/sz/100273,https://www.chinaflashmarket.com/price/sz/100273/1,2026-04-22 20:13:57
移动存储,闪存卡,行业市场MicroSD 64GB,人民币,2026-03-26,日低点,176.00,开盘价,176.00,收盘价,176.00,176.0,176.0,176.0,当前价,￥176.00,2026-04-22 18:00,0.00,0.00%,前收盘,￥176.00,日高点,￥176.00,日低点,￥176.00,$24.00,https://www.chinaflashmarket.com/price/flashcard,https://www.chinaflashmarket.com/price/sz/100273,https://www.chinaflashmarket.com/price/sz/100273/1,2026-04-22 20:13:57
移动存储,闪存卡,行业市场MicroSD 64GB,人民币,2026-03-25,日低点,176.00,开盘价,176.00,收盘价,176.00,176.0,176.0,176.0,当前价,￥176.00,2026-04-22 18:00,0.00,0.00%,前收盘,￥176.00,日高点,￥176.00,日低点,￥176.00,$24.00,https://www.chinaflashmarket.com/price/flashcard,https://www.chinaflashmarket.com/price/sz/100273,https://www.chinaflashmarket.com/price/sz/100273/1,2026-04-22 20:13:57
移动存储,闪存卡,行业市场MicroSD 64GB,人民币,2026-03-24,日低点,176.00,开盘价,176.00,收盘价,176.00,176.0,176.0,176.0,当前价,￥176.00,2026-04-22 18:00,0.00,0.00%,前收盘,￥176.00,日高点,￥176.00,日低点,￥176.00,$24.00,https://www.chinaflashmarket.com/price/flashcard,https://www.chinaflashmarket.com/price/sz/100273,https://www.chinaflashmarket.com/price/sz/100273/1,2026-04-22 20:13:57
移动存储,闪存卡,行业市场MicroSD 64GB,人民币,2026-03-23,日低点,176.00,开盘价,176.00,收盘价,176.00,176.0,176.0,176.0,当前价,￥176.00,2026-04-22 18:00,0.00,0.00%,前收盘,￥176.00,日高点,￥176.00,日低点,￥176.00,$24.00,https://www.chinaflashmarket.com/price/flashcard,https://www.chinaflashmarket.com/price/sz/100273,https://www.chinaflashmarket.com/price/sz/100273/1,2026-04-22 20:13:57
移动存储,闪存卡,行业市场MicroSD 64GB,人民币,2026-03-20,日低点,176.00,开盘价,176.00,收盘价,176.00,176.0,176.0,176.0,当前价,￥176.00,2026-04-22 18:00,0.00,0.00%,前收盘,￥176.00,日高点,￥176.00,日低点,￥176.00,$24.00,https://www.chinaflashmarket.com/price/flashcard,https://www.chinaflashmarket.com/price/sz/100273,https://www.chinaflashmarket.com/price/sz/100273/1,2026-04-22 20:13:57
移动存储,闪存卡,行业市场MicroSD 64GB,人民币,2026-03-19,日低点,176.00,开盘价,176.00,收盘价,176.00,176.0,176.0,176.0,当前价,￥176.00,2026-04-22 18:00,0.00,0.00%,前收盘,￥176.00,日高点,￥176.00,日低点,￥176.00,$24.00,https://www.chinaflashmarket.com/price/flashcard,https://www.chinaflashmarket.com/price/sz/100273,https://www.chinaflashmarket.com/price/sz/100273/1,2026-04-22 20:13:57
移动存储,闪存卡,行业市场MicroSD 64GB,人民币,2026-03-18,日低点,176.00,开盘价,176.00,收盘价,176.00,176.0,176.0,176.0,当前价,￥176.00,2026-04-22 18:00,0.00,0.00%,前收盘,￥176.00,日高点,￥176.00,日低点,￥176.00,$24.00,https://www.chinaflashmarket.com/price/flashcard,https://www.chinaflashmarket.com/price/sz/100273,https://www.chinaflashmarket.com/price/sz/100273/1,2026-04-22 20:13:57
移动存储,闪存卡,行业市场MicroSD 64GB,人民币,2026-03-17,日低点,176.00,开盘价,176.00,收盘价,176.00,176.0,176.0,176.0,当前价,￥176.00,2026-04-22 18:00,0.00,0.00%,前收盘,￥176.00,日高点,￥176.00,日低点,￥176.00,$24.00,https://www.chinaflashmarket.com/price/flashcard,https://www.chinaflashmarket.com/price/sz/100273,https://www.chinaflashmarket.com/price/sz/100273/1,2026-04-22 20:13:57
移动存储,闪存卡,行业市场MicroSD 64GB,人民币,2026-03-16,日低点,176.00,开盘价,176.00,收盘价,176.00,176.0,176.0,176.0,当前价,￥176.00,2026-04-22 18:00,0.00,0.00%,前收盘,￥176.00,日高点,￥176.00,日低点,￥176.00,$24.00,https://www.chinaflashmarket.com/price/flashcard,https://www.chinaflashmarket.com/price/sz/100273,https://www.chinaflashmarket.com/price/sz/100273/1,2026-04-22 20:13:57
移动存储,闪存卡,行业市场MicroSD 64GB,人民币,2026-03-13,日低点,176.00,开盘价,176.00,收盘价,176.00,176.0,176.0,176.0,当前价,￥176.00,2026-04-22 18:00,0.00,0.00%,前收盘,￥176.00,日高点,￥176.00,日低点,￥176.00,$24.00,https://www.chinaflashmarket.com/price/flashcard,https://www.chinaflashmarket.com/price/sz/100273,https://www.chinaflashmarket.com/price/sz/100273/1,2026-04-22 20:13:57
移动存储,闪存卡,行业市场MicroSD 64GB,人民币,2026-03-12,日低点,176.00,开盘价,176.00,收盘价,176.00,176.0,176.0,176.0,当前价,￥176.00,2026-04-22 18:00,0.00,0.00%,前收盘,￥176.00,日高点,￥176.00,日低点,￥176.00,$24.00,https://www.chinaflashmarket.com/price/flashcard,https://www.chinaflashmarket.com/price/sz/100273,https://www.chinaflashmarket.com/price/sz/100273/1,2026-04-22 20:13:57
移动存储,闪存卡,行业市场MicroSD 64GB,人民币,2026-03-11,日低点,176.00,开盘价,176.00,收盘价,176.00,176.0,176.0,176.0,当前价,￥176.00,2026-04-22 18:00,0.00,0.00%,前收盘,￥176.00,日高点,￥176.00,日低点,￥176.00,$24.00,https://www.chinaflashmarket.com/price/flashcard,https://www.chinaflashmarket.com/price/sz/100273,https://www.chinaflashmarket.com/price/sz/100273/1,2026-04-22 20:13:57
移动存储,闪存卡,行业市场MicroSD 64GB,人民币,2026-03-10,日低点,176.00,开盘价,176.00,收盘价,176.00,176.0,176.0,176.0,当前价,￥176.00,2026-04-22 18:00,0.00,0.00%,前收盘,￥176.00,日高点,￥176.00,日低点,￥176.00,$24.00,https://www.chinaflashmarket.com/price/flashcard,https://www.chinaflashmarket.com/price/sz/100273,https://www.chinaflashmarket.com/price/sz/100273/1,2026-04-22 20:13:57
移动存储,闪存卡,行业市场MicroSD 64GB,人民币,2026-03-09,日低点,176.00,开盘价,176.00,收盘价,176.00,176.0,176.0,176.0,当前价,￥176.00,2026-04-22 18:00,0.00,0.00%,前收盘,￥176.00,日高点,￥176.00,日低点,￥176.00,$24.00,https://www.chinaflashmarket.com/price/flashcard,https://www.chinaflashmarket.com/price/sz/100273,https://www.chinaflashmarket.com/price/sz/100273/1,2026-04-22 20:13:57
移动存储,闪存卡,行业市场MicroSD 64GB,人民币,2026-03-06,日低点,158.00,开盘价,158.00,收盘价,158.00,158.0,158.0,158.0,当前价,￥176.00,2026-04-22 18:00,0.00,0.00%,前收盘,￥176.00,日高点,￥176.00,日低点,￥176.00,$24.00,https://www.chinaflashmarket.com/price/flashcard,https://www.chinaflashmarket.com/price/sz/100273,https://www.chinaflashmarket.com/price/sz/100273/1,2026-04-22 20:13:57
移动存储,闪存卡,行业市场MicroSD 64GB,人民币,2026-03-05,日低点,148.00,开盘价,148.00,收盘价,148.00,148.0,148.0,148.0,当前价,￥176.00,2026-04-22 18:00,0.00,0.00%,前收盘,￥176.00,日高点,￥176.00,日低点,￥176.00,$24.00,https://www.chinaflashmarket.com/price/flashcard,https://www.chinaflashmarket.com/price/sz/100273,https://www.chinaflashmarket.com/price/sz/100273/1,2026-04-22 20:13:57
移动存储,闪存卡,行业市场MicroSD 64GB,人民币,2026-03-04,日低点,148.00,开盘价,148.00,收盘价,148.00,148.0,148.0,148.0,当前价,￥176.00,2026-04-22 18:00,0.00,0.00%,前收盘,￥176.00,日高点,￥176.00,日低点,￥176.00,$24.00,https://www.chinaflashmarket.com/price/flashcard,https://www.chinaflashmarket.com/price/sz/100273,https://www.chinaflashmarket.com/price/sz/100273/1,2026-04-22 20:13:57
移动存储,闪存卡,行业市场MicroSD 64GB,人民币,2026-03-03,日低点,148.00,开盘价,148.00,收盘价,148.00,148.0,148.0,148.0,当前价,￥176.00,2026-04-22 18:00,0.00,0.00%,前收盘,￥176.00,日高点,￥176.00,日低点,￥176.00,$24.00,https://www.chinaflashmarket.com/price/flashcard,https://www.chinaflashmarket.com/price/sz/100273,https://www.chinaflashmarket.com/price/sz/100273/1,2026-04-22 20:13:57
移动存储,闪存卡,行业市场MicroSD 64GB,人民币,2026-03-02,日低点,148.00,开盘价,148.00,收盘价,148.00,148.0,148.0,148.0,当前价,￥176.00,2026-04-22 18:00,0.00,0.00%,前收盘,￥176.00,日高点,￥176.00,日低点,￥176.00,$24.00,https://www.chinaflashmarket.com/price/flashcard,https://www.chinaflashmarket.com/price/sz/100273,https://www.chinaflashmarket.com/price/sz/100273/1,2026-04-22 20:13:57
移动存储,闪存卡,行业市场MicroSD 64GB,人民币,2026-02-28,日低点,148.00,开盘价,148.00,收盘价,148.00,148.0,148.0,148.0,当前价,￥176.00,2026-04-22 18:00,0.00,0.00%,前收盘,￥176.00,日高点,￥176.00,日低点,￥176.00,$24.00,https://www.chinaflashmarket.com/price/flashcard,https://www.chinaflashmarket.com/price/sz/100273,https://www.chinaflashmarket.com/price/sz/100273/1,2026-04-22 20:13:57
移动存储,闪存卡,行业市场MicroSD 64GB,人民币,2026-02-27,日低点,148.00,开盘价,148.00,收盘价,148.00,148.0,148.0,148.0,当前价,￥176.00,2026-04-22 18:00,0.00,0.00%,前收盘,￥176.00,日高点,￥176.00,日低点,￥176.00,$24.00,https://www.chinaflashmarket.com/price/flashcard,https://www.chinaflashmarket.com/price/sz/100273,https://www.chinaflashmarket.com/price/sz/100273/1,2026-04-22 20:13:57
移动存储,闪存卡,行业市场MicroSD 64GB,人民币,2026-02-26,日低点,148.00,开盘价,148.00,收盘价,148.00,148.0,148.0,148.0,当前价,￥176.00,2026-04-22 18:00,0.00,0.00%,前收盘,￥176.00,日高点,￥176.00,日低点,￥176.00,$24.00,https://www.chinaflashmarket.com/price/flashcard,https://www.chinaflashmarket.com/price/sz/100273,https://www.chinaflashmarket.com/price/sz/100273/1,2026-04-22 20:13:57
移动存储,闪存卡,行业市场MicroSD 64GB,人民币,2026-02-25,日低点,148.00,开盘价,148.00,收盘价,148.00,148.0,148.0,148.0,当前价,￥176.00,2026-04-22 18:00,0.00,0.00%,前收盘,￥176.00,日高点,￥176.00,日低点,￥176.00,$24.00,https://www.chinaflashmarket.com/price/flashcard,https://www.chinaflashmarket.com/price/sz/100273,https://www.chinaflashmarket.com/price/sz/100273/1,2026-04-22 20:13:57
移动存储,闪存卡,行业市场MicroSD 64GB,人民币,2026-02-24,日低点,148.00,开盘价,148.00,收盘价,148.00,148.0,148.0,148.0,当前价,￥176.00,2026-04-22 18:00,0.00,0.00%,前收盘,￥176.00,日高点,￥176.00,日低点,￥176.00,$24.00,https://www.chinaflashmarket.com/price/flashcard,https://www.chinaflashmarket.com/price/sz/100273,https://www.chinaflashmarket.com/price/sz/100273/1,2026-04-22 20:13:57
移动存储,闪存卡,行业市场MicroSD 64GB,人民币,2026-02-14,日低点,148.00,开盘价,148.00,收盘价,148.00,148.0,148.0,148.0,当前价,￥176.00,2026-04-22 18:00,0.00,0.00%,前收盘,￥176.00,日高点,￥176.00,日低点,￥176.00,$24.00,https://www.chinaflashmarket.com/price/flashcard,https://www.chinaflashmarket.com/price/sz/100273,https://www.chinaflashmarket.com/price/sz/100273/1,2026-04-22 20:13:57
移动存储,闪存卡,行业市场MicroSD 64GB,人民币,2026-02-13,日低点,148.00,开盘价,148.00,收盘价,148.00,148.0,148.0,148.0,当前价,￥176.00,2026-04-22 18:00,0.00,0.00%,前收盘,￥176.00,日高点,￥176.00,日低点,￥176.00,$24.00,https://www.chinaflashmarket.com/price/flashcard,https://www.chinaflashmarket.com/price/sz/100273,https://www.chinaflashmarket.com/price/sz/100273/1,2026-04-22 20:13:57
移动存储,闪存卡,行业市场MicroSD 64GB,人民币,2026-02-12,日低点,148.00,开盘价,148.00,收盘价,148.00,148.0,148.0,148.0,当前价,￥176.00,2026-04-22 18:00,0.00,0.00%,前收盘,￥176.00,日高点,￥176.00,日低点,￥176.00,$24.00,https://www.chinaflashmarket.com/price/flashcard,https://www.chinaflashmarket.com/price/sz/100273,https://www.chinaflashmarket.com/price/sz/100273/1,2026-04-22 20:13:57
移动存储,闪存卡,行业市场MicroSD 64GB,人民币,2026-02-11,日低点,148.00,开盘价,148.00,收盘价,148.00,148.0,148.0,148.0,当前价,￥176.00,2026-04-22 18:00,0.00,0.00%,前收盘,￥176.00,日高点,￥176.00,日低点,￥176.00,$24.00,https://www.chinaflashmarket.com/price/flashcard,https://www.chinaflashmarket.com/price/sz/100273,https://www.chinaflashmarket.com/price/sz/100273/1,2026-04-22 20:13:57
移动存储,闪存卡,行业市场MicroSD 64GB,人民币,2026-02-10,日低点,148.00,开盘价,148.00,收盘价,148.00,148.0,148.0,148.0,当前价,￥176.00,2026-04-22 18:00,0.00,0.00%,前收盘,￥176.00,日高点,￥176.00,日低点,￥176.00,$24.00,https://www.chinaflashmarket.com/price/flashcard,https://www.chinaflashmarket.com/price/sz/100273,https://www.chinaflashmarket.com/price/sz/100273/1,2026-04-22 20:13:57
移动存储,闪存卡,行业市场MicroSD 64GB,人民币,2026-02-09,日低点,148.00,开盘价,148.00,收盘价,148.00,148.0,148.0,148.0,当前价,￥176.00,2026-04-22 18:00,0.00,0.00%,前收盘,￥176.00,日高点,￥176.00,日低点,￥176.00,$24.00,https://www.chinaflashmarket.com/price/flashcard,https://www.chinaflashmarket.com/price/sz/100273,https://www.chinaflashmarket.com/price/sz/100273/1,2026-04-22 20:13:57
移动存储,闪存卡,行业市场MicroSD 64GB,人民币,2026-02-06,日低点,144.60,开盘价,144.60,收盘价,148.00,144.6,144.6,148.0,当前价,￥176.00,2026-04-22 18:00,0.00,0.00%,前收盘,￥176.00,日高点,￥176.00,日低点,￥176.00,$24.00,https://www.chinaflashmarket.com/price/flashcard,https://www.chinaflashmarket.com/price/sz/100273,https://www.chinaflashmarket.com/price/sz/100273/1,2026-04-22 20:13:57
移动存储,闪存卡,行业市场MicroSD 64GB,人民币,2026-02-05,日低点,144.60,开盘价,144.60,收盘价,144.60,144.6,144.6,144.6,当前价,￥176.00,2026-04-22 18:00,0.00,0.00%,前收盘,￥176.00,日高点,￥176.00,日低点,￥176.00,$24.00,https://www.chinaflashmarket.com/price/flashcard,https://www.chinaflashmarket.com/price/sz/100273,https://www.chinaflashmarket.com/price/sz/100273/1,2026-04-22 20:13:57
移动存储,闪存卡,行业市场MicroSD 64GB,人民币,2026-02-04,日低点,144.60,开盘价,144.60,收盘价,144.60,144.6,144.6,144.6,当前价,￥176.00,2026-04-22 18:00,0.00,0.00%,前收盘,￥176.00,日高点,￥176.00,日低点,￥176.00,$24.00,https://www.chinaflashmarket.com/price/flashcard,https://www.chinaflashmarket.com/price/sz/100273,https://www.chinaflashmarket.com/price/sz/100273/1,2026-04-22 20:13:57
移动存储,闪存卡,行业市场MicroSD 64GB,人民币,2026-02-03,日低点,144.60,开盘价,144.60,收盘价,144.60,144.6,144.6,144.6,当前价,￥176.00,2026-04-22 18:00,0.00,0.00%,前收盘,￥176.00,日高点,￥176.00,日低点,￥176.00,$24.00,https://www.chinaflashmarket.com/price/flashcard,https://www.chinaflashmarket.com/price/sz/100273,https://www.chinaflashmarket.com/price/sz/100273/1,2026-04-22 20:13:57
移动存储,闪存卡,行业市场MicroSD 64GB,人民币,2026-02-02,日低点,144.60,开盘价,144.60,收盘价,144.60,144.6,144.6,144.6,当前价,￥176.00,2026-04-22 18:00,0.00,0.00%,前收盘,￥176.00,日高点,￥176.00,日低点,￥176.00,$24.00,https://www.chinaflashmarket.com/price/flashcard,https://www.chinaflashmarket.com/price/sz/100273,https://www.chinaflashmarket.com/price/sz/100273/1,2026-04-22 20:13:57
移动存储,闪存卡,行业市场MicroSD 64GB,人民币,2026-01-30,日低点,144.60,开盘价,144.60,收盘价,144.60,144.6,144.6,144.6,当前价,￥176.00,2026-04-22 18:00,0.00,0.00%,前收盘,￥176.00,日高点,￥176.00,日低点,￥176.00,$24.00,https://www.chinaflashmarket.com/price/flashcard,https://www.chinaflashmarket.com/price/sz/100273,https://www.chinaflashmarket.com/price/sz/100273/1,2026-04-22 20:13:57
移动存储,闪存卡,行业市场MicroSD 64GB,人民币,2026-01-29,日低点,144.60,开盘价,144.60,收盘价,144.60,144.6,144.6,144.6,当前价,￥176.00,2026-04-22 18:00,0.00,0.00%,前收盘,￥176.00,日高点,￥176.00,日低点,￥176.00,$24.00,https://www.chinaflashmarket.com/price/flashcard,https://www.chinaflashmarket.com/price/sz/100273,https://www.chinaflashmarket.com/price/sz/100273/1,2026-04-22 20:13:57
移动存储,闪存卡,行业市场MicroSD 64GB,人民币,2026-01-28,日低点,144.60,开盘价,144.60,收盘价,144.60,144.6,144.6,144.6,当前价,￥176.00,2026-04-22 18:00,0.00,0.00%,前收盘,￥176.00,日高点,￥176.00,日低点,￥176.00,$24.00,https://www.chinaflashmarket.com/price/flashcard,https://www.chinaflashmarket.com/price/sz/100273,https://www.chinaflashmarket.com/price/sz/100273/1,2026-04-22 20:13:57
移动存储,闪存卡,行业市场MicroSD 64GB,人民币,2026-01-27,日低点,144.60,开盘价,144.60,收盘价,144.60,144.6,144.6,144.6,当前价,￥176.00,2026-04-22 18:00,0.00,0.00%,前收盘,￥176.00,日高点,￥176.00,日低点,￥176.00,$24.00,https://www.chinaflashmarket.com/price/flashcard,https://www.chinaflashmarket.com/price/sz/100273,https://www.chinaflashmarket.com/price/sz/100273/1,2026-04-22 20:13:57
移动存储,闪存卡,行业市场MicroSD 64GB,人民币,2026-01-26,日低点,144.60,开盘价,144.60,收盘价,144.60,144.6,144.6,144.6,当前价,￥176.00,2026-04-22 18:00,0.00,0.00%,前收盘,￥176.00,日高点,￥176.00,日低点,￥176.00,$24.00,https://www.chinaflashmarket.com/price/flashcard,https://www.chinaflashmarket.com/price/sz/100273,https://www.chinaflashmarket.com/price/sz/100273/1,2026-04-22 20:13:57
移动存储,闪存卡,行业市场MicroSD 64GB,人民币,2026-01-23,日低点,144.60,开盘价,144.60,收盘价,144.60,144.6,144.6,144.6,当前价,￥176.00,2026-04-22 18:00,0.00,0.00%,前收盘,￥176.00,日高点,￥176.00,日低点,￥176.00,$24.00,https://www.chinaflashmarket.com/price/flashcard,https://www.chinaflashmarket.com/price/sz/100273,https://www.chinaflashmarket.com/price/sz/100273/1,2026-04-22 20:13:57
移动存储,闪存卡,行业市场MicroSD 64GB,人民币,2026-01-22,日低点,144.60,开盘价,144.60,收盘价,144.60,144.6,144.6,144.6,当前价,￥176.00,2026-04-22 18:00,0.00,0.00%,前收盘,￥176.00,日高点,￥176.00,日低点,￥176.00,$24.00,https://www.chinaflashmarket.com/price/flashcard,https://www.chinaflashmarket.com/price/sz/100273,https://www.chinaflashmarket.com/price/sz/100273/1,2026-04-22 20:13:57
移动存储,闪存卡,行业市场MicroSD 128GB,人民币,2026-04-21,日低点,243.00,开盘价,243.00,收盘价,243.00,243.0,243.0,243.0,当前价,￥243.00,2026-04-22 18:00,0.00,0.00%,前收盘,￥243.00,日高点,￥243.00,日低点,￥243.00,$33.00,https://www.chinaflashmarket.com/price/flashcard,https://www.chinaflashmarket.com/price/sz/100190,https://www.chinaflashmarket.com/price/sz/100190/1,2026-04-22 20:13:57
移动存储,闪存卡,行业市场MicroSD 128GB,人民币,2026-04-20,日低点,243.00,开盘价,243.00,收盘价,243.00,243.0,243.0,243.0,当前价,￥243.00,2026-04-22 18:00,0.00,0.00%,前收盘,￥243.00,日高点,￥243.00,日低点,￥243.00,$33.00,https://www.chinaflashmarket.com/price/flashcard,https://www.chinaflashmarket.com/price/sz/100190,https://www.chinaflashmarket.com/price/sz/100190/1,2026-04-22 20:13:57
移动存储,闪存卡,行业市场MicroSD 128GB,人民币,2026-04-17,日低点,243.00,开盘价,243.00,收盘价,243.00,243.0,243.0,243.0,当前价,￥243.00,2026-04-22 18:00,0.00,0.00%,前收盘,￥243.00,日高点,￥243.00,日低点,￥243.00,$33.00,https://www.chinaflashmarket.com/price/flashcard,https://www.chinaflashmarket.com/price/sz/100190,https://www.chinaflashmarket.com/price/sz/100190/1,2026-04-22 20:13:57
移动存储,闪存卡,行业市场MicroSD 128GB,人民币,2026-04-16,日低点,243.00,开盘价,243.00,收盘价,243.00,243.0,243.0,243.0,当前价,￥243.00,2026-04-22 18:00,0.00,0.00%,前收盘,￥243.00,日高点,￥243.00,日低点,￥243.00,$33.00,https://www.chinaflashmarket.com/price/flashcard,https://www.chinaflashmarket.com/price/sz/100190,https://www.chinaflashmarket.com/price/sz/100190/1,2026-04-22 20:13:57
移动存储,闪存卡,行业市场MicroSD 128GB,人民币,2026-04-15,日低点,243.00,开盘价,243.00,收盘价,243.00,243.0,243.0,243.0,当前价,￥243.00,2026-04-22 18:00,0.00,0.00%,前收盘,￥243.00,日高点,￥243.00,日低点,￥243.00,$33.00,https://www.chinaflashmarket.com/price/flashcard,https://www.chinaflashmarket.com/price/sz/100190,https://www.chinaflashmarket.com/price/sz/100190/1,2026-04-22 20:13:57
移动存储,闪存卡,行业市场MicroSD 128GB,人民币,2026-04-14,日低点,243.00,开盘价,243.00,收盘价,243.00,243.0,243.0,243.0,当前价,￥243.00,2026-04-22 18:00,0.00,0.00%,前收盘,￥243.00,日高点,￥243.00,日低点,￥243.00,$33.00,https://www.chinaflashmarket.com/price/flashcard,https://www.chinaflashmarket.com/price/sz/100190,https://www.chinaflashmarket.com/price/sz/100190/1,2026-04-22 20:13:57
移动存储,闪存卡,行业市场MicroSD 128GB,人民币,2026-04-13,日低点,243.00,开盘价,243.00,收盘价,243.00,243.0,243.0,243.0,当前价,￥243.00,2026-04-22 18:00,0.00,0.00%,前收盘,￥243.00,日高点,￥243.00,日低点,￥243.00,$33.00,https://www.chinaflashmarket.com/price/flashcard,https://www.chinaflashmarket.com/price/sz/100190,https://www.chinaflashmarket.com/price/sz/100190/1,2026-04-22 20:13:57
移动存储,闪存卡,行业市场MicroSD 128GB,人民币,2026-04-10,日低点,243.00,开盘价,243.00,收盘价,243.00,243.0,243.0,243.0,当前价,￥243.00,2026-04-22 18:00,0.00,0.00%,前收盘,￥243.00,日高点,￥243.00,日低点,￥243.00,$33.00,https://www.chinaflashmarket.com/price/flashcard,https://www.chinaflashmarket.com/price/sz/100190,https://www.chinaflashmarket.com/price/sz/100190/1,2026-04-22 20:13:57
移动存储,闪存卡,行业市场MicroSD 128GB,人民币,2026-04-09,日低点,243.00,开盘价,243.00,收盘价,243.00,243.0,243.0,243.0,当前价,￥243.00,2026-04-22 18:00,0.00,0.00%,前收盘,￥243.00,日高点,￥243.00,日低点,￥243.00,$33.00,https://www.chinaflashmarket.com/price/flashcard,https://www.chinaflashmarket.com/price/sz/100190,https://www.chinaflashmarket.com/price/sz/100190/1,2026-04-22 20:13:57
移动存储,闪存卡,行业市场MicroSD 128GB,人民币,2026-04-08,日低点,243.00,开盘价,243.00,收盘价,243.00,243.0,243.0,243.0,当前价,￥243.00,2026-04-22 18:00,0.00,0.00%,前收盘,￥243.00,日高点,￥243.00,日低点,￥243.00,$33.00,https://www.chinaflashmarket.com/price/flashcard,https://www.chinaflashmarket.com/price/sz/100190,https://www.chinaflashmarket.com/price/sz/100190/1,2026-04-22 20:13:57
移动存储,闪存卡,行业市场MicroSD 128GB,人民币,2026-04-07,日低点,243.00,开盘价,243.00,收盘价,243.00,243.0,243.0,243.0,当前价,￥243.00,2026-04-22 18:00,0.00,0.00%,前收盘,￥243.00,日高点,￥243.00,日低点,￥243.00,$33.00,https://www.chinaflashmarket.com/price/flashcard,https://www.chinaflashmarket.com/price/sz/100190,https://www.chinaflashmarket.com/price/sz/100190/1,2026-04-22 20:13:57
移动存储,闪存卡,行业市场MicroSD 128GB,人民币,2026-04-03,日低点,243.00,开盘价,243.00,收盘价,243.00,243.0,243.0,243.0,当前价,￥243.00,2026-04-22 18:00,0.00,0.00%,前收盘,￥243.00,日高点,￥243.00,日低点,￥243.00,$33.00,https://www.chinaflashmarket.com/price/flashcard,https://www.chinaflashmarket.com/price/sz/100190,https://www.chinaflashmarket.com/price/sz/100190/1,2026-04-22 20:13:57
移动存储,闪存卡,行业市场MicroSD 128GB,人民币,2026-04-02,日低点,243.00,开盘价,243.00,收盘价,243.00,243.0,243.0,243.0,当前价,￥243.00,2026-04-22 18:00,0.00,0.00%,前收盘,￥243.00,日高点,￥243.00,日低点,￥243.00,$33.00,https://www.chinaflashmarket.com/price/flashcard,https://www.chinaflashmarket.com/price/sz/100190,https://www.chinaflashmarket.com/price/sz/100190/1,2026-04-22 20:13:57
移动存储,闪存卡,行业市场MicroSD 128GB,人民币,2026-04-01,日低点,243.00,开盘价,243.00,收盘价,243.00,243.0,243.0,243.0,当前价,￥243.00,2026-04-22 18:00,0.00,0.00%,前收盘,￥243.00,日高点,￥243.00,日低点,￥243.00,$33.00,https://www.chinaflashmarket.com/price/flashcard,https://www.chinaflashmarket.com/price/sz/100190,https://www.chinaflashmarket.com/price/sz/100190/1,2026-04-22 20:13:57
移动存储,闪存卡,行业市场MicroSD 128GB,人民币,2026-03-31,日低点,243.00,开盘价,243.00,收盘价,243.00,243.0,243.0,243.0,当前价,￥243.00,2026-04-22 18:00,0.00,0.00%,前收盘,￥243.00,日高点,￥243.00,日低点,￥243.00,$33.00,https://www.chinaflashmarket.com/price/flashcard,https://www.chinaflashmarket.com/price/sz/100190,https://www.chinaflashmarket.com/price/sz/100190/1,2026-04-22 20:13:57
移动存储,闪存卡,行业市场MicroSD 128GB,人民币,2026-03-30,日低点,243.00,开盘价,243.00,收盘价,243.00,243.0,243.0,243.0,当前价,￥243.00,2026-04-22 18:00,0.00,0.00%,前收盘,￥243.00,日高点,￥243.00,日低点,￥243.00,$33.00,https://www.chinaflashmarket.com/price/flashcard,https://www.chinaflashmarket.com/price/sz/100190,https://www.chinaflashmarket.com/price/sz/100190/1,2026-04-22 20:13:57
移动存储,闪存卡,行业市场MicroSD 128GB,人民币,2026-03-27,日低点,243.00,开盘价,243.00,收盘价,243.00,243.0,243.0,243.0,当前价,￥243.00,2026-04-22 18:00,0.00,0.00%,前收盘,￥243.00,日高点,￥243.00,日低点,￥243.00,$33.00,https://www.chinaflashmarket.com/price/flashcard,https://www.chinaflashmarket.com/price/sz/100190,https://www.chinaflashmarket.com/price/sz/100190/1,2026-04-22 20:13:57
移动存储,闪存卡,行业市场MicroSD 128GB,人民币,2026-03-26,日低点,243.00,开盘价,243.00,收盘价,243.00,243.0,243.0,243.0,当前价,￥243.00,2026-04-22 18:00,0.00,0.00%,前收盘,￥243.00,日高点,￥243.00,日低点,￥243.00,$33.00,https://www.chinaflashmarket.com/price/flashcard,https://www.chinaflashmarket.com/price/sz/100190,https://www.chinaflashmarket.com/price/sz/100190/1,2026-04-22 20:13:57
移动存储,闪存卡,行业市场MicroSD 128GB,人民币,2026-03-25,日低点,243.00,开盘价,243.00,收盘价,243.00,243.0,243.0,243.0,当前价,￥243.00,2026-04-22 18:00,0.00,0.00%,前收盘,￥243.00,日高点,￥243.00,日低点,￥243.00,$33.00,https://www.chinaflashmarket.com/price/flashcard,https://www.chinaflashmarket.com/price/sz/100190,https://www.chinaflashmarket.com/price/sz/100190/1,2026-04-22 20:13:57
移动存储,闪存卡,行业市场MicroSD 128GB,人民币,2026-03-24,日低点,243.00,开盘价,243.00,收盘价,243.00,243.0,243.0,243.0,当前价,￥243.00,2026-04-22 18:00,0.00,0.00%,前收盘,￥243.00,日高点,￥243.00,日低点,￥243.00,$33.00,https://www.chinaflashmarket.com/price/flashcard,https://www.chinaflashmarket.com/price/sz/100190,https://www.chinaflashmarket.com/price/sz/100190/1,2026-04-22 20:13:57
移动存储,闪存卡,行业市场MicroSD 128GB,人民币,2026-03-23,日低点,243.00,开盘价,243.00,收盘价,243.00,243.0,243.0,243.0,当前价,￥243.00,2026-04-22 18:00,0.00,0.00%,前收盘,￥243.00,日高点,￥243.00,日低点,￥243.00,$33.00,https://www.chinaflashmarket.com/price/flashcard,https://www.chinaflashmarket.com/price/sz/100190,https://www.chinaflashmarket.com/price/sz/100190/1,2026-04-22 20:13:57
移动存储,闪存卡,行业市场MicroSD 128GB,人民币,2026-03-20,日低点,243.00,开盘价,243.00,收盘价,243.00,243.0,243.0,243.0,当前价,￥243.00,2026-04-22 18:00,0.00,0.00%,前收盘,￥243.00,日高点,￥243.00,日低点,￥243.00,$33.00,https://www.chinaflashmarket.com/price/flashcard,https://www.chinaflashmarket.com/price/sz/100190,https://www.chinaflashmarket.com/price/sz/100190/1,2026-04-22 20:13:57
移动存储,闪存卡,行业市场MicroSD 128GB,人民币,2026-03-19,日低点,243.00,开盘价,243.00,收盘价,243.00,243.0,243.0,243.0,当前价,￥243.00,2026-04-22 18:00,0.00,0.00%,前收盘,￥243.00,日高点,￥243.00,日低点,￥243.00,$33.00,https://www.chinaflashmarket.com/price/flashcard,https://www.chinaflashmarket.com/price/sz/100190,https://www.chinaflashmarket.com/price/sz/100190/1,2026-04-22 20:13:57
移动存储,闪存卡,行业市场MicroSD 128GB,人民币,2026-03-18,日低点,243.00,开盘价,243.00,收盘价,243.00,243.0,243.0,243.0,当前价,￥243.00,2026-04-22 18:00,0.00,0.00%,前收盘,￥243.00,日高点,￥243.00,日低点,￥243.00,$33.00,https://www.chinaflashmarket.com/price/flashcard,https://www.chinaflashmarket.com/price/sz/100190,https://www.chinaflashmarket.com/price/sz/100190/1,2026-04-22 20:13:57
移动存储,闪存卡,行业市场MicroSD 128GB,人民币,2026-03-17,日低点,243.00,开盘价,243.00,收盘价,243.00,243.0,243.0,243.0,当前价,￥243.00,2026-04-22 18:00,0.00,0.00%,前收盘,￥243.00,日高点,￥243.00,日低点,￥243.00,$33.00,https://www.chinaflashmarket.com/price/flashcard,https://www.chinaflashmarket.com/price/sz/100190,https://www.chinaflashmarket.com/price/sz/100190/1,2026-04-22 20:13:57
移动存储,闪存卡,行业市场MicroSD 128GB,人民币,2026-03-16,日低点,243.00,开盘价,243.00,收盘价,243.00,243.0,243.0,243.0,当前价,￥243.00,2026-04-22 18:00,0.00,0.00%,前收盘,￥243.00,日高点,￥243.00,日低点,￥243.00,$33.00,https://www.chinaflashmarket.com/price/flashcard,https://www.chinaflashmarket.com/price/sz/100190,https://www.chinaflashmarket.com/price/sz/100190/1,2026-04-22 20:13:57
移动存储,闪存卡,行业市场MicroSD 128GB,人民币,2026-03-13,日低点,243.00,开盘价,243.00,收盘价,243.00,243.0,243.0,243.0,当前价,￥243.00,2026-04-22 18:00,0.00,0.00%,前收盘,￥243.00,日高点,￥243.00,日低点,￥243.00,$33.00,https://www.chinaflashmarket.com/price/flashcard,https://www.chinaflashmarket.com/price/sz/100190,https://www.chinaflashmarket.com/price/sz/100190/1,2026-04-22 20:13:57
移动存储,闪存卡,行业市场MicroSD 128GB,人民币,2026-03-12,日低点,243.00,开盘价,243.00,收盘价,243.00,243.0,243.0,243.0,当前价,￥243.00,2026-04-22 18:00,0.00,0.00%,前收盘,￥243.00,日高点,￥243.00,日低点,￥243.00,$33.00,https://www.chinaflashmarket.com/price/flashcard,https://www.chinaflashmarket.com/price/sz/100190,https://www.chinaflashmarket.com/price/sz/100190/1,2026-04-22 20:13:57
移动存储,闪存卡,行业市场MicroSD 128GB,人民币,2026-03-11,日低点,243.00,开盘价,243.00,收盘价,243.00,243.0,243.0,243.0,当前价,￥243.00,2026-04-22 18:00,0.00,0.00%,前收盘,￥243.00,日高点,￥243.00,日低点,￥243.00,$33.00,https://www.chinaflashmarket.com/price/flashcard,https://www.chinaflashmarket.com/price/sz/100190,https://www.chinaflashmarket.com/price/sz/100190/1,2026-04-22 20:13:57
移动存储,闪存卡,行业市场MicroSD 128GB,人民币,2026-03-10,日低点,243.00,开盘价,243.00,收盘价,243.00,243.0,243.0,243.0,当前价,￥243.00,2026-04-22 18:00,0.00,0.00%,前收盘,￥243.00,日高点,￥243.00,日低点,￥243.00,$33.00,https://www.chinaflashmarket.com/price/flashcard,https://www.chinaflashmarket.com/price/sz/100190,https://www.chinaflashmarket.com/price/sz/100190/1,2026-04-22 20:13:57
移动存储,闪存卡,行业市场MicroSD 128GB,人民币,2026-03-09,日低点,243.00,开盘价,243.00,收盘价,243.00,243.0,243.0,243.0,当前价,￥243.00,2026-04-22 18:00,0.00,0.00%,前收盘,￥243.00,日高点,￥243.00,日低点,￥243.00,$33.00,https://www.chinaflashmarket.com/price/flashcard,https://www.chinaflashmarket.com/price/sz/100190,https://www.chinaflashmarket.com/price/sz/100190/1,2026-04-22 20:13:57
移动存储,闪存卡,行业市场MicroSD 128GB,人民币,2026-03-06,日低点,243.00,开盘价,243.00,收盘价,243.00,243.0,243.0,243.0,当前价,￥243.00,2026-04-22 18:00,0.00,0.00%,前收盘,￥243.00,日高点,￥243.00,日低点,￥243.00,$33.00,https://www.chinaflashmarket.com/price/flashcard,https://www.chinaflashmarket.com/price/sz/100190,https://www.chinaflashmarket.com/price/sz/100190/1,2026-04-22 20:13:57
移动存储,闪存卡,行业市场MicroSD 128GB,人民币,2026-03-05,日低点,207.00,开盘价,207.00,收盘价,207.00,207.0,207.0,207.0,当前价,￥243.00,2026-04-22 18:00,0.00,0.00%,前收盘,￥243.00,日高点,￥243.00,日低点,￥243.00,$33.00,https://www.chinaflashmarket.com/price/flashcard,https://www.chinaflashmarket.com/price/sz/100190,https://www.chinaflashmarket.com/price/sz/100190/1,2026-04-22 20:13:57
移动存储,闪存卡,行业市场MicroSD 128GB,人民币,2026-03-04,日低点,207.00,开盘价,207.00,收盘价,207.00,207.0,207.0,207.0,当前价,￥243.00,2026-04-22 18:00,0.00,0.00%,前收盘,￥243.00,日高点,￥243.00,日低点,￥243.00,$33.00,https://www.chinaflashmarket.com/price/flashcard,https://www.chinaflashmarket.com/price/sz/100190,https://www.chinaflashmarket.com/price/sz/100190/1,2026-04-22 20:13:57
移动存储,闪存卡,行业市场MicroSD 128GB,人民币,2026-03-03,日低点,207.00,开盘价,207.00,收盘价,207.00,207.0,207.0,207.0,当前价,￥243.00,2026-04-22 18:00,0.00,0.00%,前收盘,￥243.00,日高点,￥243.00,日低点,￥243.00,$33.00,https://www.chinaflashmarket.com/price/flashcard,https://www.chinaflashmarket.com/price/sz/100190,https://www.chinaflashmarket.com/price/sz/100190/1,2026-04-22 20:13:57
移动存储,闪存卡,行业市场MicroSD 128GB,人民币,2026-03-02,日低点,207.00,开盘价,207.00,收盘价,207.00,207.0,207.0,207.0,当前价,￥243.00,2026-04-22 18:00,0.00,0.00%,前收盘,￥243.00,日高点,￥243.00,日低点,￥243.00,$33.00,https://www.chinaflashmarket.com/price/flashcard,https://www.chinaflashmarket.com/price/sz/100190,https://www.chinaflashmarket.com/price/sz/100190/1,2026-04-22 20:13:57
移动存储,闪存卡,行业市场MicroSD 128GB,人民币,2026-02-28,日低点,207.00,开盘价,207.00,收盘价,207.00,207.0,207.0,207.0,当前价,￥243.00,2026-04-22 18:00,0.00,0.00%,前收盘,￥243.00,日高点,￥243.00,日低点,￥243.00,$33.00,https://www.chinaflashmarket.com/price/flashcard,https://www.chinaflashmarket.com/price/sz/100190,https://www.chinaflashmarket.com/price/sz/100190/1,2026-04-22 20:13:57
移动存储,闪存卡,行业市场MicroSD 128GB,人民币,2026-02-27,日低点,207.00,开盘价,207.00,收盘价,207.00,207.0,207.0,207.0,当前价,￥243.00,2026-04-22 18:00,0.00,0.00%,前收盘,￥243.00,日高点,￥243.00,日低点,￥243.00,$33.00,https://www.chinaflashmarket.com/price/flashcard,https://www.chinaflashmarket.com/price/sz/100190,https://www.chinaflashmarket.com/price/sz/100190/1,2026-04-22 20:13:57
移动存储,闪存卡,行业市场MicroSD 128GB,人民币,2026-02-26,日低点,207.00,开盘价,207.00,收盘价,207.00,207.0,207.0,207.0,当前价,￥243.00,2026-04-22 18:00,0.00,0.00%,前收盘,￥243.00,日高点,￥243.00,日低点,￥243.00,$33.00,https://www.chinaflashmarket.com/price/flashcard,https://www.chinaflashmarket.com/price/sz/100190,https://www.chinaflashmarket.com/price/sz/100190/1,2026-04-22 20:13:57
移动存储,闪存卡,行业市场MicroSD 128GB,人民币,2026-02-25,日低点,207.00,开盘价,207.00,收盘价,207.00,207.0,207.0,207.0,当前价,￥243.00,2026-04-22 18:00,0.00,0.00%,前收盘,￥243.00,日高点,￥243.00,日低点,￥243.00,$33.00,https://www.chinaflashmarket.com/price/flashcard,https://www.chinaflashmarket.com/price/sz/100190,https://www.chinaflashmarket.com/price/sz/100190/1,2026-04-22 20:13:57
移动存储,闪存卡,行业市场MicroSD 128GB,人民币,2026-02-24,日低点,207.00,开盘价,207.00,收盘价,207.00,207.0,207.0,207.0,当前价,￥243.00,2026-04-22 18:00,0.00,0.00%,前收盘,￥243.00,日高点,￥243.00,日低点,￥243.00,$33.00,https://www.chinaflashmarket.com/price/flashcard,https://www.chinaflashmarket.com/price/sz/100190,https://www.chinaflashmarket.com/price/sz/100190/1,2026-04-22 20:13:57
移动存储,闪存卡,行业市场MicroSD 128GB,人民币,2026-02-14,日低点,207.00,开盘价,207.00,收盘价,207.00,207.0,207.0,207.0,当前价,￥243.00,2026-04-22 18:00,0.00,0.00%,前收盘,￥243.00,日高点,￥243.00,日低点,￥243.00,$33.00,https://www.chinaflashmarket.com/price/flashcard,https://www.chinaflashmarket.com/price/sz/100190,https://www.chinaflashmarket.com/price/sz/100190/1,2026-04-22 20:13:57
移动存储,闪存卡,行业市场MicroSD 128GB,人民币,2026-02-13,日低点,207.00,开盘价,207.00,收盘价,207.00,207.0,207.0,207.0,当前价,￥243.00,2026-04-22 18:00,0.00,0.00%,前收盘,￥243.00,日高点,￥243.00,日低点,￥243.00,$33.00,https://www.chinaflashmarket.com/price/flashcard,https://www.chinaflashmarket.com/price/sz/100190,https://www.chinaflashmarket.com/price/sz/100190/1,2026-04-22 20:13:57
移动存储,闪存卡,行业市场MicroSD 128GB,人民币,2026-02-12,日低点,207.00,开盘价,207.00,收盘价,207.00,207.0,207.0,207.0,当前价,￥243.00,2026-04-22 18:00,0.00,0.00%,前收盘,￥243.00,日高点,￥243.00,日低点,￥243.00,$33.00,https://www.chinaflashmarket.com/price/flashcard,https://www.chinaflashmarket.com/price/sz/100190,https://www.chinaflashmarket.com/price/sz/100190/1,2026-04-22 20:13:57
移动存储,闪存卡,行业市场MicroSD 128GB,人民币,2026-02-11,日低点,207.00,开盘价,207.00,收盘价,207.00,207.0,207.0,207.0,当前价,￥243.00,2026-04-22 18:00,0.00,0.00%,前收盘,￥243.00,日高点,￥243.00,日低点,￥243.00,$33.00,https://www.chinaflashmarket.com/price/flashcard,https://www.chinaflashmarket.com/price/sz/100190,https://www.chinaflashmarket.com/price/sz/100190/1,2026-04-22 20:13:57
移动存储,闪存卡,行业市场MicroSD 128GB,人民币,2026-02-10,日低点,207.00,开盘价,207.00,收盘价,207.00,207.0,207.0,207.0,当前价,￥243.00,2026-04-22 18:00,0.00,0.00%,前收盘,￥243.00,日高点,￥243.00,日低点,￥243.00,$33.00,https://www.chinaflashmarket.com/price/flashcard,https://www.chinaflashmarket.com/price/sz/100190,https://www.chinaflashmarket.com/price/sz/100190/1,2026-04-22 20:13:57
移动存储,闪存卡,行业市场MicroSD 128GB,人民币,2026-02-09,日低点,207.00,开盘价,207.00,收盘价,207.00,207.0,207.0,207.0,当前价,￥243.00,2026-04-22 18:00,0.00,0.00%,前收盘,￥243.00,日高点,￥243.00,日低点,￥243.00,$33.00,https://www.chinaflashmarket.com/price/flashcard,https://www.chinaflashmarket.com/price/sz/100190,https://www.chinaflashmarket.com/price/sz/100190/1,2026-04-22 20:13:57
移动存储,闪存卡,行业市场MicroSD 128GB,人民币,2026-02-06,日低点,205.30,开盘价,205.30,收盘价,207.00,205.3,205.3,207.0,当前价,￥243.00,2026-04-22 18:00,0.00,0.00%,前收盘,￥243.00,日高点,￥243.00,日低点,￥243.00,$33.00,https://www.chinaflashmarket.com/price/flashcard,https://www.chinaflashmarket.com/price/sz/100190,https://www.chinaflashmarket.com/price/sz/100190/1,2026-04-22 20:13:57
移动存储,闪存卡,行业市场MicroSD 128GB,人民币,2026-02-05,日低点,205.30,开盘价,205.30,收盘价,205.30,205.3,205.3,205.3,当前价,￥243.00,2026-04-22 18:00,0.00,0.00%,前收盘,￥243.00,日高点,￥243.00,日低点,￥243.00,$33.00,https://www.chinaflashmarket.com/price/flashcard,https://www.chinaflashmarket.com/price/sz/100190,https://www.chinaflashmarket.com/price/sz/100190/1,2026-04-22 20:13:57
移动存储,闪存卡,行业市场MicroSD 128GB,人民币,2026-02-04,日低点,205.30,开盘价,205.30,收盘价,205.30,205.3,205.3,205.3,当前价,￥243.00,2026-04-22 18:00,0.00,0.00%,前收盘,￥243.00,日高点,￥243.00,日低点,￥243.00,$33.00,https://www.chinaflashmarket.com/price/flashcard,https://www.chinaflashmarket.com/price/sz/100190,https://www.chinaflashmarket.com/price/sz/100190/1,2026-04-22 20:13:57
移动存储,闪存卡,行业市场MicroSD 128GB,人民币,2026-02-03,日低点,205.30,开盘价,205.30,收盘价,205.30,205.3,205.3,205.3,当前价,￥243.00,2026-04-22 18:00,0.00,0.00%,前收盘,￥243.00,日高点,￥243.00,日低点,￥243.00,$33.00,https://www.chinaflashmarket.com/price/flashcard,https://www.chinaflashmarket.com/price/sz/100190,https://www.chinaflashmarket.com/price/sz/100190/1,2026-04-22 20:13:57
移动存储,闪存卡,行业市场MicroSD 128GB,人民币,2026-02-02,日低点,205.30,开盘价,205.30,收盘价,205.30,205.3,205.3,205.3,当前价,￥243.00,2026-04-22 18:00,0.00,0.00%,前收盘,￥243.00,日高点,￥243.00,日低点,￥243.00,$33.00,https://www.chinaflashmarket.com/price/flashcard,https://www.chinaflashmarket.com/price/sz/100190,https://www.chinaflashmarket.com/price/sz/100190/1,2026-04-22 20:13:57
移动存储,闪存卡,行业市场MicroSD 128GB,人民币,2026-01-30,日低点,205.30,开盘价,205.30,收盘价,205.30,205.3,205.3,205.3,当前价,￥243.00,2026-04-22 18:00,0.00,0.00%,前收盘,￥243.00,日高点,￥243.00,日低点,￥243.00,$33.00,https://www.chinaflashmarket.com/price/flashcard,https://www.chinaflashmarket.com/price/sz/100190,https://www.chinaflashmarket.com/price/sz/100190/1,2026-04-22 20:13:57
移动存储,闪存卡,行业市场MicroSD 128GB,人民币,2026-01-29,日低点,205.30,开盘价,205.30,收盘价,205.30,205.3,205.3,205.3,当前价,￥243.00,2026-04-22 18:00,0.00,0.00%,前收盘,￥243.00,日高点,￥243.00,日低点,￥243.00,$33.00,https://www.chinaflashmarket.com/price/flashcard,https://www.chinaflashmarket.com/price/sz/100190,https://www.chinaflashmarket.com/price/sz/100190/1,2026-04-22 20:13:57
移动存储,闪存卡,行业市场MicroSD 128GB,人民币,2026-01-28,日低点,205.30,开盘价,205.30,收盘价,205.30,205.3,205.3,205.3,当前价,￥243.00,2026-04-22 18:00,0.00,0.00%,前收盘,￥243.00,日高点,￥243.00,日低点,￥243.00,$33.00,https://www.chinaflashmarket.com/price/flashcard,https://www.chinaflashmarket.com/price/sz/100190,https://www.chinaflashmarket.com/price/sz/100190/1,2026-04-22 20:13:57
移动存储,闪存卡,行业市场MicroSD 128GB,人民币,2026-01-27,日低点,205.30,开盘价,205.30,收盘价,205.30,205.3,205.3,205.3,当前价,￥243.00,2026-04-22 18:00,0.00,0.00%,前收盘,￥243.00,日高点,￥243.00,日低点,￥243.00,$33.00,https://www.chinaflashmarket.com/price/flashcard,https://www.chinaflashmarket.com/price/sz/100190,https://www.chinaflashmarket.com/price/sz/100190/1,2026-04-22 20:13:57
移动存储,闪存卡,行业市场MicroSD 128GB,人民币,2026-01-26,日低点,205.30,开盘价,205.30,收盘价,205.30,205.3,205.3,205.3,当前价,￥243.00,2026-04-22 18:00,0.00,0.00%,前收盘,￥243.00,日高点,￥243.00,日低点,￥243.00,$33.00,https://www.chinaflashmarket.com/price/flashcard,https://www.chinaflashmarket.com/price/sz/100190,https://www.chinaflashmarket.com/price/sz/100190/1,2026-04-22 20:13:57
移动存储,闪存卡,行业市场MicroSD 128GB,人民币,2026-01-23,日低点,205.30,开盘价,205.30,收盘价,205.30,205.3,205.3,205.3,当前价,￥243.00,2026-04-22 18:00,0.00,0.00%,前收盘,￥243.00,日高点,￥243.00,日低点,￥243.00,$33.00,https://www.chinaflashmarket.com/price/flashcard,https://www.chinaflashmarket.com/price/sz/100190,https://www.chinaflashmarket.com/price/sz/100190/1,2026-04-22 20:13:57
移动存储,闪存卡,行业市场MicroSD 128GB,人民币,2026-01-22,日低点,205.30,开盘价,205.30,收盘价,205.30,205.3,205.3,205.3,当前价,￥243.00,2026-04-22 18:00,0.00,0.00%,前收盘,￥243.00,日高点,￥243.00,日低点,￥243.00,$33.00,https://www.chinaflashmarket.com/price/flashcard,https://www.chinaflashmarket.com/price/sz/100190,https://www.chinaflashmarket.com/price/sz/100190/1,2026-04-22 20:13:57
移动存储,闪存卡,行业市场MicroSD 256GB,人民币,2026-04-21,日低点,448.60,开盘价,448.60,收盘价,448.60,448.6,448.6,448.6,当前价,￥448.60,2026-04-22 18:00,0.00,0.00%,前收盘,￥448.60,日高点,￥448.60,日低点,￥448.60,$61.00,https://www.chinaflashmarket.com/price/flashcard,https://www.chinaflashmarket.com/price/sz/100235,https://www.chinaflashmarket.com/price/sz/100235/1,2026-04-22 20:13:57
移动存储,闪存卡,行业市场MicroSD 256GB,人民币,2026-04-20,日低点,448.60,开盘价,448.60,收盘价,448.60,448.6,448.6,448.6,当前价,￥448.60,2026-04-22 18:00,0.00,0.00%,前收盘,￥448.60,日高点,￥448.60,日低点,￥448.60,$61.00,https://www.chinaflashmarket.com/price/flashcard,https://www.chinaflashmarket.com/price/sz/100235,https://www.chinaflashmarket.com/price/sz/100235/1,2026-04-22 20:13:57
移动存储,闪存卡,行业市场MicroSD 256GB,人民币,2026-04-17,日低点,448.60,开盘价,448.60,收盘价,448.60,448.6,448.6,448.6,当前价,￥448.60,2026-04-22 18:00,0.00,0.00%,前收盘,￥448.60,日高点,￥448.60,日低点,￥448.60,$61.00,https://www.chinaflashmarket.com/price/flashcard,https://www.chinaflashmarket.com/price/sz/100235,https://www.chinaflashmarket.com/price/sz/100235/1,2026-04-22 20:13:57
移动存储,闪存卡,行业市场MicroSD 256GB,人民币,2026-04-16,日低点,448.60,开盘价,448.60,收盘价,448.60,448.6,448.6,448.6,当前价,￥448.60,2026-04-22 18:00,0.00,0.00%,前收盘,￥448.60,日高点,￥448.60,日低点,￥448.60,$61.00,https://www.chinaflashmarket.com/price/flashcard,https://www.chinaflashmarket.com/price/sz/100235,https://www.chinaflashmarket.com/price/sz/100235/1,2026-04-22 20:13:57
移动存储,闪存卡,行业市场MicroSD 256GB,人民币,2026-04-15,日低点,448.60,开盘价,448.60,收盘价,448.60,448.6,448.6,448.6,当前价,￥448.60,2026-04-22 18:00,0.00,0.00%,前收盘,￥448.60,日高点,￥448.60,日低点,￥448.60,$61.00,https://www.chinaflashmarket.com/price/flashcard,https://www.chinaflashmarket.com/price/sz/100235,https://www.chinaflashmarket.com/price/sz/100235/1,2026-04-22 20:13:57
移动存储,闪存卡,行业市场MicroSD 256GB,人民币,2026-04-14,日低点,448.60,开盘价,448.60,收盘价,448.60,448.6,448.6,448.6,当前价,￥448.60,2026-04-22 18:00,0.00,0.00%,前收盘,￥448.60,日高点,￥448.60,日低点,￥448.60,$61.00,https://www.chinaflashmarket.com/price/flashcard,https://www.chinaflashmarket.com/price/sz/100235,https://www.chinaflashmarket.com/price/sz/100235/1,2026-04-22 20:13:57
移动存储,闪存卡,行业市场MicroSD 256GB,人民币,2026-04-13,日低点,448.60,开盘价,448.60,收盘价,448.60,448.6,448.6,448.6,当前价,￥448.60,2026-04-22 18:00,0.00,0.00%,前收盘,￥448.60,日高点,￥448.60,日低点,￥448.60,$61.00,https://www.chinaflashmarket.com/price/flashcard,https://www.chinaflashmarket.com/price/sz/100235,https://www.chinaflashmarket.com/price/sz/100235/1,2026-04-22 20:13:57
移动存储,闪存卡,行业市场MicroSD 256GB,人民币,2026-04-10,日低点,448.60,开盘价,448.60,收盘价,448.60,448.6,448.6,448.6,当前价,￥448.60,2026-04-22 18:00,0.00,0.00%,前收盘,￥448.60,日高点,￥448.60,日低点,￥448.60,$61.00,https://www.chinaflashmarket.com/price/flashcard,https://www.chinaflashmarket.com/price/sz/100235,https://www.chinaflashmarket.com/price/sz/100235/1,2026-04-22 20:13:57
移动存储,闪存卡,行业市场MicroSD 256GB,人民币,2026-04-09,日低点,448.60,开盘价,448.60,收盘价,448.60,448.6,448.6,448.6,当前价,￥448.60,2026-04-22 18:00,0.00,0.00%,前收盘,￥448.60,日高点,￥448.60,日低点,￥448.60,$61.00,https://www.chinaflashmarket.com/price/flashcard,https://www.chinaflashmarket.com/price/sz/100235,https://www.chinaflashmarket.com/price/sz/100235/1,2026-04-22 20:13:57
移动存储,闪存卡,行业市场MicroSD 256GB,人民币,2026-04-08,日低点,448.60,开盘价,448.60,收盘价,448.60,448.6,448.6,448.6,当前价,￥448.60,2026-04-22 18:00,0.00,0.00%,前收盘,￥448.60,日高点,￥448.60,日低点,￥448.60,$61.00,https://www.chinaflashmarket.com/price/flashcard,https://www.chinaflashmarket.com/price/sz/100235,https://www.chinaflashmarket.com/price/sz/100235/1,2026-04-22 20:13:57
移动存储,闪存卡,行业市场MicroSD 256GB,人民币,2026-04-07,日低点,448.60,开盘价,448.60,收盘价,448.60,448.6,448.6,448.6,当前价,￥448.60,2026-04-22 18:00,0.00,0.00%,前收盘,￥448.60,日高点,￥448.60,日低点,￥448.60,$61.00,https://www.chinaflashmarket.com/price/flashcard,https://www.chinaflashmarket.com/price/sz/100235,https://www.chinaflashmarket.com/price/sz/100235/1,2026-04-22 20:13:57
移动存储,闪存卡,行业市场MicroSD 256GB,人民币,2026-04-03,日低点,448.60,开盘价,448.60,收盘价,448.60,448.6,448.6,448.6,当前价,￥448.60,2026-04-22 18:00,0.00,0.00%,前收盘,￥448.60,日高点,￥448.60,日低点,￥448.60,$61.00,https://www.chinaflashmarket.com/price/flashcard,https://www.chinaflashmarket.com/price/sz/100235,https://www.chinaflashmarket.com/price/sz/100235/1,2026-04-22 20:13:57
移动存储,闪存卡,行业市场MicroSD 256GB,人民币,2026-04-02,日低点,448.60,开盘价,448.60,收盘价,448.60,448.6,448.6,448.6,当前价,￥448.60,2026-04-22 18:00,0.00,0.00%,前收盘,￥448.60,日高点,￥448.60,日低点,￥448.60,$61.00,https://www.chinaflashmarket.com/price/flashcard,https://www.chinaflashmarket.com/price/sz/100235,https://www.chinaflashmarket.com/price/sz/100235/1,2026-04-22 20:13:57
移动存储,闪存卡,行业市场MicroSD 256GB,人民币,2026-04-01,日低点,448.60,开盘价,448.60,收盘价,448.60,448.6,448.6,448.6,当前价,￥448.60,2026-04-22 18:00,0.00,0.00%,前收盘,￥448.60,日高点,￥448.60,日低点,￥448.60,$61.00,https://www.chinaflashmarket.com/price/flashcard,https://www.chinaflashmarket.com/price/sz/100235,https://www.chinaflashmarket.com/price/sz/100235/1,2026-04-22 20:13:57
移动存储,闪存卡,行业市场MicroSD 256GB,人民币,2026-03-31,日低点,448.60,开盘价,448.60,收盘价,448.60,448.6,448.6,448.6,当前价,￥448.60,2026-04-22 18:00,0.00,0.00%,前收盘,￥448.60,日高点,￥448.60,日低点,￥448.60,$61.00,https://www.chinaflashmarket.com/price/flashcard,https://www.chinaflashmarket.com/price/sz/100235,https://www.chinaflashmarket.com/price/sz/100235/1,2026-04-22 20:13:57
移动存储,闪存卡,行业市场MicroSD 256GB,人民币,2026-03-30,日低点,448.60,开盘价,448.60,收盘价,448.60,448.6,448.6,448.6,当前价,￥448.60,2026-04-22 18:00,0.00,0.00%,前收盘,￥448.60,日高点,￥448.60,日低点,￥448.60,$61.00,https://www.chinaflashmarket.com/price/flashcard,https://www.chinaflashmarket.com/price/sz/100235,https://www.chinaflashmarket.com/price/sz/100235/1,2026-04-22 20:13:57
移动存储,闪存卡,行业市场MicroSD 256GB,人民币,2026-03-27,日低点,448.60,开盘价,448.60,收盘价,448.60,448.6,448.6,448.6,当前价,￥448.60,2026-04-22 18:00,0.00,0.00%,前收盘,￥448.60,日高点,￥448.60,日低点,￥448.60,$61.00,https://www.chinaflashmarket.com/price/flashcard,https://www.chinaflashmarket.com/price/sz/100235,https://www.chinaflashmarket.com/price/sz/100235/1,2026-04-22 20:13:57
移动存储,闪存卡,行业市场MicroSD 256GB,人民币,2026-03-26,日低点,448.60,开盘价,448.60,收盘价,448.60,448.6,448.6,448.6,当前价,￥448.60,2026-04-22 18:00,0.00,0.00%,前收盘,￥448.60,日高点,￥448.60,日低点,￥448.60,$61.00,https://www.chinaflashmarket.com/price/flashcard,https://www.chinaflashmarket.com/price/sz/100235,https://www.chinaflashmarket.com/price/sz/100235/1,2026-04-22 20:13:57
移动存储,闪存卡,行业市场MicroSD 256GB,人民币,2026-03-25,日低点,448.60,开盘价,448.60,收盘价,448.60,448.6,448.6,448.6,当前价,￥448.60,2026-04-22 18:00,0.00,0.00%,前收盘,￥448.60,日高点,￥448.60,日低点,￥448.60,$61.00,https://www.chinaflashmarket.com/price/flashcard,https://www.chinaflashmarket.com/price/sz/100235,https://www.chinaflashmarket.com/price/sz/100235/1,2026-04-22 20:13:57
移动存储,闪存卡,行业市场MicroSD 256GB,人民币,2026-03-24,日低点,448.60,开盘价,448.60,收盘价,448.60,448.6,448.6,448.6,当前价,￥448.60,2026-04-22 18:00,0.00,0.00%,前收盘,￥448.60,日高点,￥448.60,日低点,￥448.60,$61.00,https://www.chinaflashmarket.com/price/flashcard,https://www.chinaflashmarket.com/price/sz/100235,https://www.chinaflashmarket.com/price/sz/100235/1,2026-04-22 20:13:57
移动存储,闪存卡,行业市场MicroSD 256GB,人民币,2026-03-23,日低点,448.60,开盘价,448.60,收盘价,448.60,448.6,448.6,448.6,当前价,￥448.60,2026-04-22 18:00,0.00,0.00%,前收盘,￥448.60,日高点,￥448.60,日低点,￥448.60,$61.00,https://www.chinaflashmarket.com/price/flashcard,https://www.chinaflashmarket.com/price/sz/100235,https://www.chinaflashmarket.com/price/sz/100235/1,2026-04-22 20:13:57
移动存储,闪存卡,行业市场MicroSD 256GB,人民币,2026-03-20,日低点,448.60,开盘价,448.60,收盘价,448.60,448.6,448.6,448.6,当前价,￥448.60,2026-04-22 18:00,0.00,0.00%,前收盘,￥448.60,日高点,￥448.60,日低点,￥448.60,$61.00,https://www.chinaflashmarket.com/price/flashcard,https://www.chinaflashmarket.com/price/sz/100235,https://www.chinaflashmarket.com/price/sz/100235/1,2026-04-22 20:13:57
移动存储,闪存卡,行业市场MicroSD 256GB,人民币,2026-03-19,日低点,448.60,开盘价,448.60,收盘价,448.60,448.6,448.6,448.6,当前价,￥448.60,2026-04-22 18:00,0.00,0.00%,前收盘,￥448.60,日高点,￥448.60,日低点,￥448.60,$61.00,https://www.chinaflashmarket.com/price/flashcard,https://www.chinaflashmarket.com/price/sz/100235,https://www.chinaflashmarket.com/price/sz/100235/1,2026-04-22 20:13:57
移动存储,闪存卡,行业市场MicroSD 256GB,人民币,2026-03-18,日低点,448.60,开盘价,448.60,收盘价,448.60,448.6,448.6,448.6,当前价,￥448.60,2026-04-22 18:00,0.00,0.00%,前收盘,￥448.60,日高点,￥448.60,日低点,￥448.60,$61.00,https://www.chinaflashmarket.com/price/flashcard,https://www.chinaflashmarket.com/price/sz/100235,https://www.chinaflashmarket.com/price/sz/100235/1,2026-04-22 20:13:57
移动存储,闪存卡,行业市场MicroSD 256GB,人民币,2026-03-17,日低点,448.60,开盘价,448.60,收盘价,448.60,448.6,448.6,448.6,当前价,￥448.60,2026-04-22 18:00,0.00,0.00%,前收盘,￥448.60,日高点,￥448.60,日低点,￥448.60,$61.00,https://www.chinaflashmarket.com/price/flashcard,https://www.chinaflashmarket.com/price/sz/100235,https://www.chinaflashmarket.com/price/sz/100235/1,2026-04-22 20:13:57
移动存储,闪存卡,行业市场MicroSD 256GB,人民币,2026-03-16,日低点,448.60,开盘价,448.60,收盘价,448.60,448.6,448.6,448.6,当前价,￥448.60,2026-04-22 18:00,0.00,0.00%,前收盘,￥448.60,日高点,￥448.60,日低点,￥448.60,$61.00,https://www.chinaflashmarket.com/price/flashcard,https://www.chinaflashmarket.com/price/sz/100235,https://www.chinaflashmarket.com/price/sz/100235/1,2026-04-22 20:13:57
移动存储,闪存卡,行业市场MicroSD 256GB,人民币,2026-03-13,日低点,448.60,开盘价,448.60,收盘价,448.60,448.6,448.6,448.6,当前价,￥448.60,2026-04-22 18:00,0.00,0.00%,前收盘,￥448.60,日高点,￥448.60,日低点,￥448.60,$61.00,https://www.chinaflashmarket.com/price/flashcard,https://www.chinaflashmarket.com/price/sz/100235,https://www.chinaflashmarket.com/price/sz/100235/1,2026-04-22 20:13:57
移动存储,闪存卡,行业市场MicroSD 256GB,人民币,2026-03-12,日低点,448.60,开盘价,448.60,收盘价,448.60,448.6,448.6,448.6,当前价,￥448.60,2026-04-22 18:00,0.00,0.00%,前收盘,￥448.60,日高点,￥448.60,日低点,￥448.60,$61.00,https://www.chinaflashmarket.com/price/flashcard,https://www.chinaflashmarket.com/price/sz/100235,https://www.chinaflashmarket.com/price/sz/100235/1,2026-04-22 20:13:57
移动存储,闪存卡,行业市场MicroSD 256GB,人民币,2026-03-11,日低点,448.60,开盘价,448.60,收盘价,448.60,448.6,448.6,448.6,当前价,￥448.60,2026-04-22 18:00,0.00,0.00%,前收盘,￥448.60,日高点,￥448.60,日低点,￥448.60,$61.00,https://www.chinaflashmarket.com/price/flashcard,https://www.chinaflashmarket.com/price/sz/100235,https://www.chinaflashmarket.com/price/sz/100235/1,2026-04-22 20:13:57
移动存储,闪存卡,行业市场MicroSD 256GB,人民币,2026-03-10,日低点,448.60,开盘价,448.60,收盘价,448.60,448.6,448.6,448.6,当前价,￥448.60,2026-04-22 18:00,0.00,0.00%,前收盘,￥448.60,日高点,￥448.60,日低点,￥448.60,$61.00,https://www.chinaflashmarket.com/price/flashcard,https://www.chinaflashmarket.com/price/sz/100235,https://www.chinaflashmarket.com/price/sz/100235/1,2026-04-22 20:13:57
移动存储,闪存卡,行业市场MicroSD 256GB,人民币,2026-03-09,日低点,448.60,开盘价,448.60,收盘价,448.60,448.6,448.6,448.6,当前价,￥448.60,2026-04-22 18:00,0.00,0.00%,前收盘,￥448.60,日高点,￥448.60,日低点,￥448.60,$61.00,https://www.chinaflashmarket.com/price/flashcard,https://www.chinaflashmarket.com/price/sz/100235,https://www.chinaflashmarket.com/price/sz/100235/1,2026-04-22 20:13:57
移动存储,闪存卡,行业市场MicroSD 256GB,人民币,2026-03-06,日低点,426.60,开盘价,426.60,收盘价,426.60,426.6,426.6,426.6,当前价,￥448.60,2026-04-22 18:00,0.00,0.00%,前收盘,￥448.60,日高点,￥448.60,日低点,￥448.60,$61.00,https://www.chinaflashmarket.com/price/flashcard,https://www.chinaflashmarket.com/price/sz/100235,https://www.chinaflashmarket.com/price/sz/100235/1,2026-04-22 20:13:57
移动存储,闪存卡,行业市场MicroSD 256GB,人民币,2026-03-05,日低点,418.60,开盘价,418.60,收盘价,418.60,418.6,418.6,418.6,当前价,￥448.60,2026-04-22 18:00,0.00,0.00%,前收盘,￥448.60,日高点,￥448.60,日低点,￥448.60,$61.00,https://www.chinaflashmarket.com/price/flashcard,https://www.chinaflashmarket.com/price/sz/100235,https://www.chinaflashmarket.com/price/sz/100235/1,2026-04-22 20:13:57
移动存储,闪存卡,行业市场MicroSD 256GB,人民币,2026-03-04,日低点,418.60,开盘价,418.60,收盘价,418.60,418.6,418.6,418.6,当前价,￥448.60,2026-04-22 18:00,0.00,0.00%,前收盘,￥448.60,日高点,￥448.60,日低点,￥448.60,$61.00,https://www.chinaflashmarket.com/price/flashcard,https://www.chinaflashmarket.com/price/sz/100235,https://www.chinaflashmarket.com/price/sz/100235/1,2026-04-22 20:13:57
移动存储,闪存卡,行业市场MicroSD 256GB,人民币,2026-03-03,日低点,418.60,开盘价,418.60,收盘价,418.60,418.6,418.6,418.6,当前价,￥448.60,2026-04-22 18:00,0.00,0.00%,前收盘,￥448.60,日高点,￥448.60,日低点,￥448.60,$61.00,https://www.chinaflashmarket.com/price/flashcard,https://www.chinaflashmarket.com/price/sz/100235,https://www.chinaflashmarket.com/price/sz/100235/1,2026-04-22 20:13:57
移动存储,闪存卡,行业市场MicroSD 256GB,人民币,2026-03-02,日低点,418.60,开盘价,418.60,收盘价,418.60,418.6,418.6,418.6,当前价,￥448.60,2026-04-22 18:00,0.00,0.00%,前收盘,￥448.60,日高点,￥448.60,日低点,￥448.60,$61.00,https://www.chinaflashmarket.com/price/flashcard,https://www.chinaflashmarket.com/price/sz/100235,https://www.chinaflashmarket.com/price/sz/100235/1,2026-04-22 20:13:57
移动存储,闪存卡,行业市场MicroSD 256GB,人民币,2026-02-28,日低点,418.60,开盘价,418.60,收盘价,418.60,418.6,418.6,418.6,当前价,￥448.60,2026-04-22 18:00,0.00,0.00%,前收盘,￥448.60,日高点,￥448.60,日低点,￥448.60,$61.00,https://www.chinaflashmarket.com/price/flashcard,https://www.chinaflashmarket.com/price/sz/100235,https://www.chinaflashmarket.com/price/sz/100235/1,2026-04-22 20:13:57
移动存储,闪存卡,行业市场MicroSD 256GB,人民币,2026-02-27,日低点,418.60,开盘价,418.60,收盘价,418.60,418.6,418.6,418.6,当前价,￥448.60,2026-04-22 18:00,0.00,0.00%,前收盘,￥448.60,日高点,￥448.60,日低点,￥448.60,$61.00,https://www.chinaflashmarket.com/price/flashcard,https://www.chinaflashmarket.com/price/sz/100235,https://www.chinaflashmarket.com/price/sz/100235/1,2026-04-22 20:13:57
移动存储,闪存卡,行业市场MicroSD 256GB,人民币,2026-02-26,日低点,418.60,开盘价,418.60,收盘价,418.60,418.6,418.6,418.6,当前价,￥448.60,2026-04-22 18:00,0.00,0.00%,前收盘,￥448.60,日高点,￥448.60,日低点,￥448.60,$61.00,https://www.chinaflashmarket.com/price/flashcard,https://www.chinaflashmarket.com/price/sz/100235,https://www.chinaflashmarket.com/price/sz/100235/1,2026-04-22 20:13:57
移动存储,闪存卡,行业市场MicroSD 256GB,人民币,2026-02-25,日低点,418.60,开盘价,418.60,收盘价,418.60,418.6,418.6,418.6,当前价,￥448.60,2026-04-22 18:00,0.00,0.00%,前收盘,￥448.60,日高点,￥448.60,日低点,￥448.60,$61.00,https://www.chinaflashmarket.com/price/flashcard,https://www.chinaflashmarket.com/price/sz/100235,https://www.chinaflashmarket.com/price/sz/100235/1,2026-04-22 20:13:57
移动存储,闪存卡,行业市场MicroSD 256GB,人民币,2026-02-24,日低点,418.60,开盘价,418.60,收盘价,418.60,418.6,418.6,418.6,当前价,￥448.60,2026-04-22 18:00,0.00,0.00%,前收盘,￥448.60,日高点,￥448.60,日低点,￥448.60,$61.00,https://www.chinaflashmarket.com/price/flashcard,https://www.chinaflashmarket.com/price/sz/100235,https://www.chinaflashmarket.com/price/sz/100235/1,2026-04-22 20:13:57
移动存储,闪存卡,行业市场MicroSD 256GB,人民币,2026-02-14,日低点,418.60,开盘价,418.60,收盘价,418.60,418.6,418.6,418.6,当前价,￥448.60,2026-04-22 18:00,0.00,0.00%,前收盘,￥448.60,日高点,￥448.60,日低点,￥448.60,$61.00,https://www.chinaflashmarket.com/price/flashcard,https://www.chinaflashmarket.com/price/sz/100235,https://www.chinaflashmarket.com/price/sz/100235/1,2026-04-22 20:13:57
移动存储,闪存卡,行业市场MicroSD 256GB,人民币,2026-02-13,日低点,418.60,开盘价,418.60,收盘价,418.60,418.6,418.6,418.6,当前价,￥448.60,2026-04-22 18:00,0.00,0.00%,前收盘,￥448.60,日高点,￥448.60,日低点,￥448.60,$61.00,https://www.chinaflashmarket.com/price/flashcard,https://www.chinaflashmarket.com/price/sz/100235,https://www.chinaflashmarket.com/price/sz/100235/1,2026-04-22 20:13:57
移动存储,闪存卡,行业市场MicroSD 256GB,人民币,2026-02-12,日低点,418.60,开盘价,418.60,收盘价,418.60,418.6,418.6,418.6,当前价,￥448.60,2026-04-22 18:00,0.00,0.00%,前收盘,￥448.60,日高点,￥448.60,日低点,￥448.60,$61.00,https://www.chinaflashmarket.com/price/flashcard,https://www.chinaflashmarket.com/price/sz/100235,https://www.chinaflashmarket.com/price/sz/100235/1,2026-04-22 20:13:57
移动存储,闪存卡,行业市场MicroSD 256GB,人民币,2026-02-11,日低点,418.60,开盘价,418.60,收盘价,418.60,418.6,418.6,418.6,当前价,￥448.60,2026-04-22 18:00,0.00,0.00%,前收盘,￥448.60,日高点,￥448.60,日低点,￥448.60,$61.00,https://www.chinaflashmarket.com/price/flashcard,https://www.chinaflashmarket.com/price/sz/100235,https://www.chinaflashmarket.com/price/sz/100235/1,2026-04-22 20:13:57
移动存储,闪存卡,行业市场MicroSD 256GB,人民币,2026-02-10,日低点,418.60,开盘价,418.60,收盘价,418.60,418.6,418.6,418.6,当前价,￥448.60,2026-04-22 18:00,0.00,0.00%,前收盘,￥448.60,日高点,￥448.60,日低点,￥448.60,$61.00,https://www.chinaflashmarket.com/price/flashcard,https://www.chinaflashmarket.com/price/sz/100235,https://www.chinaflashmarket.com/price/sz/100235/1,2026-04-22 20:13:57
移动存储,闪存卡,行业市场MicroSD 256GB,人民币,2026-02-09,日低点,418.60,开盘价,418.60,收盘价,418.60,418.6,418.6,418.6,当前价,￥448.60,2026-04-22 18:00,0.00,0.00%,前收盘,￥448.60,日高点,￥448.60,日低点,￥448.60,$61.00,https://www.chinaflashmarket.com/price/flashcard,https://www.chinaflashmarket.com/price/sz/100235,https://www.chinaflashmarket.com/price/sz/100235/1,2026-04-22 20:13:57
移动存储,闪存卡,行业市场MicroSD 256GB,人民币,2026-02-06,日低点,418.60,开盘价,418.60,收盘价,418.60,418.6,418.6,418.6,当前价,￥448.60,2026-04-22 18:00,0.00,0.00%,前收盘,￥448.60,日高点,￥448.60,日低点,￥448.60,$61.00,https://www.chinaflashmarket.com/price/flashcard,https://www.chinaflashmarket.com/price/sz/100235,https://www.chinaflashmarket.com/price/sz/100235/1,2026-04-22 20:13:57
移动存储,闪存卡,行业市场MicroSD 256GB,人民币,2026-02-05,日低点,418.60,开盘价,418.60,收盘价,418.60,418.6,418.6,418.6,当前价,￥448.60,2026-04-22 18:00,0.00,0.00%,前收盘,￥448.60,日高点,￥448.60,日低点,￥448.60,$61.00,https://www.chinaflashmarket.com/price/flashcard,https://www.chinaflashmarket.com/price/sz/100235,https://www.chinaflashmarket.com/price/sz/100235/1,2026-04-22 20:13:57
移动存储,闪存卡,行业市场MicroSD 256GB,人民币,2026-02-04,日低点,418.60,开盘价,418.60,收盘价,418.60,418.6,418.6,418.6,当前价,￥448.60,2026-04-22 18:00,0.00,0.00%,前收盘,￥448.60,日高点,￥448.60,日低点,￥448.60,$61.00,https://www.chinaflashmarket.com/price/flashcard,https://www.chinaflashmarket.com/price/sz/100235,https://www.chinaflashmarket.com/price/sz/100235/1,2026-04-22 20:13:57
移动存储,闪存卡,行业市场MicroSD 256GB,人民币,2026-02-03,日低点,418.60,开盘价,418.60,收盘价,418.60,418.6,418.6,418.6,当前价,￥448.60,2026-04-22 18:00,0.00,0.00%,前收盘,￥448.60,日高点,￥448.60,日低点,￥448.60,$61.00,https://www.chinaflashmarket.com/price/flashcard,https://www.chinaflashmarket.com/price/sz/100235,https://www.chinaflashmarket.com/price/sz/100235/1,2026-04-22 20:13:57
移动存储,闪存卡,行业市场MicroSD 256GB,人民币,2026-02-02,日低点,418.60,开盘价,418.60,收盘价,418.60,418.6,418.6,418.6,当前价,￥448.60,2026-04-22 18:00,0.00,0.00%,前收盘,￥448.60,日高点,￥448.60,日低点,￥448.60,$61.00,https://www.chinaflashmarket.com/price/flashcard,https://www.chinaflashmarket.com/price/sz/100235,https://www.chinaflashmarket.com/price/sz/100235/1,2026-04-22 20:13:57
移动存储,闪存卡,行业市场MicroSD 256GB,人民币,2026-01-30,日低点,418.60,开盘价,418.60,收盘价,418.60,418.6,418.6,418.6,当前价,￥448.60,2026-04-22 18:00,0.00,0.00%,前收盘,￥448.60,日高点,￥448.60,日低点,￥448.60,$61.00,https://www.chinaflashmarket.com/price/flashcard,https://www.chinaflashmarket.com/price/sz/100235,https://www.chinaflashmarket.com/price/sz/100235/1,2026-04-22 20:13:57
移动存储,闪存卡,行业市场MicroSD 256GB,人民币,2026-01-29,日低点,418.60,开盘价,418.60,收盘价,418.60,418.6,418.6,418.6,当前价,￥448.60,2026-04-22 18:00,0.00,0.00%,前收盘,￥448.60,日高点,￥448.60,日低点,￥448.60,$61.00,https://www.chinaflashmarket.com/price/flashcard,https://www.chinaflashmarket.com/price/sz/100235,https://www.chinaflashmarket.com/price/sz/100235/1,2026-04-22 20:13:57
移动存储,闪存卡,行业市场MicroSD 256GB,人民币,2026-01-28,日低点,418.60,开盘价,418.60,收盘价,418.60,418.6,418.6,418.6,当前价,￥448.60,2026-04-22 18:00,0.00,0.00%,前收盘,￥448.60,日高点,￥448.60,日低点,￥448.60,$61.00,https://www.chinaflashmarket.com/price/flashcard,https://www.chinaflashmarket.com/price/sz/100235,https://www.chinaflashmarket.com/price/sz/100235/1,2026-04-22 20:13:57
移动存储,闪存卡,行业市场MicroSD 256GB,人民币,2026-01-27,日低点,418.60,开盘价,418.60,收盘价,418.60,418.6,418.6,418.6,当前价,￥448.60,2026-04-22 18:00,0.00,0.00%,前收盘,￥448.60,日高点,￥448.60,日低点,￥448.60,$61.00,https://www.chinaflashmarket.com/price/flashcard,https://www.chinaflashmarket.com/price/sz/100235,https://www.chinaflashmarket.com/price/sz/100235/1,2026-04-22 20:13:57
移动存储,闪存卡,行业市场MicroSD 256GB,人民币,2026-01-26,日低点,418.60,开盘价,418.60,收盘价,418.60,418.6,418.6,418.6,当前价,￥448.60,2026-04-22 18:00,0.00,0.00%,前收盘,￥448.60,日高点,￥448.60,日低点,￥448.60,$61.00,https://www.chinaflashmarket.com/price/flashcard,https://www.chinaflashmarket.com/price/sz/100235,https://www.chinaflashmarket.com/price/sz/100235/1,2026-04-22 20:13:57
移动存储,闪存卡,行业市场MicroSD 256GB,人民币,2026-01-23,日低点,418.60,开盘价,418.60,收盘价,418.60,418.6,418.6,418.6,当前价,￥448.60,2026-04-22 18:00,0.00,0.00%,前收盘,￥448.60,日高点,￥448.60,日低点,￥448.60,$61.00,https://www.chinaflashmarket.com/price/flashcard,https://www.chinaflashmarket.com/price/sz/100235,https://www.chinaflashmarket.com/price/sz/100235/1,2026-04-22 20:13:57
移动存储,闪存卡,行业市场MicroSD 256GB,人民币,2026-01-22,日低点,418.60,开盘价,418.60,收盘价,418.60,418.6,418.6,418.6,当前价,￥448.60,2026-04-22 18:00,0.00,0.00%,前收盘,￥448.60,日高点,￥448.60,日低点,￥448.60,$61.00,https://www.chinaflashmarket.com/price/flashcard,https://www.chinaflashmarket.com/price/sz/100235,https://www.chinaflashmarket.com/price/sz/100235/1,2026-04-22 20:13:57
移动存储,闪存卡,行业市场MicroSD 512GB,人民币,2026-04-21,日低点,882.80,开盘价,882.80,收盘价,882.80,882.8,882.8,882.8,当前价,￥882.80,2026-04-22 18:00,0.00,0.00%,前收盘,￥882.80,日高点,￥882.80,日低点,￥882.80,$120.00,https://www.chinaflashmarket.com/price/flashcard,https://www.chinaflashmarket.com/price/sz/100236,https://www.chinaflashmarket.com/price/sz/100236/1,2026-04-22 20:13:57
移动存储,闪存卡,行业市场MicroSD 512GB,人民币,2026-04-20,日低点,882.80,开盘价,882.80,收盘价,882.80,882.8,882.8,882.8,当前价,￥882.80,2026-04-22 18:00,0.00,0.00%,前收盘,￥882.80,日高点,￥882.80,日低点,￥882.80,$120.00,https://www.chinaflashmarket.com/price/flashcard,https://www.chinaflashmarket.com/price/sz/100236,https://www.chinaflashmarket.com/price/sz/100236/1,2026-04-22 20:13:57
移动存储,闪存卡,行业市场MicroSD 512GB,人民币,2026-04-17,日低点,882.80,开盘价,882.80,收盘价,882.80,882.8,882.8,882.8,当前价,￥882.80,2026-04-22 18:00,0.00,0.00%,前收盘,￥882.80,日高点,￥882.80,日低点,￥882.80,$120.00,https://www.chinaflashmarket.com/price/flashcard,https://www.chinaflashmarket.com/price/sz/100236,https://www.chinaflashmarket.com/price/sz/100236/1,2026-04-22 20:13:57
移动存储,闪存卡,行业市场MicroSD 512GB,人民币,2026-04-16,日低点,882.80,开盘价,882.80,收盘价,882.80,882.8,882.8,882.8,当前价,￥882.80,2026-04-22 18:00,0.00,0.00%,前收盘,￥882.80,日高点,￥882.80,日低点,￥882.80,$120.00,https://www.chinaflashmarket.com/price/flashcard,https://www.chinaflashmarket.com/price/sz/100236,https://www.chinaflashmarket.com/price/sz/100236/1,2026-04-22 20:13:57
移动存储,闪存卡,行业市场MicroSD 512GB,人民币,2026-04-15,日低点,882.80,开盘价,882.80,收盘价,882.80,882.8,882.8,882.8,当前价,￥882.80,2026-04-22 18:00,0.00,0.00%,前收盘,￥882.80,日高点,￥882.80,日低点,￥882.80,$120.00,https://www.chinaflashmarket.com/price/flashcard,https://www.chinaflashmarket.com/price/sz/100236,https://www.chinaflashmarket.com/price/sz/100236/1,2026-04-22 20:13:57
移动存储,闪存卡,行业市场MicroSD 512GB,人民币,2026-04-14,日低点,882.80,开盘价,882.80,收盘价,882.80,882.8,882.8,882.8,当前价,￥882.80,2026-04-22 18:00,0.00,0.00%,前收盘,￥882.80,日高点,￥882.80,日低点,￥882.80,$120.00,https://www.chinaflashmarket.com/price/flashcard,https://www.chinaflashmarket.com/price/sz/100236,https://www.chinaflashmarket.com/price/sz/100236/1,2026-04-22 20:13:57
移动存储,闪存卡,行业市场MicroSD 512GB,人民币,2026-04-13,日低点,882.80,开盘价,882.80,收盘价,882.80,882.8,882.8,882.8,当前价,￥882.80,2026-04-22 18:00,0.00,0.00%,前收盘,￥882.80,日高点,￥882.80,日低点,￥882.80,$120.00,https://www.chinaflashmarket.com/price/flashcard,https://www.chinaflashmarket.com/price/sz/100236,https://www.chinaflashmarket.com/price/sz/100236/1,2026-04-22 20:13:57
移动存储,闪存卡,行业市场MicroSD 512GB,人民币,2026-04-10,日低点,882.80,开盘价,882.80,收盘价,882.80,882.8,882.8,882.8,当前价,￥882.80,2026-04-22 18:00,0.00,0.00%,前收盘,￥882.80,日高点,￥882.80,日低点,￥882.80,$120.00,https://www.chinaflashmarket.com/price/flashcard,https://www.chinaflashmarket.com/price/sz/100236,https://www.chinaflashmarket.com/price/sz/100236/1,2026-04-22 20:13:57
移动存储,闪存卡,行业市场MicroSD 512GB,人民币,2026-04-09,日低点,882.80,开盘价,882.80,收盘价,882.80,882.8,882.8,882.8,当前价,￥882.80,2026-04-22 18:00,0.00,0.00%,前收盘,￥882.80,日高点,￥882.80,日低点,￥882.80,$120.00,https://www.chinaflashmarket.com/price/flashcard,https://www.chinaflashmarket.com/price/sz/100236,https://www.chinaflashmarket.com/price/sz/100236/1,2026-04-22 20:13:57
移动存储,闪存卡,行业市场MicroSD 512GB,人民币,2026-04-08,日低点,882.80,开盘价,882.80,收盘价,882.80,882.8,882.8,882.8,当前价,￥882.80,2026-04-22 18:00,0.00,0.00%,前收盘,￥882.80,日高点,￥882.80,日低点,￥882.80,$120.00,https://www.chinaflashmarket.com/price/flashcard,https://www.chinaflashmarket.com/price/sz/100236,https://www.chinaflashmarket.com/price/sz/100236/1,2026-04-22 20:13:57
移动存储,闪存卡,行业市场MicroSD 512GB,人民币,2026-04-07,日低点,882.80,开盘价,882.80,收盘价,882.80,882.8,882.8,882.8,当前价,￥882.80,2026-04-22 18:00,0.00,0.00%,前收盘,￥882.80,日高点,￥882.80,日低点,￥882.80,$120.00,https://www.chinaflashmarket.com/price/flashcard,https://www.chinaflashmarket.com/price/sz/100236,https://www.chinaflashmarket.com/price/sz/100236/1,2026-04-22 20:13:57
移动存储,闪存卡,行业市场MicroSD 512GB,人民币,2026-04-03,日低点,882.80,开盘价,882.80,收盘价,882.80,882.8,882.8,882.8,当前价,￥882.80,2026-04-22 18:00,0.00,0.00%,前收盘,￥882.80,日高点,￥882.80,日低点,￥882.80,$120.00,https://www.chinaflashmarket.com/price/flashcard,https://www.chinaflashmarket.com/price/sz/100236,https://www.chinaflashmarket.com/price/sz/100236/1,2026-04-22 20:13:57
移动存储,闪存卡,行业市场MicroSD 512GB,人民币,2026-04-02,日低点,882.80,开盘价,882.80,收盘价,882.80,882.8,882.8,882.8,当前价,￥882.80,2026-04-22 18:00,0.00,0.00%,前收盘,￥882.80,日高点,￥882.80,日低点,￥882.80,$120.00,https://www.chinaflashmarket.com/price/flashcard,https://www.chinaflashmarket.com/price/sz/100236,https://www.chinaflashmarket.com/price/sz/100236/1,2026-04-22 20:13:57
移动存储,闪存卡,行业市场MicroSD 512GB,人民币,2026-04-01,日低点,882.80,开盘价,882.80,收盘价,882.80,882.8,882.8,882.8,当前价,￥882.80,2026-04-22 18:00,0.00,0.00%,前收盘,￥882.80,日高点,￥882.80,日低点,￥882.80,$120.00,https://www.chinaflashmarket.com/price/flashcard,https://www.chinaflashmarket.com/price/sz/100236,https://www.chinaflashmarket.com/price/sz/100236/1,2026-04-22 20:13:57
移动存储,闪存卡,行业市场MicroSD 512GB,人民币,2026-03-31,日低点,882.80,开盘价,882.80,收盘价,882.80,882.8,882.8,882.8,当前价,￥882.80,2026-04-22 18:00,0.00,0.00%,前收盘,￥882.80,日高点,￥882.80,日低点,￥882.80,$120.00,https://www.chinaflashmarket.com/price/flashcard,https://www.chinaflashmarket.com/price/sz/100236,https://www.chinaflashmarket.com/price/sz/100236/1,2026-04-22 20:13:57
移动存储,闪存卡,行业市场MicroSD 512GB,人民币,2026-03-30,日低点,882.80,开盘价,882.80,收盘价,882.80,882.8,882.8,882.8,当前价,￥882.80,2026-04-22 18:00,0.00,0.00%,前收盘,￥882.80,日高点,￥882.80,日低点,￥882.80,$120.00,https://www.chinaflashmarket.com/price/flashcard,https://www.chinaflashmarket.com/price/sz/100236,https://www.chinaflashmarket.com/price/sz/100236/1,2026-04-22 20:13:57
移动存储,闪存卡,行业市场MicroSD 512GB,人民币,2026-03-27,日低点,882.80,开盘价,882.80,收盘价,882.80,882.8,882.8,882.8,当前价,￥882.80,2026-04-22 18:00,0.00,0.00%,前收盘,￥882.80,日高点,￥882.80,日低点,￥882.80,$120.00,https://www.chinaflashmarket.com/price/flashcard,https://www.chinaflashmarket.com/price/sz/100236,https://www.chinaflashmarket.com/price/sz/100236/1,2026-04-22 20:13:57
移动存储,闪存卡,行业市场MicroSD 512GB,人民币,2026-03-26,日低点,882.80,开盘价,882.80,收盘价,882.80,882.8,882.8,882.8,当前价,￥882.80,2026-04-22 18:00,0.00,0.00%,前收盘,￥882.80,日高点,￥882.80,日低点,￥882.80,$120.00,https://www.chinaflashmarket.com/price/flashcard,https://www.chinaflashmarket.com/price/sz/100236,https://www.chinaflashmarket.com/price/sz/100236/1,2026-04-22 20:13:57
移动存储,闪存卡,行业市场MicroSD 512GB,人民币,2026-03-25,日低点,882.80,开盘价,882.80,收盘价,882.80,882.8,882.8,882.8,当前价,￥882.80,2026-04-22 18:00,0.00,0.00%,前收盘,￥882.80,日高点,￥882.80,日低点,￥882.80,$120.00,https://www.chinaflashmarket.com/price/flashcard,https://www.chinaflashmarket.com/price/sz/100236,https://www.chinaflashmarket.com/price/sz/100236/1,2026-04-22 20:13:57
移动存储,闪存卡,行业市场MicroSD 512GB,人民币,2026-03-24,日低点,882.80,开盘价,882.80,收盘价,882.80,882.8,882.8,882.8,当前价,￥882.80,2026-04-22 18:00,0.00,0.00%,前收盘,￥882.80,日高点,￥882.80,日低点,￥882.80,$120.00,https://www.chinaflashmarket.com/price/flashcard,https://www.chinaflashmarket.com/price/sz/100236,https://www.chinaflashmarket.com/price/sz/100236/1,2026-04-22 20:13:57
移动存储,闪存卡,行业市场MicroSD 512GB,人民币,2026-03-23,日低点,882.80,开盘价,882.80,收盘价,882.80,882.8,882.8,882.8,当前价,￥882.80,2026-04-22 18:00,0.00,0.00%,前收盘,￥882.80,日高点,￥882.80,日低点,￥882.80,$120.00,https://www.chinaflashmarket.com/price/flashcard,https://www.chinaflashmarket.com/price/sz/100236,https://www.chinaflashmarket.com/price/sz/100236/1,2026-04-22 20:13:57
移动存储,闪存卡,行业市场MicroSD 512GB,人民币,2026-03-20,日低点,882.80,开盘价,882.80,收盘价,882.80,882.8,882.8,882.8,当前价,￥882.80,2026-04-22 18:00,0.00,0.00%,前收盘,￥882.80,日高点,￥882.80,日低点,￥882.80,$120.00,https://www.chinaflashmarket.com/price/flashcard,https://www.chinaflashmarket.com/price/sz/100236,https://www.chinaflashmarket.com/price/sz/100236/1,2026-04-22 20:13:57
移动存储,闪存卡,行业市场MicroSD 512GB,人民币,2026-03-19,日低点,882.80,开盘价,882.80,收盘价,882.80,882.8,882.8,882.8,当前价,￥882.80,2026-04-22 18:00,0.00,0.00%,前收盘,￥882.80,日高点,￥882.80,日低点,￥882.80,$120.00,https://www.chinaflashmarket.com/price/flashcard,https://www.chinaflashmarket.com/price/sz/100236,https://www.chinaflashmarket.com/price/sz/100236/1,2026-04-22 20:13:57
移动存储,闪存卡,行业市场MicroSD 512GB,人民币,2026-03-18,日低点,882.80,开盘价,882.80,收盘价,882.80,882.8,882.8,882.8,当前价,￥882.80,2026-04-22 18:00,0.00,0.00%,前收盘,￥882.80,日高点,￥882.80,日低点,￥882.80,$120.00,https://www.chinaflashmarket.com/price/flashcard,https://www.chinaflashmarket.com/price/sz/100236,https://www.chinaflashmarket.com/price/sz/100236/1,2026-04-22 20:13:57
移动存储,闪存卡,行业市场MicroSD 512GB,人民币,2026-03-17,日低点,882.80,开盘价,882.80,收盘价,882.80,882.8,882.8,882.8,当前价,￥882.80,2026-04-22 18:00,0.00,0.00%,前收盘,￥882.80,日高点,￥882.80,日低点,￥882.80,$120.00,https://www.chinaflashmarket.com/price/flashcard,https://www.chinaflashmarket.com/price/sz/100236,https://www.chinaflashmarket.com/price/sz/100236/1,2026-04-22 20:13:57
移动存储,闪存卡,行业市场MicroSD 512GB,人民币,2026-03-16,日低点,882.80,开盘价,882.80,收盘价,882.80,882.8,882.8,882.8,当前价,￥882.80,2026-04-22 18:00,0.00,0.00%,前收盘,￥882.80,日高点,￥882.80,日低点,￥882.80,$120.00,https://www.chinaflashmarket.com/price/flashcard,https://www.chinaflashmarket.com/price/sz/100236,https://www.chinaflashmarket.com/price/sz/100236/1,2026-04-22 20:13:57
移动存储,闪存卡,行业市场MicroSD 512GB,人民币,2026-03-13,日低点,882.80,开盘价,882.80,收盘价,882.80,882.8,882.8,882.8,当前价,￥882.80,2026-04-22 18:00,0.00,0.00%,前收盘,￥882.80,日高点,￥882.80,日低点,￥882.80,$120.00,https://www.chinaflashmarket.com/price/flashcard,https://www.chinaflashmarket.com/price/sz/100236,https://www.chinaflashmarket.com/price/sz/100236/1,2026-04-22 20:13:57
移动存储,闪存卡,行业市场MicroSD 512GB,人民币,2026-03-12,日低点,882.80,开盘价,882.80,收盘价,882.80,882.8,882.8,882.8,当前价,￥882.80,2026-04-22 18:00,0.00,0.00%,前收盘,￥882.80,日高点,￥882.80,日低点,￥882.80,$120.00,https://www.chinaflashmarket.com/price/flashcard,https://www.chinaflashmarket.com/price/sz/100236,https://www.chinaflashmarket.com/price/sz/100236/1,2026-04-22 20:13:57
移动存储,闪存卡,行业市场MicroSD 512GB,人民币,2026-03-11,日低点,882.80,开盘价,882.80,收盘价,882.80,882.8,882.8,882.8,当前价,￥882.80,2026-04-22 18:00,0.00,0.00%,前收盘,￥882.80,日高点,￥882.80,日低点,￥882.80,$120.00,https://www.chinaflashmarket.com/price/flashcard,https://www.chinaflashmarket.com/price/sz/100236,https://www.chinaflashmarket.com/price/sz/100236/1,2026-04-22 20:13:57
移动存储,闪存卡,行业市场MicroSD 512GB,人民币,2026-03-10,日低点,882.80,开盘价,882.80,收盘价,882.80,882.8,882.8,882.8,当前价,￥882.80,2026-04-22 18:00,0.00,0.00%,前收盘,￥882.80,日高点,￥882.80,日低点,￥882.80,$120.00,https://www.chinaflashmarket.com/price/flashcard,https://www.chinaflashmarket.com/price/sz/100236,https://www.chinaflashmarket.com/price/sz/100236/1,2026-04-22 20:13:57
移动存储,闪存卡,行业市场MicroSD 512GB,人民币,2026-03-09,日低点,882.80,开盘价,882.80,收盘价,882.80,882.8,882.8,882.8,当前价,￥882.80,2026-04-22 18:00,0.00,0.00%,前收盘,￥882.80,日高点,￥882.80,日低点,￥882.80,$120.00,https://www.chinaflashmarket.com/price/flashcard,https://www.chinaflashmarket.com/price/sz/100236,https://www.chinaflashmarket.com/price/sz/100236/1,2026-04-22 20:13:57
移动存储,闪存卡,行业市场MicroSD 512GB,人民币,2026-03-06,日低点,771.80,开盘价,771.80,收盘价,771.80,771.8,771.8,771.8,当前价,￥882.80,2026-04-22 18:00,0.00,0.00%,前收盘,￥882.80,日高点,￥882.80,日低点,￥882.80,$120.00,https://www.chinaflashmarket.com/price/flashcard,https://www.chinaflashmarket.com/price/sz/100236,https://www.chinaflashmarket.com/price/sz/100236/1,2026-04-22 20:13:57
移动存储,闪存卡,行业市场MicroSD 512GB,人民币,2026-03-05,日低点,730.80,开盘价,730.80,收盘价,730.80,730.8,730.8,730.8,当前价,￥882.80,2026-04-22 18:00,0.00,0.00%,前收盘,￥882.80,日高点,￥882.80,日低点,￥882.80,$120.00,https://www.chinaflashmarket.com/price/flashcard,https://www.chinaflashmarket.com/price/sz/100236,https://www.chinaflashmarket.com/price/sz/100236/1,2026-04-22 20:13:57
移动存储,闪存卡,行业市场MicroSD 512GB,人民币,2026-03-04,日低点,730.80,开盘价,730.80,收盘价,730.80,730.8,730.8,730.8,当前价,￥882.80,2026-04-22 18:00,0.00,0.00%,前收盘,￥882.80,日高点,￥882.80,日低点,￥882.80,$120.00,https://www.chinaflashmarket.com/price/flashcard,https://www.chinaflashmarket.com/price/sz/100236,https://www.chinaflashmarket.com/price/sz/100236/1,2026-04-22 20:13:57
移动存储,闪存卡,行业市场MicroSD 512GB,人民币,2026-03-03,日低点,730.80,开盘价,730.80,收盘价,730.80,730.8,730.8,730.8,当前价,￥882.80,2026-04-22 18:00,0.00,0.00%,前收盘,￥882.80,日高点,￥882.80,日低点,￥882.80,$120.00,https://www.chinaflashmarket.com/price/flashcard,https://www.chinaflashmarket.com/price/sz/100236,https://www.chinaflashmarket.com/price/sz/100236/1,2026-04-22 20:13:57
移动存储,闪存卡,行业市场MicroSD 512GB,人民币,2026-03-02,日低点,730.80,开盘价,730.80,收盘价,730.80,730.8,730.8,730.8,当前价,￥882.80,2026-04-22 18:00,0.00,0.00%,前收盘,￥882.80,日高点,￥882.80,日低点,￥882.80,$120.00,https://www.chinaflashmarket.com/price/flashcard,https://www.chinaflashmarket.com/price/sz/100236,https://www.chinaflashmarket.com/price/sz/100236/1,2026-04-22 20:13:57
移动存储,闪存卡,行业市场MicroSD 512GB,人民币,2026-02-28,日低点,730.80,开盘价,730.80,收盘价,730.80,730.8,730.8,730.8,当前价,￥882.80,2026-04-22 18:00,0.00,0.00%,前收盘,￥882.80,日高点,￥882.80,日低点,￥882.80,$120.00,https://www.chinaflashmarket.com/price/flashcard,https://www.chinaflashmarket.com/price/sz/100236,https://www.chinaflashmarket.com/price/sz/100236/1,2026-04-22 20:13:57
移动存储,闪存卡,行业市场MicroSD 512GB,人民币,2026-02-27,日低点,730.80,开盘价,730.80,收盘价,730.80,730.8,730.8,730.8,当前价,￥882.80,2026-04-22 18:00,0.00,0.00%,前收盘,￥882.80,日高点,￥882.80,日低点,￥882.80,$120.00,https://www.chinaflashmarket.com/price/flashcard,https://www.chinaflashmarket.com/price/sz/100236,https://www.chinaflashmarket.com/price/sz/100236/1,2026-04-22 20:13:57
移动存储,闪存卡,行业市场MicroSD 512GB,人民币,2026-02-26,日低点,730.80,开盘价,730.80,收盘价,730.80,730.8,730.8,730.8,当前价,￥882.80,2026-04-22 18:00,0.00,0.00%,前收盘,￥882.80,日高点,￥882.80,日低点,￥882.80,$120.00,https://www.chinaflashmarket.com/price/flashcard,https://www.chinaflashmarket.com/price/sz/100236,https://www.chinaflashmarket.com/price/sz/100236/1,2026-04-22 20:13:57
移动存储,闪存卡,行业市场MicroSD 512GB,人民币,2026-02-25,日低点,730.80,开盘价,730.80,收盘价,730.80,730.8,730.8,730.8,当前价,￥882.80,2026-04-22 18:00,0.00,0.00%,前收盘,￥882.80,日高点,￥882.80,日低点,￥882.80,$120.00,https://www.chinaflashmarket.com/price/flashcard,https://www.chinaflashmarket.com/price/sz/100236,https://www.chinaflashmarket.com/price/sz/100236/1,2026-04-22 20:13:57
移动存储,闪存卡,行业市场MicroSD 512GB,人民币,2026-02-24,日低点,730.80,开盘价,730.80,收盘价,730.80,730.8,730.8,730.8,当前价,￥882.80,2026-04-22 18:00,0.00,0.00%,前收盘,￥882.80,日高点,￥882.80,日低点,￥882.80,$120.00,https://www.chinaflashmarket.com/price/flashcard,https://www.chinaflashmarket.com/price/sz/100236,https://www.chinaflashmarket.com/price/sz/100236/1,2026-04-22 20:13:57
移动存储,闪存卡,行业市场MicroSD 512GB,人民币,2026-02-14,日低点,730.80,开盘价,730.80,收盘价,730.80,730.8,730.8,730.8,当前价,￥882.80,2026-04-22 18:00,0.00,0.00%,前收盘,￥882.80,日高点,￥882.80,日低点,￥882.80,$120.00,https://www.chinaflashmarket.com/price/flashcard,https://www.chinaflashmarket.com/price/sz/100236,https://www.chinaflashmarket.com/price/sz/100236/1,2026-04-22 20:13:57
移动存储,闪存卡,行业市场MicroSD 512GB,人民币,2026-02-13,日低点,730.80,开盘价,730.80,收盘价,730.80,730.8,730.8,730.8,当前价,￥882.80,2026-04-22 18:00,0.00,0.00%,前收盘,￥882.80,日高点,￥882.80,日低点,￥882.80,$120.00,https://www.chinaflashmarket.com/price/flashcard,https://www.chinaflashmarket.com/price/sz/100236,https://www.chinaflashmarket.com/price/sz/100236/1,2026-04-22 20:13:57
移动存储,闪存卡,行业市场MicroSD 512GB,人民币,2026-02-12,日低点,730.80,开盘价,730.80,收盘价,730.80,730.8,730.8,730.8,当前价,￥882.80,2026-04-22 18:00,0.00,0.00%,前收盘,￥882.80,日高点,￥882.80,日低点,￥882.80,$120.00,https://www.chinaflashmarket.com/price/flashcard,https://www.chinaflashmarket.com/price/sz/100236,https://www.chinaflashmarket.com/price/sz/100236/1,2026-04-22 20:13:57
移动存储,闪存卡,行业市场MicroSD 512GB,人民币,2026-02-11,日低点,730.80,开盘价,730.80,收盘价,730.80,730.8,730.8,730.8,当前价,￥882.80,2026-04-22 18:00,0.00,0.00%,前收盘,￥882.80,日高点,￥882.80,日低点,￥882.80,$120.00,https://www.chinaflashmarket.com/price/flashcard,https://www.chinaflashmarket.com/price/sz/100236,https://www.chinaflashmarket.com/price/sz/100236/1,2026-04-22 20:13:57
移动存储,闪存卡,行业市场MicroSD 512GB,人民币,2026-02-10,日低点,730.80,开盘价,730.80,收盘价,730.80,730.8,730.8,730.8,当前价,￥882.80,2026-04-22 18:00,0.00,0.00%,前收盘,￥882.80,日高点,￥882.80,日低点,￥882.80,$120.00,https://www.chinaflashmarket.com/price/flashcard,https://www.chinaflashmarket.com/price/sz/100236,https://www.chinaflashmarket.com/price/sz/100236/1,2026-04-22 20:13:57
移动存储,闪存卡,行业市场MicroSD 512GB,人民币,2026-02-09,日低点,730.80,开盘价,730.80,收盘价,730.80,730.8,730.8,730.8,当前价,￥882.80,2026-04-22 18:00,0.00,0.00%,前收盘,￥882.80,日高点,￥882.80,日低点,￥882.80,$120.00,https://www.chinaflashmarket.com/price/flashcard,https://www.chinaflashmarket.com/price/sz/100236,https://www.chinaflashmarket.com/price/sz/100236/1,2026-04-22 20:13:57
移动存储,闪存卡,行业市场MicroSD 512GB,人民币,2026-02-06,日低点,716.50,开盘价,716.50,收盘价,730.80,716.5,716.5,730.8,当前价,￥882.80,2026-04-22 18:00,0.00,0.00%,前收盘,￥882.80,日高点,￥882.80,日低点,￥882.80,$120.00,https://www.chinaflashmarket.com/price/flashcard,https://www.chinaflashmarket.com/price/sz/100236,https://www.chinaflashmarket.com/price/sz/100236/1,2026-04-22 20:13:57
移动存储,闪存卡,行业市场MicroSD 512GB,人民币,2026-02-05,日低点,716.50,开盘价,716.50,收盘价,716.50,716.5,716.5,716.5,当前价,￥882.80,2026-04-22 18:00,0.00,0.00%,前收盘,￥882.80,日高点,￥882.80,日低点,￥882.80,$120.00,https://www.chinaflashmarket.com/price/flashcard,https://www.chinaflashmarket.com/price/sz/100236,https://www.chinaflashmarket.com/price/sz/100236/1,2026-04-22 20:13:57
移动存储,闪存卡,行业市场MicroSD 512GB,人民币,2026-02-04,日低点,716.50,开盘价,716.50,收盘价,716.50,716.5,716.5,716.5,当前价,￥882.80,2026-04-22 18:00,0.00,0.00%,前收盘,￥882.80,日高点,￥882.80,日低点,￥882.80,$120.00,https://www.chinaflashmarket.com/price/flashcard,https://www.chinaflashmarket.com/price/sz/100236,https://www.chinaflashmarket.com/price/sz/100236/1,2026-04-22 20:13:57
移动存储,闪存卡,行业市场MicroSD 512GB,人民币,2026-02-03,日低点,716.50,开盘价,716.50,收盘价,716.50,716.5,716.5,716.5,当前价,￥882.80,2026-04-22 18:00,0.00,0.00%,前收盘,￥882.80,日高点,￥882.80,日低点,￥882.80,$120.00,https://www.chinaflashmarket.com/price/flashcard,https://www.chinaflashmarket.com/price/sz/100236,https://www.chinaflashmarket.com/price/sz/100236/1,2026-04-22 20:13:57
移动存储,闪存卡,行业市场MicroSD 512GB,人民币,2026-02-02,日低点,716.50,开盘价,716.50,收盘价,716.50,716.5,716.5,716.5,当前价,￥882.80,2026-04-22 18:00,0.00,0.00%,前收盘,￥882.80,日高点,￥882.80,日低点,￥882.80,$120.00,https://www.chinaflashmarket.com/price/flashcard,https://www.chinaflashmarket.com/price/sz/100236,https://www.chinaflashmarket.com/price/sz/100236/1,2026-04-22 20:13:57
移动存储,闪存卡,行业市场MicroSD 512GB,人民币,2026-01-30,日低点,716.50,开盘价,716.50,收盘价,716.50,716.5,716.5,716.5,当前价,￥882.80,2026-04-22 18:00,0.00,0.00%,前收盘,￥882.80,日高点,￥882.80,日低点,￥882.80,$120.00,https://www.chinaflashmarket.com/price/flashcard,https://www.chinaflashmarket.com/price/sz/100236,https://www.chinaflashmarket.com/price/sz/100236/1,2026-04-22 20:13:57
移动存储,闪存卡,行业市场MicroSD 512GB,人民币,2026-01-29,日低点,716.50,开盘价,716.50,收盘价,716.50,716.5,716.5,716.5,当前价,￥882.80,2026-04-22 18:00,0.00,0.00%,前收盘,￥882.80,日高点,￥882.80,日低点,￥882.80,$120.00,https://www.chinaflashmarket.com/price/flashcard,https://www.chinaflashmarket.com/price/sz/100236,https://www.chinaflashmarket.com/price/sz/100236/1,2026-04-22 20:13:57
移动存储,闪存卡,行业市场MicroSD 512GB,人民币,2026-01-28,日低点,716.50,开盘价,716.50,收盘价,716.50,716.5,716.5,716.5,当前价,￥882.80,2026-04-22 18:00,0.00,0.00%,前收盘,￥882.80,日高点,￥882.80,日低点,￥882.80,$120.00,https://www.chinaflashmarket.com/price/flashcard,https://www.chinaflashmarket.com/price/sz/100236,https://www.chinaflashmarket.com/price/sz/100236/1,2026-04-22 20:13:57
移动存储,闪存卡,行业市场MicroSD 512GB,人民币,2026-01-27,日低点,716.50,开盘价,716.50,收盘价,716.50,716.5,716.5,716.5,当前价,￥882.80,2026-04-22 18:00,0.00,0.00%,前收盘,￥882.80,日高点,￥882.80,日低点,￥882.80,$120.00,https://www.chinaflashmarket.com/price/flashcard,https://www.chinaflashmarket.com/price/sz/100236,https://www.chinaflashmarket.com/price/sz/100236/1,2026-04-22 20:13:57
移动存储,闪存卡,行业市场MicroSD 512GB,人民币,2026-01-26,日低点,716.50,开盘价,716.50,收盘价,716.50,716.5,716.5,716.5,当前价,￥882.80,2026-04-22 18:00,0.00,0.00%,前收盘,￥882.80,日高点,￥882.80,日低点,￥882.80,$120.00,https://www.chinaflashmarket.com/price/flashcard,https://www.chinaflashmarket.com/price/sz/100236,https://www.chinaflashmarket.com/price/sz/100236/1,2026-04-22 20:13:57
移动存储,闪存卡,行业市场MicroSD 512GB,人民币,2026-01-23,日低点,716.50,开盘价,716.50,收盘价,716.50,716.5,716.5,716.5,当前价,￥882.80,2026-04-22 18:00,0.00,0.00%,前收盘,￥882.80,日高点,￥882.80,日低点,￥882.80,$120.00,https://www.chinaflashmarket.com/price/flashcard,https://www.chinaflashmarket.com/price/sz/100236,https://www.chinaflashmarket.com/price/sz/100236/1,2026-04-22 20:13:57
移动存储,闪存卡,行业市场MicroSD 512GB,人民币,2026-01-22,日低点,716.50,开盘价,716.50,收盘价,716.50,716.5,716.5,716.5,当前价,￥882.80,2026-04-22 18:00,0.00,0.00%,前收盘,￥882.80,日高点,￥882.80,日低点,￥882.80,$120.00,https://www.chinaflashmarket.com/price/flashcard,https://www.chinaflashmarket.com/price/sz/100236,https://www.chinaflashmarket.com/price/sz/100236/1,2026-04-22 20:13:57
移动存储,USB 2.0,USB2.0(PCBA) 16GB,人民币,2026-04-21,日低点,14.40,开盘价,14.40,收盘价,14.40,14.4,14.4,14.4,当前价,￥14.40,2026-04-22 18:00,0.00,0.00%,前收盘,￥14.40,日高点,￥14.40,日低点,￥14.40,$2.05,https://www.chinaflashmarket.com/price/usb2,https://www.chinaflashmarket.com/price/sz/100192,https://www.chinaflashmarket.com/price/sz/100192/1,2026-04-22 20:13:57
移动存储,USB 2.0,USB2.0(PCBA) 16GB,人民币,2026-04-20,日低点,14.40,开盘价,14.40,收盘价,14.40,14.4,14.4,14.4,当前价,￥14.40,2026-04-22 18:00,0.00,0.00%,前收盘,￥14.40,日高点,￥14.40,日低点,￥14.40,$2.05,https://www.chinaflashmarket.com/price/usb2,https://www.chinaflashmarket.com/price/sz/100192,https://www.chinaflashmarket.com/price/sz/100192/1,2026-04-22 20:13:57
移动存储,USB 2.0,USB2.0(PCBA) 16GB,人民币,2026-04-17,日低点,14.40,开盘价,14.40,收盘价,14.40,14.4,14.4,14.4,当前价,￥14.40,2026-04-22 18:00,0.00,0.00%,前收盘,￥14.40,日高点,￥14.40,日低点,￥14.40,$2.05,https://www.chinaflashmarket.com/price/usb2,https://www.chinaflashmarket.com/price/sz/100192,https://www.chinaflashmarket.com/price/sz/100192/1,2026-04-22 20:13:57
移动存储,USB 2.0,USB2.0(PCBA) 16GB,人民币,2026-04-16,日低点,14.40,开盘价,14.40,收盘价,14.40,14.4,14.4,14.4,当前价,￥14.40,2026-04-22 18:00,0.00,0.00%,前收盘,￥14.40,日高点,￥14.40,日低点,￥14.40,$2.05,https://www.chinaflashmarket.com/price/usb2,https://www.chinaflashmarket.com/price/sz/100192,https://www.chinaflashmarket.com/price/sz/100192/1,2026-04-22 20:13:57
移动存储,USB 2.0,USB2.0(PCBA) 16GB,人民币,2026-04-15,日低点,14.40,开盘价,14.40,收盘价,14.40,14.4,14.4,14.4,当前价,￥14.40,2026-04-22 18:00,0.00,0.00%,前收盘,￥14.40,日高点,￥14.40,日低点,￥14.40,$2.05,https://www.chinaflashmarket.com/price/usb2,https://www.chinaflashmarket.com/price/sz/100192,https://www.chinaflashmarket.com/price/sz/100192/1,2026-04-22 20:13:57
移动存储,USB 2.0,USB2.0(PCBA) 16GB,人民币,2026-04-14,日低点,14.40,开盘价,14.40,收盘价,14.40,14.4,14.4,14.4,当前价,￥14.40,2026-04-22 18:00,0.00,0.00%,前收盘,￥14.40,日高点,￥14.40,日低点,￥14.40,$2.05,https://www.chinaflashmarket.com/price/usb2,https://www.chinaflashmarket.com/price/sz/100192,https://www.chinaflashmarket.com/price/sz/100192/1,2026-04-22 20:13:57
移动存储,USB 2.0,USB2.0(PCBA) 16GB,人民币,2026-04-13,日低点,14.40,开盘价,14.40,收盘价,14.40,14.4,14.4,14.4,当前价,￥14.40,2026-04-22 18:00,0.00,0.00%,前收盘,￥14.40,日高点,￥14.40,日低点,￥14.40,$2.05,https://www.chinaflashmarket.com/price/usb2,https://www.chinaflashmarket.com/price/sz/100192,https://www.chinaflashmarket.com/price/sz/100192/1,2026-04-22 20:13:57
移动存储,USB 2.0,USB2.0(PCBA) 16GB,人民币,2026-04-10,日低点,14.40,开盘价,14.40,收盘价,14.40,14.4,14.4,14.4,当前价,￥14.40,2026-04-22 18:00,0.00,0.00%,前收盘,￥14.40,日高点,￥14.40,日低点,￥14.40,$2.05,https://www.chinaflashmarket.com/price/usb2,https://www.chinaflashmarket.com/price/sz/100192,https://www.chinaflashmarket.com/price/sz/100192/1,2026-04-22 20:13:57
移动存储,USB 2.0,USB2.0(PCBA) 16GB,人民币,2026-04-09,日低点,14.40,开盘价,14.40,收盘价,14.40,14.4,14.4,14.4,当前价,￥14.40,2026-04-22 18:00,0.00,0.00%,前收盘,￥14.40,日高点,￥14.40,日低点,￥14.40,$2.05,https://www.chinaflashmarket.com/price/usb2,https://www.chinaflashmarket.com/price/sz/100192,https://www.chinaflashmarket.com/price/sz/100192/1,2026-04-22 20:13:57
移动存储,USB 2.0,USB2.0(PCBA) 16GB,人民币,2026-04-08,日低点,14.40,开盘价,14.40,收盘价,14.40,14.4,14.4,14.4,当前价,￥14.40,2026-04-22 18:00,0.00,0.00%,前收盘,￥14.40,日高点,￥14.40,日低点,￥14.40,$2.05,https://www.chinaflashmarket.com/price/usb2,https://www.chinaflashmarket.com/price/sz/100192,https://www.chinaflashmarket.com/price/sz/100192/1,2026-04-22 20:13:57
移动存储,USB 2.0,USB2.0(PCBA) 16GB,人民币,2026-04-07,日低点,14.40,开盘价,14.40,收盘价,14.40,14.4,14.4,14.4,当前价,￥14.40,2026-04-22 18:00,0.00,0.00%,前收盘,￥14.40,日高点,￥14.40,日低点,￥14.40,$2.05,https://www.chinaflashmarket.com/price/usb2,https://www.chinaflashmarket.com/price/sz/100192,https://www.chinaflashmarket.com/price/sz/100192/1,2026-04-22 20:13:57
移动存储,USB 2.0,USB2.0(PCBA) 16GB,人民币,2026-04-03,日低点,14.40,开盘价,14.40,收盘价,14.40,14.4,14.4,14.4,当前价,￥14.40,2026-04-22 18:00,0.00,0.00%,前收盘,￥14.40,日高点,￥14.40,日低点,￥14.40,$2.05,https://www.chinaflashmarket.com/price/usb2,https://www.chinaflashmarket.com/price/sz/100192,https://www.chinaflashmarket.com/price/sz/100192/1,2026-04-22 20:13:57
移动存储,USB 2.0,USB2.0(PCBA) 16GB,人民币,2026-04-02,日低点,14.40,开盘价,14.40,收盘价,14.40,14.4,14.4,14.4,当前价,￥14.40,2026-04-22 18:00,0.00,0.00%,前收盘,￥14.40,日高点,￥14.40,日低点,￥14.40,$2.05,https://www.chinaflashmarket.com/price/usb2,https://www.chinaflashmarket.com/price/sz/100192,https://www.chinaflashmarket.com/price/sz/100192/1,2026-04-22 20:13:57
移动存储,USB 2.0,USB2.0(PCBA) 16GB,人民币,2026-04-01,日低点,14.40,开盘价,14.40,收盘价,14.40,14.4,14.4,14.4,当前价,￥14.40,2026-04-22 18:00,0.00,0.00%,前收盘,￥14.40,日高点,￥14.40,日低点,￥14.40,$2.05,https://www.chinaflashmarket.com/price/usb2,https://www.chinaflashmarket.com/price/sz/100192,https://www.chinaflashmarket.com/price/sz/100192/1,2026-04-22 20:13:57
移动存储,USB 2.0,USB2.0(PCBA) 16GB,人民币,2026-03-31,日低点,14.40,开盘价,14.40,收盘价,14.40,14.4,14.4,14.4,当前价,￥14.40,2026-04-22 18:00,0.00,0.00%,前收盘,￥14.40,日高点,￥14.40,日低点,￥14.40,$2.05,https://www.chinaflashmarket.com/price/usb2,https://www.chinaflashmarket.com/price/sz/100192,https://www.chinaflashmarket.com/price/sz/100192/1,2026-04-22 20:13:57
移动存储,USB 2.0,USB2.0(PCBA) 16GB,人民币,2026-03-30,日低点,14.40,开盘价,14.40,收盘价,14.40,14.4,14.4,14.4,当前价,￥14.40,2026-04-22 18:00,0.00,0.00%,前收盘,￥14.40,日高点,￥14.40,日低点,￥14.40,$2.05,https://www.chinaflashmarket.com/price/usb2,https://www.chinaflashmarket.com/price/sz/100192,https://www.chinaflashmarket.com/price/sz/100192/1,2026-04-22 20:13:57
移动存储,USB 2.0,USB2.0(PCBA) 16GB,人民币,2026-03-27,日低点,14.40,开盘价,14.40,收盘价,14.40,14.4,14.4,14.4,当前价,￥14.40,2026-04-22 18:00,0.00,0.00%,前收盘,￥14.40,日高点,￥14.40,日低点,￥14.40,$2.05,https://www.chinaflashmarket.com/price/usb2,https://www.chinaflashmarket.com/price/sz/100192,https://www.chinaflashmarket.com/price/sz/100192/1,2026-04-22 20:13:57
移动存储,USB 2.0,USB2.0(PCBA) 16GB,人民币,2026-03-26,日低点,14.40,开盘价,14.40,收盘价,14.40,14.4,14.4,14.4,当前价,￥14.40,2026-04-22 18:00,0.00,0.00%,前收盘,￥14.40,日高点,￥14.40,日低点,￥14.40,$2.05,https://www.chinaflashmarket.com/price/usb2,https://www.chinaflashmarket.com/price/sz/100192,https://www.chinaflashmarket.com/price/sz/100192/1,2026-04-22 20:13:57
移动存储,USB 2.0,USB2.0(PCBA) 16GB,人民币,2026-03-25,日低点,14.40,开盘价,14.40,收盘价,14.40,14.4,14.4,14.4,当前价,￥14.40,2026-04-22 18:00,0.00,0.00%,前收盘,￥14.40,日高点,￥14.40,日低点,￥14.40,$2.05,https://www.chinaflashmarket.com/price/usb2,https://www.chinaflashmarket.com/price/sz/100192,https://www.chinaflashmarket.com/price/sz/100192/1,2026-04-22 20:13:57
移动存储,USB 2.0,USB2.0(PCBA) 16GB,人民币,2026-03-24,日低点,14.40,开盘价,14.40,收盘价,14.40,14.4,14.4,14.4,当前价,￥14.40,2026-04-22 18:00,0.00,0.00%,前收盘,￥14.40,日高点,￥14.40,日低点,￥14.40,$2.05,https://www.chinaflashmarket.com/price/usb2,https://www.chinaflashmarket.com/price/sz/100192,https://www.chinaflashmarket.com/price/sz/100192/1,2026-04-22 20:13:57
移动存储,USB 2.0,USB2.0(PCBA) 16GB,人民币,2026-03-23,日低点,14.40,开盘价,14.40,收盘价,14.40,14.4,14.4,14.4,当前价,￥14.40,2026-04-22 18:00,0.00,0.00%,前收盘,￥14.40,日高点,￥14.40,日低点,￥14.40,$2.05,https://www.chinaflashmarket.com/price/usb2,https://www.chinaflashmarket.com/price/sz/100192,https://www.chinaflashmarket.com/price/sz/100192/1,2026-04-22 20:13:57
移动存储,USB 2.0,USB2.0(PCBA) 16GB,人民币,2026-03-20,日低点,14.40,开盘价,14.40,收盘价,14.40,14.4,14.4,14.4,当前价,￥14.40,2026-04-22 18:00,0.00,0.00%,前收盘,￥14.40,日高点,￥14.40,日低点,￥14.40,$2.05,https://www.chinaflashmarket.com/price/usb2,https://www.chinaflashmarket.com/price/sz/100192,https://www.chinaflashmarket.com/price/sz/100192/1,2026-04-22 20:13:57
移动存储,USB 2.0,USB2.0(PCBA) 16GB,人民币,2026-03-19,日低点,14.40,开盘价,14.40,收盘价,14.40,14.4,14.4,14.4,当前价,￥14.40,2026-04-22 18:00,0.00,0.00%,前收盘,￥14.40,日高点,￥14.40,日低点,￥14.40,$2.05,https://www.chinaflashmarket.com/price/usb2,https://www.chinaflashmarket.com/price/sz/100192,https://www.chinaflashmarket.com/price/sz/100192/1,2026-04-22 20:13:57
移动存储,USB 2.0,USB2.0(PCBA) 16GB,人民币,2026-03-18,日低点,14.40,开盘价,14.40,收盘价,14.40,14.4,14.4,14.4,当前价,￥14.40,2026-04-22 18:00,0.00,0.00%,前收盘,￥14.40,日高点,￥14.40,日低点,￥14.40,$2.05,https://www.chinaflashmarket.com/price/usb2,https://www.chinaflashmarket.com/price/sz/100192,https://www.chinaflashmarket.com/price/sz/100192/1,2026-04-22 20:13:57
移动存储,USB 2.0,USB2.0(PCBA) 16GB,人民币,2026-03-17,日低点,14.40,开盘价,14.40,收盘价,14.40,14.4,14.4,14.4,当前价,￥14.40,2026-04-22 18:00,0.00,0.00%,前收盘,￥14.40,日高点,￥14.40,日低点,￥14.40,$2.05,https://www.chinaflashmarket.com/price/usb2,https://www.chinaflashmarket.com/price/sz/100192,https://www.chinaflashmarket.com/price/sz/100192/1,2026-04-22 20:13:57
移动存储,USB 2.0,USB2.0(PCBA) 16GB,人民币,2026-03-16,日低点,14.40,开盘价,14.40,收盘价,14.40,14.4,14.4,14.4,当前价,￥14.40,2026-04-22 18:00,0.00,0.00%,前收盘,￥14.40,日高点,￥14.40,日低点,￥14.40,$2.05,https://www.chinaflashmarket.com/price/usb2,https://www.chinaflashmarket.com/price/sz/100192,https://www.chinaflashmarket.com/price/sz/100192/1,2026-04-22 20:13:57
移动存储,USB 2.0,USB2.0(PCBA) 16GB,人民币,2026-03-13,日低点,14.40,开盘价,14.40,收盘价,14.40,14.4,14.4,14.4,当前价,￥14.40,2026-04-22 18:00,0.00,0.00%,前收盘,￥14.40,日高点,￥14.40,日低点,￥14.40,$2.05,https://www.chinaflashmarket.com/price/usb2,https://www.chinaflashmarket.com/price/sz/100192,https://www.chinaflashmarket.com/price/sz/100192/1,2026-04-22 20:13:57
移动存储,USB 2.0,USB2.0(PCBA) 16GB,人民币,2026-03-12,日低点,14.40,开盘价,14.40,收盘价,14.40,14.4,14.4,14.4,当前价,￥14.40,2026-04-22 18:00,0.00,0.00%,前收盘,￥14.40,日高点,￥14.40,日低点,￥14.40,$2.05,https://www.chinaflashmarket.com/price/usb2,https://www.chinaflashmarket.com/price/sz/100192,https://www.chinaflashmarket.com/price/sz/100192/1,2026-04-22 20:13:57
移动存储,USB 2.0,USB2.0(PCBA) 16GB,人民币,2026-03-11,日低点,14.40,开盘价,14.40,收盘价,14.40,14.4,14.4,14.4,当前价,￥14.40,2026-04-22 18:00,0.00,0.00%,前收盘,￥14.40,日高点,￥14.40,日低点,￥14.40,$2.05,https://www.chinaflashmarket.com/price/usb2,https://www.chinaflashmarket.com/price/sz/100192,https://www.chinaflashmarket.com/price/sz/100192/1,2026-04-22 20:13:57
移动存储,USB 2.0,USB2.0(PCBA) 16GB,人民币,2026-03-10,日低点,14.40,开盘价,14.40,收盘价,14.40,14.4,14.4,14.4,当前价,￥14.40,2026-04-22 18:00,0.00,0.00%,前收盘,￥14.40,日高点,￥14.40,日低点,￥14.40,$2.05,https://www.chinaflashmarket.com/price/usb2,https://www.chinaflashmarket.com/price/sz/100192,https://www.chinaflashmarket.com/price/sz/100192/1,2026-04-22 20:13:57
移动存储,USB 2.0,USB2.0(PCBA) 16GB,人民币,2026-03-09,日低点,14.40,开盘价,14.40,收盘价,14.40,14.4,14.4,14.4,当前价,￥14.40,2026-04-22 18:00,0.00,0.00%,前收盘,￥14.40,日高点,￥14.40,日低点,￥14.40,$2.05,https://www.chinaflashmarket.com/price/usb2,https://www.chinaflashmarket.com/price/sz/100192,https://www.chinaflashmarket.com/price/sz/100192/1,2026-04-22 20:13:57
移动存储,USB 2.0,USB2.0(PCBA) 16GB,人民币,2026-03-06,日低点,14.00,开盘价,14.00,收盘价,14.00,14.0,14.0,14.0,当前价,￥14.40,2026-04-22 18:00,0.00,0.00%,前收盘,￥14.40,日高点,￥14.40,日低点,￥14.40,$2.05,https://www.chinaflashmarket.com/price/usb2,https://www.chinaflashmarket.com/price/sz/100192,https://www.chinaflashmarket.com/price/sz/100192/1,2026-04-22 20:13:57
移动存储,USB 2.0,USB2.0(PCBA) 16GB,人民币,2026-03-05,日低点,13.10,开盘价,13.10,收盘价,13.10,13.1,13.1,13.1,当前价,￥14.40,2026-04-22 18:00,0.00,0.00%,前收盘,￥14.40,日高点,￥14.40,日低点,￥14.40,$2.05,https://www.chinaflashmarket.com/price/usb2,https://www.chinaflashmarket.com/price/sz/100192,https://www.chinaflashmarket.com/price/sz/100192/1,2026-04-22 20:13:57
移动存储,USB 2.0,USB2.0(PCBA) 16GB,人民币,2026-03-04,日低点,13.10,开盘价,13.10,收盘价,13.10,13.1,13.1,13.1,当前价,￥14.40,2026-04-22 18:00,0.00,0.00%,前收盘,￥14.40,日高点,￥14.40,日低点,￥14.40,$2.05,https://www.chinaflashmarket.com/price/usb2,https://www.chinaflashmarket.com/price/sz/100192,https://www.chinaflashmarket.com/price/sz/100192/1,2026-04-22 20:13:57
移动存储,USB 2.0,USB2.0(PCBA) 16GB,人民币,2026-03-03,日低点,13.10,开盘价,13.10,收盘价,13.10,13.1,13.1,13.1,当前价,￥14.40,2026-04-22 18:00,0.00,0.00%,前收盘,￥14.40,日高点,￥14.40,日低点,￥14.40,$2.05,https://www.chinaflashmarket.com/price/usb2,https://www.chinaflashmarket.com/price/sz/100192,https://www.chinaflashmarket.com/price/sz/100192/1,2026-04-22 20:13:57
移动存储,USB 2.0,USB2.0(PCBA) 16GB,人民币,2026-03-02,日低点,13.10,开盘价,13.10,收盘价,13.10,13.1,13.1,13.1,当前价,￥14.40,2026-04-22 18:00,0.00,0.00%,前收盘,￥14.40,日高点,￥14.40,日低点,￥14.40,$2.05,https://www.chinaflashmarket.com/price/usb2,https://www.chinaflashmarket.com/price/sz/100192,https://www.chinaflashmarket.com/price/sz/100192/1,2026-04-22 20:13:57
移动存储,USB 2.0,USB2.0(PCBA) 16GB,人民币,2026-02-28,日低点,13.10,开盘价,13.10,收盘价,13.10,13.1,13.1,13.1,当前价,￥14.40,2026-04-22 18:00,0.00,0.00%,前收盘,￥14.40,日高点,￥14.40,日低点,￥14.40,$2.05,https://www.chinaflashmarket.com/price/usb2,https://www.chinaflashmarket.com/price/sz/100192,https://www.chinaflashmarket.com/price/sz/100192/1,2026-04-22 20:13:57
移动存储,USB 2.0,USB2.0(PCBA) 16GB,人民币,2026-02-27,日低点,13.10,开盘价,13.10,收盘价,13.10,13.1,13.1,13.1,当前价,￥14.40,2026-04-22 18:00,0.00,0.00%,前收盘,￥14.40,日高点,￥14.40,日低点,￥14.40,$2.05,https://www.chinaflashmarket.com/price/usb2,https://www.chinaflashmarket.com/price/sz/100192,https://www.chinaflashmarket.com/price/sz/100192/1,2026-04-22 20:13:57
移动存储,USB 2.0,USB2.0(PCBA) 16GB,人民币,2026-02-26,日低点,13.10,开盘价,13.10,收盘价,13.10,13.1,13.1,13.1,当前价,￥14.40,2026-04-22 18:00,0.00,0.00%,前收盘,￥14.40,日高点,￥14.40,日低点,￥14.40,$2.05,https://www.chinaflashmarket.com/price/usb2,https://www.chinaflashmarket.com/price/sz/100192,https://www.chinaflashmarket.com/price/sz/100192/1,2026-04-22 20:13:57
移动存储,USB 2.0,USB2.0(PCBA) 16GB,人民币,2026-02-25,日低点,13.10,开盘价,13.10,收盘价,13.10,13.1,13.1,13.1,当前价,￥14.40,2026-04-22 18:00,0.00,0.00%,前收盘,￥14.40,日高点,￥14.40,日低点,￥14.40,$2.05,https://www.chinaflashmarket.com/price/usb2,https://www.chinaflashmarket.com/price/sz/100192,https://www.chinaflashmarket.com/price/sz/100192/1,2026-04-22 20:13:57
移动存储,USB 2.0,USB2.0(PCBA) 16GB,人民币,2026-02-24,日低点,13.10,开盘价,13.10,收盘价,13.10,13.1,13.1,13.1,当前价,￥14.40,2026-04-22 18:00,0.00,0.00%,前收盘,￥14.40,日高点,￥14.40,日低点,￥14.40,$2.05,https://www.chinaflashmarket.com/price/usb2,https://www.chinaflashmarket.com/price/sz/100192,https://www.chinaflashmarket.com/price/sz/100192/1,2026-04-22 20:13:57
移动存储,USB 2.0,USB2.0(PCBA) 16GB,人民币,2026-02-14,日低点,13.10,开盘价,13.10,收盘价,13.10,13.1,13.1,13.1,当前价,￥14.40,2026-04-22 18:00,0.00,0.00%,前收盘,￥14.40,日高点,￥14.40,日低点,￥14.40,$2.05,https://www.chinaflashmarket.com/price/usb2,https://www.chinaflashmarket.com/price/sz/100192,https://www.chinaflashmarket.com/price/sz/100192/1,2026-04-22 20:13:57
移动存储,USB 2.0,USB2.0(PCBA) 16GB,人民币,2026-02-13,日低点,13.10,开盘价,13.10,收盘价,13.10,13.1,13.1,13.1,当前价,￥14.40,2026-04-22 18:00,0.00,0.00%,前收盘,￥14.40,日高点,￥14.40,日低点,￥14.40,$2.05,https://www.chinaflashmarket.com/price/usb2,https://www.chinaflashmarket.com/price/sz/100192,https://www.chinaflashmarket.com/price/sz/100192/1,2026-04-22 20:13:57
移动存储,USB 2.0,USB2.0(PCBA) 16GB,人民币,2026-02-12,日低点,13.10,开盘价,13.10,收盘价,13.10,13.1,13.1,13.1,当前价,￥14.40,2026-04-22 18:00,0.00,0.00%,前收盘,￥14.40,日高点,￥14.40,日低点,￥14.40,$2.05,https://www.chinaflashmarket.com/price/usb2,https://www.chinaflashmarket.com/price/sz/100192,https://www.chinaflashmarket.com/price/sz/100192/1,2026-04-22 20:13:57
移动存储,USB 2.0,USB2.0(PCBA) 16GB,人民币,2026-02-11,日低点,13.10,开盘价,13.10,收盘价,13.10,13.1,13.1,13.1,当前价,￥14.40,2026-04-22 18:00,0.00,0.00%,前收盘,￥14.40,日高点,￥14.40,日低点,￥14.40,$2.05,https://www.chinaflashmarket.com/price/usb2,https://www.chinaflashmarket.com/price/sz/100192,https://www.chinaflashmarket.com/price/sz/100192/1,2026-04-22 20:13:57
移动存储,USB 2.0,USB2.0(PCBA) 16GB,人民币,2026-02-10,日低点,13.10,开盘价,13.10,收盘价,13.10,13.1,13.1,13.1,当前价,￥14.40,2026-04-22 18:00,0.00,0.00%,前收盘,￥14.40,日高点,￥14.40,日低点,￥14.40,$2.05,https://www.chinaflashmarket.com/price/usb2,https://www.chinaflashmarket.com/price/sz/100192,https://www.chinaflashmarket.com/price/sz/100192/1,2026-04-22 20:13:57
移动存储,USB 2.0,USB2.0(PCBA) 16GB,人民币,2026-02-09,日低点,13.10,开盘价,13.10,收盘价,13.10,13.1,13.1,13.1,当前价,￥14.40,2026-04-22 18:00,0.00,0.00%,前收盘,￥14.40,日高点,￥14.40,日低点,￥14.40,$2.05,https://www.chinaflashmarket.com/price/usb2,https://www.chinaflashmarket.com/price/sz/100192,https://www.chinaflashmarket.com/price/sz/100192/1,2026-04-22 20:13:57
移动存储,USB 2.0,USB2.0(PCBA) 16GB,人民币,2026-02-06,日低点,13.10,开盘价,13.10,收盘价,13.10,13.1,13.1,13.1,当前价,￥14.40,2026-04-22 18:00,0.00,0.00%,前收盘,￥14.40,日高点,￥14.40,日低点,￥14.40,$2.05,https://www.chinaflashmarket.com/price/usb2,https://www.chinaflashmarket.com/price/sz/100192,https://www.chinaflashmarket.com/price/sz/100192/1,2026-04-22 20:13:57
移动存储,USB 2.0,USB2.0(PCBA) 16GB,人民币,2026-02-05,日低点,13.10,开盘价,13.10,收盘价,13.10,13.1,13.1,13.1,当前价,￥14.40,2026-04-22 18:00,0.00,0.00%,前收盘,￥14.40,日高点,￥14.40,日低点,￥14.40,$2.05,https://www.chinaflashmarket.com/price/usb2,https://www.chinaflashmarket.com/price/sz/100192,https://www.chinaflashmarket.com/price/sz/100192/1,2026-04-22 20:13:57
移动存储,USB 2.0,USB2.0(PCBA) 16GB,人民币,2026-02-04,日低点,13.10,开盘价,13.10,收盘价,13.10,13.1,13.1,13.1,当前价,￥14.40,2026-04-22 18:00,0.00,0.00%,前收盘,￥14.40,日高点,￥14.40,日低点,￥14.40,$2.05,https://www.chinaflashmarket.com/price/usb2,https://www.chinaflashmarket.com/price/sz/100192,https://www.chinaflashmarket.com/price/sz/100192/1,2026-04-22 20:13:57
移动存储,USB 2.0,USB2.0(PCBA) 16GB,人民币,2026-02-03,日低点,13.10,开盘价,13.10,收盘价,13.10,13.1,13.1,13.1,当前价,￥14.40,2026-04-22 18:00,0.00,0.00%,前收盘,￥14.40,日高点,￥14.40,日低点,￥14.40,$2.05,https://www.chinaflashmarket.com/price/usb2,https://www.chinaflashmarket.com/price/sz/100192,https://www.chinaflashmarket.com/price/sz/100192/1,2026-04-22 20:13:57
移动存储,USB 2.0,USB2.0(PCBA) 16GB,人民币,2026-02-02,日低点,13.10,开盘价,13.10,收盘价,13.10,13.1,13.1,13.1,当前价,￥14.40,2026-04-22 18:00,0.00,0.00%,前收盘,￥14.40,日高点,￥14.40,日低点,￥14.40,$2.05,https://www.chinaflashmarket.com/price/usb2,https://www.chinaflashmarket.com/price/sz/100192,https://www.chinaflashmarket.com/price/sz/100192/1,2026-04-22 20:13:57
移动存储,USB 2.0,USB2.0(PCBA) 16GB,人民币,2026-01-30,日低点,13.10,开盘价,13.10,收盘价,13.10,13.1,13.1,13.1,当前价,￥14.40,2026-04-22 18:00,0.00,0.00%,前收盘,￥14.40,日高点,￥14.40,日低点,￥14.40,$2.05,https://www.chinaflashmarket.com/price/usb2,https://www.chinaflashmarket.com/price/sz/100192,https://www.chinaflashmarket.com/price/sz/100192/1,2026-04-22 20:13:57
移动存储,USB 2.0,USB2.0(PCBA) 16GB,人民币,2026-01-29,日低点,13.10,开盘价,13.10,收盘价,13.10,13.1,13.1,13.1,当前价,￥14.40,2026-04-22 18:00,0.00,0.00%,前收盘,￥14.40,日高点,￥14.40,日低点,￥14.40,$2.05,https://www.chinaflashmarket.com/price/usb2,https://www.chinaflashmarket.com/price/sz/100192,https://www.chinaflashmarket.com/price/sz/100192/1,2026-04-22 20:13:57
移动存储,USB 2.0,USB2.0(PCBA) 16GB,人民币,2026-01-28,日低点,13.10,开盘价,13.10,收盘价,13.10,13.1,13.1,13.1,当前价,￥14.40,2026-04-22 18:00,0.00,0.00%,前收盘,￥14.40,日高点,￥14.40,日低点,￥14.40,$2.05,https://www.chinaflashmarket.com/price/usb2,https://www.chinaflashmarket.com/price/sz/100192,https://www.chinaflashmarket.com/price/sz/100192/1,2026-04-22 20:13:57
移动存储,USB 2.0,USB2.0(PCBA) 16GB,人民币,2026-01-27,日低点,13.10,开盘价,13.10,收盘价,13.10,13.1,13.1,13.1,当前价,￥14.40,2026-04-22 18:00,0.00,0.00%,前收盘,￥14.40,日高点,￥14.40,日低点,￥14.40,$2.05,https://www.chinaflashmarket.com/price/usb2,https://www.chinaflashmarket.com/price/sz/100192,https://www.chinaflashmarket.com/price/sz/100192/1,2026-04-22 20:13:57
移动存储,USB 2.0,USB2.0(PCBA) 16GB,人民币,2026-01-26,日低点,13.10,开盘价,13.10,收盘价,13.10,13.1,13.1,13.1,当前价,￥14.40,2026-04-22 18:00,0.00,0.00%,前收盘,￥14.40,日高点,￥14.40,日低点,￥14.40,$2.05,https://www.chinaflashmarket.com/price/usb2,https://www.chinaflashmarket.com/price/sz/100192,https://www.chinaflashmarket.com/price/sz/100192/1,2026-04-22 20:13:57
移动存储,USB 2.0,USB2.0(PCBA) 16GB,人民币,2026-01-23,日低点,13.10,开盘价,13.10,收盘价,13.10,13.1,13.1,13.1,当前价,￥14.40,2026-04-22 18:00,0.00,0.00%,前收盘,￥14.40,日高点,￥14.40,日低点,￥14.40,$2.05,https://www.chinaflashmarket.com/price/usb2,https://www.chinaflashmarket.com/price/sz/100192,https://www.chinaflashmarket.com/price/sz/100192/1,2026-04-22 20:13:57
移动存储,USB 2.0,USB2.0(PCBA) 16GB,人民币,2026-01-22,日低点,13.10,开盘价,13.10,收盘价,13.10,13.1,13.1,13.1,当前价,￥14.40,2026-04-22 18:00,0.00,0.00%,前收盘,￥14.40,日高点,￥14.40,日低点,￥14.40,$2.05,https://www.chinaflashmarket.com/price/usb2,https://www.chinaflashmarket.com/price/sz/100192,https://www.chinaflashmarket.com/price/sz/100192/1,2026-04-22 20:13:57
移动存储,USB 2.0,USB2.0(PCBA) 32GB,人民币,2026-04-21,日低点,20.30,开盘价,20.30,收盘价,20.30,20.3,20.3,20.3,当前价,￥20.30,2026-04-22 18:00,0.00,0.00%,前收盘,￥20.30,日高点,￥20.30,日低点,￥20.30,$2.90,https://www.chinaflashmarket.com/price/usb2,https://www.chinaflashmarket.com/price/sz/100193,https://www.chinaflashmarket.com/price/sz/100193/1,2026-04-22 20:13:57
移动存储,USB 2.0,USB2.0(PCBA) 32GB,人民币,2026-04-20,日低点,20.30,开盘价,20.30,收盘价,20.30,20.3,20.3,20.3,当前价,￥20.30,2026-04-22 18:00,0.00,0.00%,前收盘,￥20.30,日高点,￥20.30,日低点,￥20.30,$2.90,https://www.chinaflashmarket.com/price/usb2,https://www.chinaflashmarket.com/price/sz/100193,https://www.chinaflashmarket.com/price/sz/100193/1,2026-04-22 20:13:57
移动存储,USB 2.0,USB2.0(PCBA) 32GB,人民币,2026-04-17,日低点,20.30,开盘价,20.30,收盘价,20.30,20.3,20.3,20.3,当前价,￥20.30,2026-04-22 18:00,0.00,0.00%,前收盘,￥20.30,日高点,￥20.30,日低点,￥20.30,$2.90,https://www.chinaflashmarket.com/price/usb2,https://www.chinaflashmarket.com/price/sz/100193,https://www.chinaflashmarket.com/price/sz/100193/1,2026-04-22 20:13:57
移动存储,USB 2.0,USB2.0(PCBA) 32GB,人民币,2026-04-16,日低点,20.30,开盘价,20.30,收盘价,20.30,20.3,20.3,20.3,当前价,￥20.30,2026-04-22 18:00,0.00,0.00%,前收盘,￥20.30,日高点,￥20.30,日低点,￥20.30,$2.90,https://www.chinaflashmarket.com/price/usb2,https://www.chinaflashmarket.com/price/sz/100193,https://www.chinaflashmarket.com/price/sz/100193/1,2026-04-22 20:13:57
移动存储,USB 2.0,USB2.0(PCBA) 32GB,人民币,2026-04-15,日低点,20.30,开盘价,20.30,收盘价,20.30,20.3,20.3,20.3,当前价,￥20.30,2026-04-22 18:00,0.00,0.00%,前收盘,￥20.30,日高点,￥20.30,日低点,￥20.30,$2.90,https://www.chinaflashmarket.com/price/usb2,https://www.chinaflashmarket.com/price/sz/100193,https://www.chinaflashmarket.com/price/sz/100193/1,2026-04-22 20:13:57
移动存储,USB 2.0,USB2.0(PCBA) 32GB,人民币,2026-04-14,日低点,20.30,开盘价,20.30,收盘价,20.30,20.3,20.3,20.3,当前价,￥20.30,2026-04-22 18:00,0.00,0.00%,前收盘,￥20.30,日高点,￥20.30,日低点,￥20.30,$2.90,https://www.chinaflashmarket.com/price/usb2,https://www.chinaflashmarket.com/price/sz/100193,https://www.chinaflashmarket.com/price/sz/100193/1,2026-04-22 20:13:57
移动存储,USB 2.0,USB2.0(PCBA) 32GB,人民币,2026-04-13,日低点,20.30,开盘价,20.30,收盘价,20.30,20.3,20.3,20.3,当前价,￥20.30,2026-04-22 18:00,0.00,0.00%,前收盘,￥20.30,日高点,￥20.30,日低点,￥20.30,$2.90,https://www.chinaflashmarket.com/price/usb2,https://www.chinaflashmarket.com/price/sz/100193,https://www.chinaflashmarket.com/price/sz/100193/1,2026-04-22 20:13:57
移动存储,USB 2.0,USB2.0(PCBA) 32GB,人民币,2026-04-10,日低点,20.30,开盘价,20.30,收盘价,20.30,20.3,20.3,20.3,当前价,￥20.30,2026-04-22 18:00,0.00,0.00%,前收盘,￥20.30,日高点,￥20.30,日低点,￥20.30,$2.90,https://www.chinaflashmarket.com/price/usb2,https://www.chinaflashmarket.com/price/sz/100193,https://www.chinaflashmarket.com/price/sz/100193/1,2026-04-22 20:13:57
移动存储,USB 2.0,USB2.0(PCBA) 32GB,人民币,2026-04-09,日低点,20.30,开盘价,20.30,收盘价,20.30,20.3,20.3,20.3,当前价,￥20.30,2026-04-22 18:00,0.00,0.00%,前收盘,￥20.30,日高点,￥20.30,日低点,￥20.30,$2.90,https://www.chinaflashmarket.com/price/usb2,https://www.chinaflashmarket.com/price/sz/100193,https://www.chinaflashmarket.com/price/sz/100193/1,2026-04-22 20:13:57
移动存储,USB 2.0,USB2.0(PCBA) 32GB,人民币,2026-04-08,日低点,20.30,开盘价,20.30,收盘价,20.30,20.3,20.3,20.3,当前价,￥20.30,2026-04-22 18:00,0.00,0.00%,前收盘,￥20.30,日高点,￥20.30,日低点,￥20.30,$2.90,https://www.chinaflashmarket.com/price/usb2,https://www.chinaflashmarket.com/price/sz/100193,https://www.chinaflashmarket.com/price/sz/100193/1,2026-04-22 20:13:57
移动存储,USB 2.0,USB2.0(PCBA) 32GB,人民币,2026-04-07,日低点,20.30,开盘价,20.30,收盘价,20.30,20.3,20.3,20.3,当前价,￥20.30,2026-04-22 18:00,0.00,0.00%,前收盘,￥20.30,日高点,￥20.30,日低点,￥20.30,$2.90,https://www.chinaflashmarket.com/price/usb2,https://www.chinaflashmarket.com/price/sz/100193,https://www.chinaflashmarket.com/price/sz/100193/1,2026-04-22 20:13:57
移动存储,USB 2.0,USB2.0(PCBA) 32GB,人民币,2026-04-03,日低点,20.30,开盘价,20.30,收盘价,20.30,20.3,20.3,20.3,当前价,￥20.30,2026-04-22 18:00,0.00,0.00%,前收盘,￥20.30,日高点,￥20.30,日低点,￥20.30,$2.90,https://www.chinaflashmarket.com/price/usb2,https://www.chinaflashmarket.com/price/sz/100193,https://www.chinaflashmarket.com/price/sz/100193/1,2026-04-22 20:13:57
移动存储,USB 2.0,USB2.0(PCBA) 32GB,人民币,2026-04-02,日低点,20.30,开盘价,20.30,收盘价,20.30,20.3,20.3,20.3,当前价,￥20.30,2026-04-22 18:00,0.00,0.00%,前收盘,￥20.30,日高点,￥20.30,日低点,￥20.30,$2.90,https://www.chinaflashmarket.com/price/usb2,https://www.chinaflashmarket.com/price/sz/100193,https://www.chinaflashmarket.com/price/sz/100193/1,2026-04-22 20:13:57
移动存储,USB 2.0,USB2.0(PCBA) 32GB,人民币,2026-04-01,日低点,20.30,开盘价,20.30,收盘价,20.30,20.3,20.3,20.3,当前价,￥20.30,2026-04-22 18:00,0.00,0.00%,前收盘,￥20.30,日高点,￥20.30,日低点,￥20.30,$2.90,https://www.chinaflashmarket.com/price/usb2,https://www.chinaflashmarket.com/price/sz/100193,https://www.chinaflashmarket.com/price/sz/100193/1,2026-04-22 20:13:57
移动存储,USB 2.0,USB2.0(PCBA) 32GB,人民币,2026-03-31,日低点,20.30,开盘价,20.30,收盘价,20.30,20.3,20.3,20.3,当前价,￥20.30,2026-04-22 18:00,0.00,0.00%,前收盘,￥20.30,日高点,￥20.30,日低点,￥20.30,$2.90,https://www.chinaflashmarket.com/price/usb2,https://www.chinaflashmarket.com/price/sz/100193,https://www.chinaflashmarket.com/price/sz/100193/1,2026-04-22 20:13:57
移动存储,USB 2.0,USB2.0(PCBA) 32GB,人民币,2026-03-30,日低点,20.30,开盘价,20.30,收盘价,20.30,20.3,20.3,20.3,当前价,￥20.30,2026-04-22 18:00,0.00,0.00%,前收盘,￥20.30,日高点,￥20.30,日低点,￥20.30,$2.90,https://www.chinaflashmarket.com/price/usb2,https://www.chinaflashmarket.com/price/sz/100193,https://www.chinaflashmarket.com/price/sz/100193/1,2026-04-22 20:13:57
移动存储,USB 2.0,USB2.0(PCBA) 32GB,人民币,2026-03-27,日低点,20.30,开盘价,20.30,收盘价,20.30,20.3,20.3,20.3,当前价,￥20.30,2026-04-22 18:00,0.00,0.00%,前收盘,￥20.30,日高点,￥20.30,日低点,￥20.30,$2.90,https://www.chinaflashmarket.com/price/usb2,https://www.chinaflashmarket.com/price/sz/100193,https://www.chinaflashmarket.com/price/sz/100193/1,2026-04-22 20:13:57
移动存储,USB 2.0,USB2.0(PCBA) 32GB,人民币,2026-03-26,日低点,20.30,开盘价,20.30,收盘价,20.30,20.3,20.3,20.3,当前价,￥20.30,2026-04-22 18:00,0.00,0.00%,前收盘,￥20.30,日高点,￥20.30,日低点,￥20.30,$2.90,https://www.chinaflashmarket.com/price/usb2,https://www.chinaflashmarket.com/price/sz/100193,https://www.chinaflashmarket.com/price/sz/100193/1,2026-04-22 20:13:57
移动存储,USB 2.0,USB2.0(PCBA) 32GB,人民币,2026-03-25,日低点,20.30,开盘价,20.30,收盘价,20.30,20.3,20.3,20.3,当前价,￥20.30,2026-04-22 18:00,0.00,0.00%,前收盘,￥20.30,日高点,￥20.30,日低点,￥20.30,$2.90,https://www.chinaflashmarket.com/price/usb2,https://www.chinaflashmarket.com/price/sz/100193,https://www.chinaflashmarket.com/price/sz/100193/1,2026-04-22 20:13:57
移动存储,USB 2.0,USB2.0(PCBA) 32GB,人民币,2026-03-24,日低点,20.30,开盘价,20.30,收盘价,20.30,20.3,20.3,20.3,当前价,￥20.30,2026-04-22 18:00,0.00,0.00%,前收盘,￥20.30,日高点,￥20.30,日低点,￥20.30,$2.90,https://www.chinaflashmarket.com/price/usb2,https://www.chinaflashmarket.com/price/sz/100193,https://www.chinaflashmarket.com/price/sz/100193/1,2026-04-22 20:13:57
移动存储,USB 2.0,USB2.0(PCBA) 32GB,人民币,2026-03-23,日低点,20.30,开盘价,20.30,收盘价,20.30,20.3,20.3,20.3,当前价,￥20.30,2026-04-22 18:00,0.00,0.00%,前收盘,￥20.30,日高点,￥20.30,日低点,￥20.30,$2.90,https://www.chinaflashmarket.com/price/usb2,https://www.chinaflashmarket.com/price/sz/100193,https://www.chinaflashmarket.com/price/sz/100193/1,2026-04-22 20:13:57
移动存储,USB 2.0,USB2.0(PCBA) 32GB,人民币,2026-03-20,日低点,20.30,开盘价,20.30,收盘价,20.30,20.3,20.3,20.3,当前价,￥20.30,2026-04-22 18:00,0.00,0.00%,前收盘,￥20.30,日高点,￥20.30,日低点,￥20.30,$2.90,https://www.chinaflashmarket.com/price/usb2,https://www.chinaflashmarket.com/price/sz/100193,https://www.chinaflashmarket.com/price/sz/100193/1,2026-04-22 20:13:57
移动存储,USB 2.0,USB2.0(PCBA) 32GB,人民币,2026-03-19,日低点,20.30,开盘价,20.30,收盘价,20.30,20.3,20.3,20.3,当前价,￥20.30,2026-04-22 18:00,0.00,0.00%,前收盘,￥20.30,日高点,￥20.30,日低点,￥20.30,$2.90,https://www.chinaflashmarket.com/price/usb2,https://www.chinaflashmarket.com/price/sz/100193,https://www.chinaflashmarket.com/price/sz/100193/1,2026-04-22 20:13:57
移动存储,USB 2.0,USB2.0(PCBA) 32GB,人民币,2026-03-18,日低点,20.30,开盘价,20.30,收盘价,20.30,20.3,20.3,20.3,当前价,￥20.30,2026-04-22 18:00,0.00,0.00%,前收盘,￥20.30,日高点,￥20.30,日低点,￥20.30,$2.90,https://www.chinaflashmarket.com/price/usb2,https://www.chinaflashmarket.com/price/sz/100193,https://www.chinaflashmarket.com/price/sz/100193/1,2026-04-22 20:13:57
移动存储,USB 2.0,USB2.0(PCBA) 32GB,人民币,2026-03-17,日低点,20.30,开盘价,20.30,收盘价,20.30,20.3,20.3,20.3,当前价,￥20.30,2026-04-22 18:00,0.00,0.00%,前收盘,￥20.30,日高点,￥20.30,日低点,￥20.30,$2.90,https://www.chinaflashmarket.com/price/usb2,https://www.chinaflashmarket.com/price/sz/100193,https://www.chinaflashmarket.com/price/sz/100193/1,2026-04-22 20:13:57
移动存储,USB 2.0,USB2.0(PCBA) 32GB,人民币,2026-03-16,日低点,20.30,开盘价,20.30,收盘价,20.30,20.3,20.3,20.3,当前价,￥20.30,2026-04-22 18:00,0.00,0.00%,前收盘,￥20.30,日高点,￥20.30,日低点,￥20.30,$2.90,https://www.chinaflashmarket.com/price/usb2,https://www.chinaflashmarket.com/price/sz/100193,https://www.chinaflashmarket.com/price/sz/100193/1,2026-04-22 20:13:57
移动存储,USB 2.0,USB2.0(PCBA) 32GB,人民币,2026-03-13,日低点,20.30,开盘价,20.30,收盘价,20.30,20.3,20.3,20.3,当前价,￥20.30,2026-04-22 18:00,0.00,0.00%,前收盘,￥20.30,日高点,￥20.30,日低点,￥20.30,$2.90,https://www.chinaflashmarket.com/price/usb2,https://www.chinaflashmarket.com/price/sz/100193,https://www.chinaflashmarket.com/price/sz/100193/1,2026-04-22 20:13:57
移动存储,USB 2.0,USB2.0(PCBA) 32GB,人民币,2026-03-12,日低点,19.60,开盘价,19.60,收盘价,19.60,19.6,19.6,19.6,当前价,￥20.30,2026-04-22 18:00,0.00,0.00%,前收盘,￥20.30,日高点,￥20.30,日低点,￥20.30,$2.90,https://www.chinaflashmarket.com/price/usb2,https://www.chinaflashmarket.com/price/sz/100193,https://www.chinaflashmarket.com/price/sz/100193/1,2026-04-22 20:13:57
移动存储,USB 2.0,USB2.0(PCBA) 32GB,人民币,2026-03-11,日低点,19.60,开盘价,19.60,收盘价,19.60,19.6,19.6,19.6,当前价,￥20.30,2026-04-22 18:00,0.00,0.00%,前收盘,￥20.30,日高点,￥20.30,日低点,￥20.30,$2.90,https://www.chinaflashmarket.com/price/usb2,https://www.chinaflashmarket.com/price/sz/100193,https://www.chinaflashmarket.com/price/sz/100193/1,2026-04-22 20:13:57
移动存储,USB 2.0,USB2.0(PCBA) 32GB,人民币,2026-03-10,日低点,19.60,开盘价,19.60,收盘价,19.60,19.6,19.6,19.6,当前价,￥20.30,2026-04-22 18:00,0.00,0.00%,前收盘,￥20.30,日高点,￥20.30,日低点,￥20.30,$2.90,https://www.chinaflashmarket.com/price/usb2,https://www.chinaflashmarket.com/price/sz/100193,https://www.chinaflashmarket.com/price/sz/100193/1,2026-04-22 20:13:57
移动存储,USB 2.0,USB2.0(PCBA) 32GB,人民币,2026-03-09,日低点,19.60,开盘价,19.60,收盘价,19.60,19.6,19.6,19.6,当前价,￥20.30,2026-04-22 18:00,0.00,0.00%,前收盘,￥20.30,日高点,￥20.30,日低点,￥20.30,$2.90,https://www.chinaflashmarket.com/price/usb2,https://www.chinaflashmarket.com/price/sz/100193,https://www.chinaflashmarket.com/price/sz/100193/1,2026-04-22 20:13:57
移动存储,USB 2.0,USB2.0(PCBA) 32GB,人民币,2026-03-06,日低点,18.20,开盘价,18.20,收盘价,18.20,18.2,18.2,18.2,当前价,￥20.30,2026-04-22 18:00,0.00,0.00%,前收盘,￥20.30,日高点,￥20.30,日低点,￥20.30,$2.90,https://www.chinaflashmarket.com/price/usb2,https://www.chinaflashmarket.com/price/sz/100193,https://www.chinaflashmarket.com/price/sz/100193/1,2026-04-22 20:13:57
移动存储,USB 2.0,USB2.0(PCBA) 32GB,人民币,2026-03-05,日低点,16.70,开盘价,16.70,收盘价,16.70,16.7,16.7,16.7,当前价,￥20.30,2026-04-22 18:00,0.00,0.00%,前收盘,￥20.30,日高点,￥20.30,日低点,￥20.30,$2.90,https://www.chinaflashmarket.com/price/usb2,https://www.chinaflashmarket.com/price/sz/100193,https://www.chinaflashmarket.com/price/sz/100193/1,2026-04-22 20:13:57
移动存储,USB 2.0,USB2.0(PCBA) 32GB,人民币,2026-03-04,日低点,16.70,开盘价,16.70,收盘价,16.70,16.7,16.7,16.7,当前价,￥20.30,2026-04-22 18:00,0.00,0.00%,前收盘,￥20.30,日高点,￥20.30,日低点,￥20.30,$2.90,https://www.chinaflashmarket.com/price/usb2,https://www.chinaflashmarket.com/price/sz/100193,https://www.chinaflashmarket.com/price/sz/100193/1,2026-04-22 20:13:57
移动存储,USB 2.0,USB2.0(PCBA) 32GB,人民币,2026-03-03,日低点,16.70,开盘价,16.70,收盘价,16.70,16.7,16.7,16.7,当前价,￥20.30,2026-04-22 18:00,0.00,0.00%,前收盘,￥20.30,日高点,￥20.30,日低点,￥20.30,$2.90,https://www.chinaflashmarket.com/price/usb2,https://www.chinaflashmarket.com/price/sz/100193,https://www.chinaflashmarket.com/price/sz/100193/1,2026-04-22 20:13:57
移动存储,USB 2.0,USB2.0(PCBA) 32GB,人民币,2026-03-02,日低点,16.70,开盘价,16.70,收盘价,16.70,16.7,16.7,16.7,当前价,￥20.30,2026-04-22 18:00,0.00,0.00%,前收盘,￥20.30,日高点,￥20.30,日低点,￥20.30,$2.90,https://www.chinaflashmarket.com/price/usb2,https://www.chinaflashmarket.com/price/sz/100193,https://www.chinaflashmarket.com/price/sz/100193/1,2026-04-22 20:13:57
移动存储,USB 2.0,USB2.0(PCBA) 32GB,人民币,2026-02-28,日低点,16.70,开盘价,16.70,收盘价,16.70,16.7,16.7,16.7,当前价,￥20.30,2026-04-22 18:00,0.00,0.00%,前收盘,￥20.30,日高点,￥20.30,日低点,￥20.30,$2.90,https://www.chinaflashmarket.com/price/usb2,https://www.chinaflashmarket.com/price/sz/100193,https://www.chinaflashmarket.com/price/sz/100193/1,2026-04-22 20:13:57
移动存储,USB 2.0,USB2.0(PCBA) 32GB,人民币,2026-02-27,日低点,16.70,开盘价,16.70,收盘价,16.70,16.7,16.7,16.7,当前价,￥20.30,2026-04-22 18:00,0.00,0.00%,前收盘,￥20.30,日高点,￥20.30,日低点,￥20.30,$2.90,https://www.chinaflashmarket.com/price/usb2,https://www.chinaflashmarket.com/price/sz/100193,https://www.chinaflashmarket.com/price/sz/100193/1,2026-04-22 20:13:57
移动存储,USB 2.0,USB2.0(PCBA) 32GB,人民币,2026-02-26,日低点,16.70,开盘价,16.70,收盘价,16.70,16.7,16.7,16.7,当前价,￥20.30,2026-04-22 18:00,0.00,0.00%,前收盘,￥20.30,日高点,￥20.30,日低点,￥20.30,$2.90,https://www.chinaflashmarket.com/price/usb2,https://www.chinaflashmarket.com/price/sz/100193,https://www.chinaflashmarket.com/price/sz/100193/1,2026-04-22 20:13:57
移动存储,USB 2.0,USB2.0(PCBA) 32GB,人民币,2026-02-25,日低点,16.70,开盘价,16.70,收盘价,16.70,16.7,16.7,16.7,当前价,￥20.30,2026-04-22 18:00,0.00,0.00%,前收盘,￥20.30,日高点,￥20.30,日低点,￥20.30,$2.90,https://www.chinaflashmarket.com/price/usb2,https://www.chinaflashmarket.com/price/sz/100193,https://www.chinaflashmarket.com/price/sz/100193/1,2026-04-22 20:13:57
移动存储,USB 2.0,USB2.0(PCBA) 32GB,人民币,2026-02-24,日低点,16.70,开盘价,16.70,收盘价,16.70,16.7,16.7,16.7,当前价,￥20.30,2026-04-22 18:00,0.00,0.00%,前收盘,￥20.30,日高点,￥20.30,日低点,￥20.30,$2.90,https://www.chinaflashmarket.com/price/usb2,https://www.chinaflashmarket.com/price/sz/100193,https://www.chinaflashmarket.com/price/sz/100193/1,2026-04-22 20:13:57
移动存储,USB 2.0,USB2.0(PCBA) 32GB,人民币,2026-02-14,日低点,16.70,开盘价,16.70,收盘价,16.70,16.7,16.7,16.7,当前价,￥20.30,2026-04-22 18:00,0.00,0.00%,前收盘,￥20.30,日高点,￥20.30,日低点,￥20.30,$2.90,https://www.chinaflashmarket.com/price/usb2,https://www.chinaflashmarket.com/price/sz/100193,https://www.chinaflashmarket.com/price/sz/100193/1,2026-04-22 20:13:57
移动存储,USB 2.0,USB2.0(PCBA) 32GB,人民币,2026-02-13,日低点,16.70,开盘价,16.70,收盘价,16.70,16.7,16.7,16.7,当前价,￥20.30,2026-04-22 18:00,0.00,0.00%,前收盘,￥20.30,日高点,￥20.30,日低点,￥20.30,$2.90,https://www.chinaflashmarket.com/price/usb2,https://www.chinaflashmarket.com/price/sz/100193,https://www.chinaflashmarket.com/price/sz/100193/1,2026-04-22 20:13:57
移动存储,USB 2.0,USB2.0(PCBA) 32GB,人民币,2026-02-12,日低点,16.70,开盘价,16.70,收盘价,16.70,16.7,16.7,16.7,当前价,￥20.30,2026-04-22 18:00,0.00,0.00%,前收盘,￥20.30,日高点,￥20.30,日低点,￥20.30,$2.90,https://www.chinaflashmarket.com/price/usb2,https://www.chinaflashmarket.com/price/sz/100193,https://www.chinaflashmarket.com/price/sz/100193/1,2026-04-22 20:13:57
移动存储,USB 2.0,USB2.0(PCBA) 32GB,人民币,2026-02-11,日低点,16.70,开盘价,16.70,收盘价,16.70,16.7,16.7,16.7,当前价,￥20.30,2026-04-22 18:00,0.00,0.00%,前收盘,￥20.30,日高点,￥20.30,日低点,￥20.30,$2.90,https://www.chinaflashmarket.com/price/usb2,https://www.chinaflashmarket.com/price/sz/100193,https://www.chinaflashmarket.com/price/sz/100193/1,2026-04-22 20:13:57
移动存储,USB 2.0,USB2.0(PCBA) 32GB,人民币,2026-02-10,日低点,16.70,开盘价,16.70,收盘价,16.70,16.7,16.7,16.7,当前价,￥20.30,2026-04-22 18:00,0.00,0.00%,前收盘,￥20.30,日高点,￥20.30,日低点,￥20.30,$2.90,https://www.chinaflashmarket.com/price/usb2,https://www.chinaflashmarket.com/price/sz/100193,https://www.chinaflashmarket.com/price/sz/100193/1,2026-04-22 20:13:57
移动存储,USB 2.0,USB2.0(PCBA) 32GB,人民币,2026-02-09,日低点,16.70,开盘价,16.70,收盘价,16.70,16.7,16.7,16.7,当前价,￥20.30,2026-04-22 18:00,0.00,0.00%,前收盘,￥20.30,日高点,￥20.30,日低点,￥20.30,$2.90,https://www.chinaflashmarket.com/price/usb2,https://www.chinaflashmarket.com/price/sz/100193,https://www.chinaflashmarket.com/price/sz/100193/1,2026-04-22 20:13:57
移动存储,USB 2.0,USB2.0(PCBA) 32GB,人民币,2026-02-06,日低点,16.70,开盘价,16.70,收盘价,16.70,16.7,16.7,16.7,当前价,￥20.30,2026-04-22 18:00,0.00,0.00%,前收盘,￥20.30,日高点,￥20.30,日低点,￥20.30,$2.90,https://www.chinaflashmarket.com/price/usb2,https://www.chinaflashmarket.com/price/sz/100193,https://www.chinaflashmarket.com/price/sz/100193/1,2026-04-22 20:13:57
移动存储,USB 2.0,USB2.0(PCBA) 32GB,人民币,2026-02-05,日低点,16.70,开盘价,16.70,收盘价,16.70,16.7,16.7,16.7,当前价,￥20.30,2026-04-22 18:00,0.00,0.00%,前收盘,￥20.30,日高点,￥20.30,日低点,￥20.30,$2.90,https://www.chinaflashmarket.com/price/usb2,https://www.chinaflashmarket.com/price/sz/100193,https://www.chinaflashmarket.com/price/sz/100193/1,2026-04-22 20:13:57
移动存储,USB 2.0,USB2.0(PCBA) 32GB,人民币,2026-02-04,日低点,16.70,开盘价,16.70,收盘价,16.70,16.7,16.7,16.7,当前价,￥20.30,2026-04-22 18:00,0.00,0.00%,前收盘,￥20.30,日高点,￥20.30,日低点,￥20.30,$2.90,https://www.chinaflashmarket.com/price/usb2,https://www.chinaflashmarket.com/price/sz/100193,https://www.chinaflashmarket.com/price/sz/100193/1,2026-04-22 20:13:57
移动存储,USB 2.0,USB2.0(PCBA) 32GB,人民币,2026-02-03,日低点,16.70,开盘价,16.70,收盘价,16.70,16.7,16.7,16.7,当前价,￥20.30,2026-04-22 18:00,0.00,0.00%,前收盘,￥20.30,日高点,￥20.30,日低点,￥20.30,$2.90,https://www.chinaflashmarket.com/price/usb2,https://www.chinaflashmarket.com/price/sz/100193,https://www.chinaflashmarket.com/price/sz/100193/1,2026-04-22 20:13:57
移动存储,USB 2.0,USB2.0(PCBA) 32GB,人民币,2026-02-02,日低点,16.70,开盘价,16.70,收盘价,16.70,16.7,16.7,16.7,当前价,￥20.30,2026-04-22 18:00,0.00,0.00%,前收盘,￥20.30,日高点,￥20.30,日低点,￥20.30,$2.90,https://www.chinaflashmarket.com/price/usb2,https://www.chinaflashmarket.com/price/sz/100193,https://www.chinaflashmarket.com/price/sz/100193/1,2026-04-22 20:13:57
移动存储,USB 2.0,USB2.0(PCBA) 32GB,人民币,2026-01-30,日低点,16.70,开盘价,16.70,收盘价,16.70,16.7,16.7,16.7,当前价,￥20.30,2026-04-22 18:00,0.00,0.00%,前收盘,￥20.30,日高点,￥20.30,日低点,￥20.30,$2.90,https://www.chinaflashmarket.com/price/usb2,https://www.chinaflashmarket.com/price/sz/100193,https://www.chinaflashmarket.com/price/sz/100193/1,2026-04-22 20:13:57
移动存储,USB 2.0,USB2.0(PCBA) 32GB,人民币,2026-01-29,日低点,16.70,开盘价,16.70,收盘价,16.70,16.7,16.7,16.7,当前价,￥20.30,2026-04-22 18:00,0.00,0.00%,前收盘,￥20.30,日高点,￥20.30,日低点,￥20.30,$2.90,https://www.chinaflashmarket.com/price/usb2,https://www.chinaflashmarket.com/price/sz/100193,https://www.chinaflashmarket.com/price/sz/100193/1,2026-04-22 20:13:57
移动存储,USB 2.0,USB2.0(PCBA) 32GB,人民币,2026-01-28,日低点,16.70,开盘价,16.70,收盘价,16.70,16.7,16.7,16.7,当前价,￥20.30,2026-04-22 18:00,0.00,0.00%,前收盘,￥20.30,日高点,￥20.30,日低点,￥20.30,$2.90,https://www.chinaflashmarket.com/price/usb2,https://www.chinaflashmarket.com/price/sz/100193,https://www.chinaflashmarket.com/price/sz/100193/1,2026-04-22 20:13:57
移动存储,USB 2.0,USB2.0(PCBA) 32GB,人民币,2026-01-27,日低点,16.70,开盘价,16.70,收盘价,16.70,16.7,16.7,16.7,当前价,￥20.30,2026-04-22 18:00,0.00,0.00%,前收盘,￥20.30,日高点,￥20.30,日低点,￥20.30,$2.90,https://www.chinaflashmarket.com/price/usb2,https://www.chinaflashmarket.com/price/sz/100193,https://www.chinaflashmarket.com/price/sz/100193/1,2026-04-22 20:13:57
移动存储,USB 2.0,USB2.0(PCBA) 32GB,人民币,2026-01-26,日低点,16.70,开盘价,16.70,收盘价,16.70,16.7,16.7,16.7,当前价,￥20.30,2026-04-22 18:00,0.00,0.00%,前收盘,￥20.30,日高点,￥20.30,日低点,￥20.30,$2.90,https://www.chinaflashmarket.com/price/usb2,https://www.chinaflashmarket.com/price/sz/100193,https://www.chinaflashmarket.com/price/sz/100193/1,2026-04-22 20:13:57
移动存储,USB 2.0,USB2.0(PCBA) 32GB,人民币,2026-01-23,日低点,16.70,开盘价,16.70,收盘价,16.70,16.7,16.7,16.7,当前价,￥20.30,2026-04-22 18:00,0.00,0.00%,前收盘,￥20.30,日高点,￥20.30,日低点,￥20.30,$2.90,https://www.chinaflashmarket.com/price/usb2,https://www.chinaflashmarket.com/price/sz/100193,https://www.chinaflashmarket.com/price/sz/100193/1,2026-04-22 20:13:57
移动存储,USB 2.0,USB2.0(PCBA) 32GB,人民币,2026-01-22,日低点,16.70,开盘价,16.70,收盘价,16.70,16.7,16.7,16.7,当前价,￥20.30,2026-04-22 18:00,0.00,0.00%,前收盘,￥20.30,日高点,￥20.30,日低点,￥20.30,$2.90,https://www.chinaflashmarket.com/price/usb2,https://www.chinaflashmarket.com/price/sz/100193,https://www.chinaflashmarket.com/price/sz/100193/1,2026-04-22 20:13:57
移动存储,USB 2.0,USB2.0(PCBA) 64GB,人民币,2026-04-21,日低点,27.30,开盘价,27.30,收盘价,27.30,27.3,27.3,27.3,当前价,￥27.30,2026-04-22 18:00,0.00,0.00%,前收盘,￥27.30,日高点,￥27.30,日低点,￥27.30,$3.90,https://www.chinaflashmarket.com/price/usb2,https://www.chinaflashmarket.com/price/sz/100194,https://www.chinaflashmarket.com/price/sz/100194/1,2026-04-22 20:13:57
移动存储,USB 2.0,USB2.0(PCBA) 64GB,人民币,2026-04-20,日低点,27.30,开盘价,27.30,收盘价,27.30,27.3,27.3,27.3,当前价,￥27.30,2026-04-22 18:00,0.00,0.00%,前收盘,￥27.30,日高点,￥27.30,日低点,￥27.30,$3.90,https://www.chinaflashmarket.com/price/usb2,https://www.chinaflashmarket.com/price/sz/100194,https://www.chinaflashmarket.com/price/sz/100194/1,2026-04-22 20:13:57
移动存储,USB 2.0,USB2.0(PCBA) 64GB,人民币,2026-04-17,日低点,27.30,开盘价,27.30,收盘价,27.30,27.3,27.3,27.3,当前价,￥27.30,2026-04-22 18:00,0.00,0.00%,前收盘,￥27.30,日高点,￥27.30,日低点,￥27.30,$3.90,https://www.chinaflashmarket.com/price/usb2,https://www.chinaflashmarket.com/price/sz/100194,https://www.chinaflashmarket.com/price/sz/100194/1,2026-04-22 20:13:57
移动存储,USB 2.0,USB2.0(PCBA) 64GB,人民币,2026-04-16,日低点,27.30,开盘价,27.30,收盘价,27.30,27.3,27.3,27.3,当前价,￥27.30,2026-04-22 18:00,0.00,0.00%,前收盘,￥27.30,日高点,￥27.30,日低点,￥27.30,$3.90,https://www.chinaflashmarket.com/price/usb2,https://www.chinaflashmarket.com/price/sz/100194,https://www.chinaflashmarket.com/price/sz/100194/1,2026-04-22 20:13:57
移动存储,USB 2.0,USB2.0(PCBA) 64GB,人民币,2026-04-15,日低点,27.30,开盘价,27.30,收盘价,27.30,27.3,27.3,27.3,当前价,￥27.30,2026-04-22 18:00,0.00,0.00%,前收盘,￥27.30,日高点,￥27.30,日低点,￥27.30,$3.90,https://www.chinaflashmarket.com/price/usb2,https://www.chinaflashmarket.com/price/sz/100194,https://www.chinaflashmarket.com/price/sz/100194/1,2026-04-22 20:13:57
移动存储,USB 2.0,USB2.0(PCBA) 64GB,人民币,2026-04-14,日低点,27.30,开盘价,27.30,收盘价,27.30,27.3,27.3,27.3,当前价,￥27.30,2026-04-22 18:00,0.00,0.00%,前收盘,￥27.30,日高点,￥27.30,日低点,￥27.30,$3.90,https://www.chinaflashmarket.com/price/usb2,https://www.chinaflashmarket.com/price/sz/100194,https://www.chinaflashmarket.com/price/sz/100194/1,2026-04-22 20:13:57
移动存储,USB 2.0,USB2.0(PCBA) 64GB,人民币,2026-04-13,日低点,27.30,开盘价,27.30,收盘价,27.30,27.3,27.3,27.3,当前价,￥27.30,2026-04-22 18:00,0.00,0.00%,前收盘,￥27.30,日高点,￥27.30,日低点,￥27.30,$3.90,https://www.chinaflashmarket.com/price/usb2,https://www.chinaflashmarket.com/price/sz/100194,https://www.chinaflashmarket.com/price/sz/100194/1,2026-04-22 20:13:57
移动存储,USB 2.0,USB2.0(PCBA) 64GB,人民币,2026-04-10,日低点,27.30,开盘价,27.30,收盘价,27.30,27.3,27.3,27.3,当前价,￥27.30,2026-04-22 18:00,0.00,0.00%,前收盘,￥27.30,日高点,￥27.30,日低点,￥27.30,$3.90,https://www.chinaflashmarket.com/price/usb2,https://www.chinaflashmarket.com/price/sz/100194,https://www.chinaflashmarket.com/price/sz/100194/1,2026-04-22 20:13:57
移动存储,USB 2.0,USB2.0(PCBA) 64GB,人民币,2026-04-09,日低点,27.30,开盘价,27.30,收盘价,27.30,27.3,27.3,27.3,当前价,￥27.30,2026-04-22 18:00,0.00,0.00%,前收盘,￥27.30,日高点,￥27.30,日低点,￥27.30,$3.90,https://www.chinaflashmarket.com/price/usb2,https://www.chinaflashmarket.com/price/sz/100194,https://www.chinaflashmarket.com/price/sz/100194/1,2026-04-22 20:13:57
移动存储,USB 2.0,USB2.0(PCBA) 64GB,人民币,2026-04-08,日低点,27.30,开盘价,27.30,收盘价,27.30,27.3,27.3,27.3,当前价,￥27.30,2026-04-22 18:00,0.00,0.00%,前收盘,￥27.30,日高点,￥27.30,日低点,￥27.30,$3.90,https://www.chinaflashmarket.com/price/usb2,https://www.chinaflashmarket.com/price/sz/100194,https://www.chinaflashmarket.com/price/sz/100194/1,2026-04-22 20:13:57
移动存储,USB 2.0,USB2.0(PCBA) 64GB,人民币,2026-04-07,日低点,27.30,开盘价,27.30,收盘价,27.30,27.3,27.3,27.3,当前价,￥27.30,2026-04-22 18:00,0.00,0.00%,前收盘,￥27.30,日高点,￥27.30,日低点,￥27.30,$3.90,https://www.chinaflashmarket.com/price/usb2,https://www.chinaflashmarket.com/price/sz/100194,https://www.chinaflashmarket.com/price/sz/100194/1,2026-04-22 20:13:57
移动存储,USB 2.0,USB2.0(PCBA) 64GB,人民币,2026-04-03,日低点,27.30,开盘价,27.30,收盘价,27.30,27.3,27.3,27.3,当前价,￥27.30,2026-04-22 18:00,0.00,0.00%,前收盘,￥27.30,日高点,￥27.30,日低点,￥27.30,$3.90,https://www.chinaflashmarket.com/price/usb2,https://www.chinaflashmarket.com/price/sz/100194,https://www.chinaflashmarket.com/price/sz/100194/1,2026-04-22 20:13:57
移动存储,USB 2.0,USB2.0(PCBA) 64GB,人民币,2026-04-02,日低点,27.30,开盘价,27.30,收盘价,27.30,27.3,27.3,27.3,当前价,￥27.30,2026-04-22 18:00,0.00,0.00%,前收盘,￥27.30,日高点,￥27.30,日低点,￥27.30,$3.90,https://www.chinaflashmarket.com/price/usb2,https://www.chinaflashmarket.com/price/sz/100194,https://www.chinaflashmarket.com/price/sz/100194/1,2026-04-22 20:13:57
移动存储,USB 2.0,USB2.0(PCBA) 64GB,人民币,2026-04-01,日低点,27.30,开盘价,27.30,收盘价,27.30,27.3,27.3,27.3,当前价,￥27.30,2026-04-22 18:00,0.00,0.00%,前收盘,￥27.30,日高点,￥27.30,日低点,￥27.30,$3.90,https://www.chinaflashmarket.com/price/usb2,https://www.chinaflashmarket.com/price/sz/100194,https://www.chinaflashmarket.com/price/sz/100194/1,2026-04-22 20:13:57
移动存储,USB 2.0,USB2.0(PCBA) 64GB,人民币,2026-03-31,日低点,27.30,开盘价,27.30,收盘价,27.30,27.3,27.3,27.3,当前价,￥27.30,2026-04-22 18:00,0.00,0.00%,前收盘,￥27.30,日高点,￥27.30,日低点,￥27.30,$3.90,https://www.chinaflashmarket.com/price/usb2,https://www.chinaflashmarket.com/price/sz/100194,https://www.chinaflashmarket.com/price/sz/100194/1,2026-04-22 20:13:57
移动存储,USB 2.0,USB2.0(PCBA) 64GB,人民币,2026-03-30,日低点,27.30,开盘价,27.30,收盘价,27.30,27.3,27.3,27.3,当前价,￥27.30,2026-04-22 18:00,0.00,0.00%,前收盘,￥27.30,日高点,￥27.30,日低点,￥27.30,$3.90,https://www.chinaflashmarket.com/price/usb2,https://www.chinaflashmarket.com/price/sz/100194,https://www.chinaflashmarket.com/price/sz/100194/1,2026-04-22 20:13:57
移动存储,USB 2.0,USB2.0(PCBA) 64GB,人民币,2026-03-27,日低点,27.30,开盘价,27.30,收盘价,27.30,27.3,27.3,27.3,当前价,￥27.30,2026-04-22 18:00,0.00,0.00%,前收盘,￥27.30,日高点,￥27.30,日低点,￥27.30,$3.90,https://www.chinaflashmarket.com/price/usb2,https://www.chinaflashmarket.com/price/sz/100194,https://www.chinaflashmarket.com/price/sz/100194/1,2026-04-22 20:13:57
移动存储,USB 2.0,USB2.0(PCBA) 64GB,人民币,2026-03-26,日低点,27.30,开盘价,27.30,收盘价,27.30,27.3,27.3,27.3,当前价,￥27.30,2026-04-22 18:00,0.00,0.00%,前收盘,￥27.30,日高点,￥27.30,日低点,￥27.30,$3.90,https://www.chinaflashmarket.com/price/usb2,https://www.chinaflashmarket.com/price/sz/100194,https://www.chinaflashmarket.com/price/sz/100194/1,2026-04-22 20:13:57
移动存储,USB 2.0,USB2.0(PCBA) 64GB,人民币,2026-03-25,日低点,27.30,开盘价,27.30,收盘价,27.30,27.3,27.3,27.3,当前价,￥27.30,2026-04-22 18:00,0.00,0.00%,前收盘,￥27.30,日高点,￥27.30,日低点,￥27.30,$3.90,https://www.chinaflashmarket.com/price/usb2,https://www.chinaflashmarket.com/price/sz/100194,https://www.chinaflashmarket.com/price/sz/100194/1,2026-04-22 20:13:57
移动存储,USB 2.0,USB2.0(PCBA) 64GB,人民币,2026-03-24,日低点,27.30,开盘价,27.30,收盘价,27.30,27.3,27.3,27.3,当前价,￥27.30,2026-04-22 18:00,0.00,0.00%,前收盘,￥27.30,日高点,￥27.30,日低点,￥27.30,$3.90,https://www.chinaflashmarket.com/price/usb2,https://www.chinaflashmarket.com/price/sz/100194,https://www.chinaflashmarket.com/price/sz/100194/1,2026-04-22 20:13:57
移动存储,USB 2.0,USB2.0(PCBA) 64GB,人民币,2026-03-23,日低点,27.30,开盘价,27.30,收盘价,27.30,27.3,27.3,27.3,当前价,￥27.30,2026-04-22 18:00,0.00,0.00%,前收盘,￥27.30,日高点,￥27.30,日低点,￥27.30,$3.90,https://www.chinaflashmarket.com/price/usb2,https://www.chinaflashmarket.com/price/sz/100194,https://www.chinaflashmarket.com/price/sz/100194/1,2026-04-22 20:13:57
移动存储,USB 2.0,USB2.0(PCBA) 64GB,人民币,2026-03-20,日低点,27.30,开盘价,27.30,收盘价,27.30,27.3,27.3,27.3,当前价,￥27.30,2026-04-22 18:00,0.00,0.00%,前收盘,￥27.30,日高点,￥27.30,日低点,￥27.30,$3.90,https://www.chinaflashmarket.com/price/usb2,https://www.chinaflashmarket.com/price/sz/100194,https://www.chinaflashmarket.com/price/sz/100194/1,2026-04-22 20:13:57
移动存储,USB 2.0,USB2.0(PCBA) 64GB,人民币,2026-03-19,日低点,27.30,开盘价,27.30,收盘价,27.30,27.3,27.3,27.3,当前价,￥27.30,2026-04-22 18:00,0.00,0.00%,前收盘,￥27.30,日高点,￥27.30,日低点,￥27.30,$3.90,https://www.chinaflashmarket.com/price/usb2,https://www.chinaflashmarket.com/price/sz/100194,https://www.chinaflashmarket.com/price/sz/100194/1,2026-04-22 20:13:57
移动存储,USB 2.0,USB2.0(PCBA) 64GB,人民币,2026-03-18,日低点,27.30,开盘价,27.30,收盘价,27.30,27.3,27.3,27.3,当前价,￥27.30,2026-04-22 18:00,0.00,0.00%,前收盘,￥27.30,日高点,￥27.30,日低点,￥27.30,$3.90,https://www.chinaflashmarket.com/price/usb2,https://www.chinaflashmarket.com/price/sz/100194,https://www.chinaflashmarket.com/price/sz/100194/1,2026-04-22 20:13:57
移动存储,USB 2.0,USB2.0(PCBA) 64GB,人民币,2026-03-17,日低点,27.30,开盘价,27.30,收盘价,27.30,27.3,27.3,27.3,当前价,￥27.30,2026-04-22 18:00,0.00,0.00%,前收盘,￥27.30,日高点,￥27.30,日低点,￥27.30,$3.90,https://www.chinaflashmarket.com/price/usb2,https://www.chinaflashmarket.com/price/sz/100194,https://www.chinaflashmarket.com/price/sz/100194/1,2026-04-22 20:13:57
移动存储,USB 2.0,USB2.0(PCBA) 64GB,人民币,2026-03-16,日低点,27.30,开盘价,27.30,收盘价,27.30,27.3,27.3,27.3,当前价,￥27.30,2026-04-22 18:00,0.00,0.00%,前收盘,￥27.30,日高点,￥27.30,日低点,￥27.30,$3.90,https://www.chinaflashmarket.com/price/usb2,https://www.chinaflashmarket.com/price/sz/100194,https://www.chinaflashmarket.com/price/sz/100194/1,2026-04-22 20:13:57
移动存储,USB 2.0,USB2.0(PCBA) 64GB,人民币,2026-03-13,日低点,27.30,开盘价,27.30,收盘价,27.30,27.3,27.3,27.3,当前价,￥27.30,2026-04-22 18:00,0.00,0.00%,前收盘,￥27.30,日高点,￥27.30,日低点,￥27.30,$3.90,https://www.chinaflashmarket.com/price/usb2,https://www.chinaflashmarket.com/price/sz/100194,https://www.chinaflashmarket.com/price/sz/100194/1,2026-04-22 20:13:57
移动存储,USB 2.0,USB2.0(PCBA) 64GB,人民币,2026-03-12,日低点,25.20,开盘价,25.20,收盘价,25.20,25.2,25.2,25.2,当前价,￥27.30,2026-04-22 18:00,0.00,0.00%,前收盘,￥27.30,日高点,￥27.30,日低点,￥27.30,$3.90,https://www.chinaflashmarket.com/price/usb2,https://www.chinaflashmarket.com/price/sz/100194,https://www.chinaflashmarket.com/price/sz/100194/1,2026-04-22 20:13:57
移动存储,USB 2.0,USB2.0(PCBA) 64GB,人民币,2026-03-11,日低点,25.20,开盘价,25.20,收盘价,25.20,25.2,25.2,25.2,当前价,￥27.30,2026-04-22 18:00,0.00,0.00%,前收盘,￥27.30,日高点,￥27.30,日低点,￥27.30,$3.90,https://www.chinaflashmarket.com/price/usb2,https://www.chinaflashmarket.com/price/sz/100194,https://www.chinaflashmarket.com/price/sz/100194/1,2026-04-22 20:13:57
移动存储,USB 2.0,USB2.0(PCBA) 64GB,人民币,2026-03-10,日低点,25.20,开盘价,25.20,收盘价,25.20,25.2,25.2,25.2,当前价,￥27.30,2026-04-22 18:00,0.00,0.00%,前收盘,￥27.30,日高点,￥27.30,日低点,￥27.30,$3.90,https://www.chinaflashmarket.com/price/usb2,https://www.chinaflashmarket.com/price/sz/100194,https://www.chinaflashmarket.com/price/sz/100194/1,2026-04-22 20:13:57
移动存储,USB 2.0,USB2.0(PCBA) 64GB,人民币,2026-03-09,日低点,25.20,开盘价,25.20,收盘价,25.20,25.2,25.2,25.2,当前价,￥27.30,2026-04-22 18:00,0.00,0.00%,前收盘,￥27.30,日高点,￥27.30,日低点,￥27.30,$3.90,https://www.chinaflashmarket.com/price/usb2,https://www.chinaflashmarket.com/price/sz/100194,https://www.chinaflashmarket.com/price/sz/100194/1,2026-04-22 20:13:57
移动存储,USB 2.0,USB2.0(PCBA) 64GB,人民币,2026-03-06,日低点,23.10,开盘价,23.10,收盘价,23.10,23.1,23.1,23.1,当前价,￥27.30,2026-04-22 18:00,0.00,0.00%,前收盘,￥27.30,日高点,￥27.30,日低点,￥27.30,$3.90,https://www.chinaflashmarket.com/price/usb2,https://www.chinaflashmarket.com/price/sz/100194,https://www.chinaflashmarket.com/price/sz/100194/1,2026-04-22 20:13:57
移动存储,USB 2.0,USB2.0(PCBA) 64GB,人民币,2026-03-05,日低点,21.00,开盘价,21.00,收盘价,21.00,21.0,21.0,21.0,当前价,￥27.30,2026-04-22 18:00,0.00,0.00%,前收盘,￥27.30,日高点,￥27.30,日低点,￥27.30,$3.90,https://www.chinaflashmarket.com/price/usb2,https://www.chinaflashmarket.com/price/sz/100194,https://www.chinaflashmarket.com/price/sz/100194/1,2026-04-22 20:13:57
移动存储,USB 2.0,USB2.0(PCBA) 64GB,人民币,2026-03-04,日低点,21.00,开盘价,21.00,收盘价,21.00,21.0,21.0,21.0,当前价,￥27.30,2026-04-22 18:00,0.00,0.00%,前收盘,￥27.30,日高点,￥27.30,日低点,￥27.30,$3.90,https://www.chinaflashmarket.com/price/usb2,https://www.chinaflashmarket.com/price/sz/100194,https://www.chinaflashmarket.com/price/sz/100194/1,2026-04-22 20:13:57
移动存储,USB 2.0,USB2.0(PCBA) 64GB,人民币,2026-03-03,日低点,21.00,开盘价,21.00,收盘价,21.00,21.0,21.0,21.0,当前价,￥27.30,2026-04-22 18:00,0.00,0.00%,前收盘,￥27.30,日高点,￥27.30,日低点,￥27.30,$3.90,https://www.chinaflashmarket.com/price/usb2,https://www.chinaflashmarket.com/price/sz/100194,https://www.chinaflashmarket.com/price/sz/100194/1,2026-04-22 20:13:57
移动存储,USB 2.0,USB2.0(PCBA) 64GB,人民币,2026-03-02,日低点,21.00,开盘价,21.00,收盘价,21.00,21.0,21.0,21.0,当前价,￥27.30,2026-04-22 18:00,0.00,0.00%,前收盘,￥27.30,日高点,￥27.30,日低点,￥27.30,$3.90,https://www.chinaflashmarket.com/price/usb2,https://www.chinaflashmarket.com/price/sz/100194,https://www.chinaflashmarket.com/price/sz/100194/1,2026-04-22 20:13:57
移动存储,USB 2.0,USB2.0(PCBA) 64GB,人民币,2026-02-28,日低点,21.00,开盘价,21.00,收盘价,21.00,21.0,21.0,21.0,当前价,￥27.30,2026-04-22 18:00,0.00,0.00%,前收盘,￥27.30,日高点,￥27.30,日低点,￥27.30,$3.90,https://www.chinaflashmarket.com/price/usb2,https://www.chinaflashmarket.com/price/sz/100194,https://www.chinaflashmarket.com/price/sz/100194/1,2026-04-22 20:13:57
移动存储,USB 2.0,USB2.0(PCBA) 64GB,人民币,2026-02-27,日低点,21.00,开盘价,21.00,收盘价,21.00,21.0,21.0,21.0,当前价,￥27.30,2026-04-22 18:00,0.00,0.00%,前收盘,￥27.30,日高点,￥27.30,日低点,￥27.30,$3.90,https://www.chinaflashmarket.com/price/usb2,https://www.chinaflashmarket.com/price/sz/100194,https://www.chinaflashmarket.com/price/sz/100194/1,2026-04-22 20:13:57
移动存储,USB 2.0,USB2.0(PCBA) 64GB,人民币,2026-02-26,日低点,21.00,开盘价,21.00,收盘价,21.00,21.0,21.0,21.0,当前价,￥27.30,2026-04-22 18:00,0.00,0.00%,前收盘,￥27.30,日高点,￥27.30,日低点,￥27.30,$3.90,https://www.chinaflashmarket.com/price/usb2,https://www.chinaflashmarket.com/price/sz/100194,https://www.chinaflashmarket.com/price/sz/100194/1,2026-04-22 20:13:57
移动存储,USB 2.0,USB2.0(PCBA) 64GB,人民币,2026-02-25,日低点,21.00,开盘价,21.00,收盘价,21.00,21.0,21.0,21.0,当前价,￥27.30,2026-04-22 18:00,0.00,0.00%,前收盘,￥27.30,日高点,￥27.30,日低点,￥27.30,$3.90,https://www.chinaflashmarket.com/price/usb2,https://www.chinaflashmarket.com/price/sz/100194,https://www.chinaflashmarket.com/price/sz/100194/1,2026-04-22 20:13:57
移动存储,USB 2.0,USB2.0(PCBA) 64GB,人民币,2026-02-24,日低点,21.00,开盘价,21.00,收盘价,21.00,21.0,21.0,21.0,当前价,￥27.30,2026-04-22 18:00,0.00,0.00%,前收盘,￥27.30,日高点,￥27.30,日低点,￥27.30,$3.90,https://www.chinaflashmarket.com/price/usb2,https://www.chinaflashmarket.com/price/sz/100194,https://www.chinaflashmarket.com/price/sz/100194/1,2026-04-22 20:13:57
移动存储,USB 2.0,USB2.0(PCBA) 64GB,人民币,2026-02-14,日低点,21.00,开盘价,21.00,收盘价,21.00,21.0,21.0,21.0,当前价,￥27.30,2026-04-22 18:00,0.00,0.00%,前收盘,￥27.30,日高点,￥27.30,日低点,￥27.30,$3.90,https://www.chinaflashmarket.com/price/usb2,https://www.chinaflashmarket.com/price/sz/100194,https://www.chinaflashmarket.com/price/sz/100194/1,2026-04-22 20:13:57
移动存储,USB 2.0,USB2.0(PCBA) 64GB,人民币,2026-02-13,日低点,21.00,开盘价,21.00,收盘价,21.00,21.0,21.0,21.0,当前价,￥27.30,2026-04-22 18:00,0.00,0.00%,前收盘,￥27.30,日高点,￥27.30,日低点,￥27.30,$3.90,https://www.chinaflashmarket.com/price/usb2,https://www.chinaflashmarket.com/price/sz/100194,https://www.chinaflashmarket.com/price/sz/100194/1,2026-04-22 20:13:57
移动存储,USB 2.0,USB2.0(PCBA) 64GB,人民币,2026-02-12,日低点,21.00,开盘价,21.00,收盘价,21.00,21.0,21.0,21.0,当前价,￥27.30,2026-04-22 18:00,0.00,0.00%,前收盘,￥27.30,日高点,￥27.30,日低点,￥27.30,$3.90,https://www.chinaflashmarket.com/price/usb2,https://www.chinaflashmarket.com/price/sz/100194,https://www.chinaflashmarket.com/price/sz/100194/1,2026-04-22 20:13:57
移动存储,USB 2.0,USB2.0(PCBA) 64GB,人民币,2026-02-11,日低点,21.00,开盘价,21.00,收盘价,21.00,21.0,21.0,21.0,当前价,￥27.30,2026-04-22 18:00,0.00,0.00%,前收盘,￥27.30,日高点,￥27.30,日低点,￥27.30,$3.90,https://www.chinaflashmarket.com/price/usb2,https://www.chinaflashmarket.com/price/sz/100194,https://www.chinaflashmarket.com/price/sz/100194/1,2026-04-22 20:13:57
移动存储,USB 2.0,USB2.0(PCBA) 64GB,人民币,2026-02-10,日低点,21.00,开盘价,21.00,收盘价,21.00,21.0,21.0,21.0,当前价,￥27.30,2026-04-22 18:00,0.00,0.00%,前收盘,￥27.30,日高点,￥27.30,日低点,￥27.30,$3.90,https://www.chinaflashmarket.com/price/usb2,https://www.chinaflashmarket.com/price/sz/100194,https://www.chinaflashmarket.com/price/sz/100194/1,2026-04-22 20:13:57
移动存储,USB 2.0,USB2.0(PCBA) 64GB,人民币,2026-02-09,日低点,21.00,开盘价,21.00,收盘价,21.00,21.0,21.0,21.0,当前价,￥27.30,2026-04-22 18:00,0.00,0.00%,前收盘,￥27.30,日高点,￥27.30,日低点,￥27.30,$3.90,https://www.chinaflashmarket.com/price/usb2,https://www.chinaflashmarket.com/price/sz/100194,https://www.chinaflashmarket.com/price/sz/100194/1,2026-04-22 20:13:57
移动存储,USB 2.0,USB2.0(PCBA) 64GB,人民币,2026-02-06,日低点,21.00,开盘价,21.00,收盘价,21.00,21.0,21.0,21.0,当前价,￥27.30,2026-04-22 18:00,0.00,0.00%,前收盘,￥27.30,日高点,￥27.30,日低点,￥27.30,$3.90,https://www.chinaflashmarket.com/price/usb2,https://www.chinaflashmarket.com/price/sz/100194,https://www.chinaflashmarket.com/price/sz/100194/1,2026-04-22 20:13:57
移动存储,USB 2.0,USB2.0(PCBA) 64GB,人民币,2026-02-05,日低点,21.00,开盘价,21.00,收盘价,21.00,21.0,21.0,21.0,当前价,￥27.30,2026-04-22 18:00,0.00,0.00%,前收盘,￥27.30,日高点,￥27.30,日低点,￥27.30,$3.90,https://www.chinaflashmarket.com/price/usb2,https://www.chinaflashmarket.com/price/sz/100194,https://www.chinaflashmarket.com/price/sz/100194/1,2026-04-22 20:13:57
移动存储,USB 2.0,USB2.0(PCBA) 64GB,人民币,2026-02-04,日低点,21.00,开盘价,21.00,收盘价,21.00,21.0,21.0,21.0,当前价,￥27.30,2026-04-22 18:00,0.00,0.00%,前收盘,￥27.30,日高点,￥27.30,日低点,￥27.30,$3.90,https://www.chinaflashmarket.com/price/usb2,https://www.chinaflashmarket.com/price/sz/100194,https://www.chinaflashmarket.com/price/sz/100194/1,2026-04-22 20:13:57
移动存储,USB 2.0,USB2.0(PCBA) 64GB,人民币,2026-02-03,日低点,21.00,开盘价,21.00,收盘价,21.00,21.0,21.0,21.0,当前价,￥27.30,2026-04-22 18:00,0.00,0.00%,前收盘,￥27.30,日高点,￥27.30,日低点,￥27.30,$3.90,https://www.chinaflashmarket.com/price/usb2,https://www.chinaflashmarket.com/price/sz/100194,https://www.chinaflashmarket.com/price/sz/100194/1,2026-04-22 20:13:57
移动存储,USB 2.0,USB2.0(PCBA) 64GB,人民币,2026-02-02,日低点,21.00,开盘价,21.00,收盘价,21.00,21.0,21.0,21.0,当前价,￥27.30,2026-04-22 18:00,0.00,0.00%,前收盘,￥27.30,日高点,￥27.30,日低点,￥27.30,$3.90,https://www.chinaflashmarket.com/price/usb2,https://www.chinaflashmarket.com/price/sz/100194,https://www.chinaflashmarket.com/price/sz/100194/1,2026-04-22 20:13:57
移动存储,USB 2.0,USB2.0(PCBA) 64GB,人民币,2026-01-30,日低点,21.00,开盘价,21.00,收盘价,21.00,21.0,21.0,21.0,当前价,￥27.30,2026-04-22 18:00,0.00,0.00%,前收盘,￥27.30,日高点,￥27.30,日低点,￥27.30,$3.90,https://www.chinaflashmarket.com/price/usb2,https://www.chinaflashmarket.com/price/sz/100194,https://www.chinaflashmarket.com/price/sz/100194/1,2026-04-22 20:13:57
移动存储,USB 2.0,USB2.0(PCBA) 64GB,人民币,2026-01-29,日低点,21.00,开盘价,21.00,收盘价,21.00,21.0,21.0,21.0,当前价,￥27.30,2026-04-22 18:00,0.00,0.00%,前收盘,￥27.30,日高点,￥27.30,日低点,￥27.30,$3.90,https://www.chinaflashmarket.com/price/usb2,https://www.chinaflashmarket.com/price/sz/100194,https://www.chinaflashmarket.com/price/sz/100194/1,2026-04-22 20:13:57
移动存储,USB 2.0,USB2.0(PCBA) 64GB,人民币,2026-01-28,日低点,21.00,开盘价,21.00,收盘价,21.00,21.0,21.0,21.0,当前价,￥27.30,2026-04-22 18:00,0.00,0.00%,前收盘,￥27.30,日高点,￥27.30,日低点,￥27.30,$3.90,https://www.chinaflashmarket.com/price/usb2,https://www.chinaflashmarket.com/price/sz/100194,https://www.chinaflashmarket.com/price/sz/100194/1,2026-04-22 20:13:57
移动存储,USB 2.0,USB2.0(PCBA) 64GB,人民币,2026-01-27,日低点,21.00,开盘价,21.00,收盘价,21.00,21.0,21.0,21.0,当前价,￥27.30,2026-04-22 18:00,0.00,0.00%,前收盘,￥27.30,日高点,￥27.30,日低点,￥27.30,$3.90,https://www.chinaflashmarket.com/price/usb2,https://www.chinaflashmarket.com/price/sz/100194,https://www.chinaflashmarket.com/price/sz/100194/1,2026-04-22 20:13:57
移动存储,USB 2.0,USB2.0(PCBA) 64GB,人民币,2026-01-26,日低点,21.00,开盘价,21.00,收盘价,21.00,21.0,21.0,21.0,当前价,￥27.30,2026-04-22 18:00,0.00,0.00%,前收盘,￥27.30,日高点,￥27.30,日低点,￥27.30,$3.90,https://www.chinaflashmarket.com/price/usb2,https://www.chinaflashmarket.com/price/sz/100194,https://www.chinaflashmarket.com/price/sz/100194/1,2026-04-22 20:13:57
移动存储,USB 2.0,USB2.0(PCBA) 64GB,人民币,2026-01-23,日低点,21.00,开盘价,21.00,收盘价,21.00,21.0,21.0,21.0,当前价,￥27.30,2026-04-22 18:00,0.00,0.00%,前收盘,￥27.30,日高点,￥27.30,日低点,￥27.30,$3.90,https://www.chinaflashmarket.com/price/usb2,https://www.chinaflashmarket.com/price/sz/100194,https://www.chinaflashmarket.com/price/sz/100194/1,2026-04-22 20:13:57
移动存储,USB 2.0,USB2.0(PCBA) 64GB,人民币,2026-01-22,日低点,21.00,开盘价,21.00,收盘价,21.00,21.0,21.0,21.0,当前价,￥27.30,2026-04-22 18:00,0.00,0.00%,前收盘,￥27.30,日高点,￥27.30,日低点,￥27.30,$3.90,https://www.chinaflashmarket.com/price/usb2,https://www.chinaflashmarket.com/price/sz/100194,https://www.chinaflashmarket.com/price/sz/100194/1,2026-04-22 20:13:57
移动存储,USB 2.0,USB2.0(Micro COB) 16GB,人民币,2026-04-21,日低点,14.20,开盘价,14.20,收盘价,14.20,14.2,14.2,14.2,当前价,￥14.20,2026-04-22 18:00,0.00,0.00%,前收盘,￥14.20,日高点,￥14.20,日低点,￥14.20,$2.03,https://www.chinaflashmarket.com/price/usb2,https://www.chinaflashmarket.com/price/sz/100197,https://www.chinaflashmarket.com/price/sz/100197/1,2026-04-22 20:13:57
移动存储,USB 2.0,USB2.0(Micro COB) 16GB,人民币,2026-04-20,日低点,14.20,开盘价,14.20,收盘价,14.20,14.2,14.2,14.2,当前价,￥14.20,2026-04-22 18:00,0.00,0.00%,前收盘,￥14.20,日高点,￥14.20,日低点,￥14.20,$2.03,https://www.chinaflashmarket.com/price/usb2,https://www.chinaflashmarket.com/price/sz/100197,https://www.chinaflashmarket.com/price/sz/100197/1,2026-04-22 20:13:57
移动存储,USB 2.0,USB2.0(Micro COB) 16GB,人民币,2026-04-17,日低点,14.20,开盘价,14.20,收盘价,14.20,14.2,14.2,14.2,当前价,￥14.20,2026-04-22 18:00,0.00,0.00%,前收盘,￥14.20,日高点,￥14.20,日低点,￥14.20,$2.03,https://www.chinaflashmarket.com/price/usb2,https://www.chinaflashmarket.com/price/sz/100197,https://www.chinaflashmarket.com/price/sz/100197/1,2026-04-22 20:13:57
移动存储,USB 2.0,USB2.0(Micro COB) 16GB,人民币,2026-04-16,日低点,14.20,开盘价,14.20,收盘价,14.20,14.2,14.2,14.2,当前价,￥14.20,2026-04-22 18:00,0.00,0.00%,前收盘,￥14.20,日高点,￥14.20,日低点,￥14.20,$2.03,https://www.chinaflashmarket.com/price/usb2,https://www.chinaflashmarket.com/price/sz/100197,https://www.chinaflashmarket.com/price/sz/100197/1,2026-04-22 20:13:57
移动存储,USB 2.0,USB2.0(Micro COB) 16GB,人民币,2026-04-15,日低点,14.20,开盘价,14.20,收盘价,14.20,14.2,14.2,14.2,当前价,￥14.20,2026-04-22 18:00,0.00,0.00%,前收盘,￥14.20,日高点,￥14.20,日低点,￥14.20,$2.03,https://www.chinaflashmarket.com/price/usb2,https://www.chinaflashmarket.com/price/sz/100197,https://www.chinaflashmarket.com/price/sz/100197/1,2026-04-22 20:13:57
移动存储,USB 2.0,USB2.0(Micro COB) 16GB,人民币,2026-04-14,日低点,14.20,开盘价,14.20,收盘价,14.20,14.2,14.2,14.2,当前价,￥14.20,2026-04-22 18:00,0.00,0.00%,前收盘,￥14.20,日高点,￥14.20,日低点,￥14.20,$2.03,https://www.chinaflashmarket.com/price/usb2,https://www.chinaflashmarket.com/price/sz/100197,https://www.chinaflashmarket.com/price/sz/100197/1,2026-04-22 20:13:57
移动存储,USB 2.0,USB2.0(Micro COB) 16GB,人民币,2026-04-13,日低点,14.20,开盘价,14.20,收盘价,14.20,14.2,14.2,14.2,当前价,￥14.20,2026-04-22 18:00,0.00,0.00%,前收盘,￥14.20,日高点,￥14.20,日低点,￥14.20,$2.03,https://www.chinaflashmarket.com/price/usb2,https://www.chinaflashmarket.com/price/sz/100197,https://www.chinaflashmarket.com/price/sz/100197/1,2026-04-22 20:13:57
移动存储,USB 2.0,USB2.0(Micro COB) 16GB,人民币,2026-04-10,日低点,14.20,开盘价,14.20,收盘价,14.20,14.2,14.2,14.2,当前价,￥14.20,2026-04-22 18:00,0.00,0.00%,前收盘,￥14.20,日高点,￥14.20,日低点,￥14.20,$2.03,https://www.chinaflashmarket.com/price/usb2,https://www.chinaflashmarket.com/price/sz/100197,https://www.chinaflashmarket.com/price/sz/100197/1,2026-04-22 20:13:57
移动存储,USB 2.0,USB2.0(Micro COB) 16GB,人民币,2026-04-09,日低点,14.20,开盘价,14.20,收盘价,14.20,14.2,14.2,14.2,当前价,￥14.20,2026-04-22 18:00,0.00,0.00%,前收盘,￥14.20,日高点,￥14.20,日低点,￥14.20,$2.03,https://www.chinaflashmarket.com/price/usb2,https://www.chinaflashmarket.com/price/sz/100197,https://www.chinaflashmarket.com/price/sz/100197/1,2026-04-22 20:13:57
移动存储,USB 2.0,USB2.0(Micro COB) 16GB,人民币,2026-04-08,日低点,14.20,开盘价,14.20,收盘价,14.20,14.2,14.2,14.2,当前价,￥14.20,2026-04-22 18:00,0.00,0.00%,前收盘,￥14.20,日高点,￥14.20,日低点,￥14.20,$2.03,https://www.chinaflashmarket.com/price/usb2,https://www.chinaflashmarket.com/price/sz/100197,https://www.chinaflashmarket.com/price/sz/100197/1,2026-04-22 20:13:57
移动存储,USB 2.0,USB2.0(Micro COB) 16GB,人民币,2026-04-07,日低点,14.20,开盘价,14.20,收盘价,14.20,14.2,14.2,14.2,当前价,￥14.20,2026-04-22 18:00,0.00,0.00%,前收盘,￥14.20,日高点,￥14.20,日低点,￥14.20,$2.03,https://www.chinaflashmarket.com/price/usb2,https://www.chinaflashmarket.com/price/sz/100197,https://www.chinaflashmarket.com/price/sz/100197/1,2026-04-22 20:13:57
移动存储,USB 2.0,USB2.0(Micro COB) 16GB,人民币,2026-04-03,日低点,14.20,开盘价,14.20,收盘价,14.20,14.2,14.2,14.2,当前价,￥14.20,2026-04-22 18:00,0.00,0.00%,前收盘,￥14.20,日高点,￥14.20,日低点,￥14.20,$2.03,https://www.chinaflashmarket.com/price/usb2,https://www.chinaflashmarket.com/price/sz/100197,https://www.chinaflashmarket.com/price/sz/100197/1,2026-04-22 20:13:57
移动存储,USB 2.0,USB2.0(Micro COB) 16GB,人民币,2026-04-02,日低点,14.20,开盘价,14.20,收盘价,14.20,14.2,14.2,14.2,当前价,￥14.20,2026-04-22 18:00,0.00,0.00%,前收盘,￥14.20,日高点,￥14.20,日低点,￥14.20,$2.03,https://www.chinaflashmarket.com/price/usb2,https://www.chinaflashmarket.com/price/sz/100197,https://www.chinaflashmarket.com/price/sz/100197/1,2026-04-22 20:13:57
移动存储,USB 2.0,USB2.0(Micro COB) 16GB,人民币,2026-04-01,日低点,14.20,开盘价,14.20,收盘价,14.20,14.2,14.2,14.2,当前价,￥14.20,2026-04-22 18:00,0.00,0.00%,前收盘,￥14.20,日高点,￥14.20,日低点,￥14.20,$2.03,https://www.chinaflashmarket.com/price/usb2,https://www.chinaflashmarket.com/price/sz/100197,https://www.chinaflashmarket.com/price/sz/100197/1,2026-04-22 20:13:57
移动存储,USB 2.0,USB2.0(Micro COB) 16GB,人民币,2026-03-31,日低点,14.20,开盘价,14.20,收盘价,14.20,14.2,14.2,14.2,当前价,￥14.20,2026-04-22 18:00,0.00,0.00%,前收盘,￥14.20,日高点,￥14.20,日低点,￥14.20,$2.03,https://www.chinaflashmarket.com/price/usb2,https://www.chinaflashmarket.com/price/sz/100197,https://www.chinaflashmarket.com/price/sz/100197/1,2026-04-22 20:13:57
移动存储,USB 2.0,USB2.0(Micro COB) 16GB,人民币,2026-03-30,日低点,14.20,开盘价,14.20,收盘价,14.20,14.2,14.2,14.2,当前价,￥14.20,2026-04-22 18:00,0.00,0.00%,前收盘,￥14.20,日高点,￥14.20,日低点,￥14.20,$2.03,https://www.chinaflashmarket.com/price/usb2,https://www.chinaflashmarket.com/price/sz/100197,https://www.chinaflashmarket.com/price/sz/100197/1,2026-04-22 20:13:57
移动存储,USB 2.0,USB2.0(Micro COB) 16GB,人民币,2026-03-27,日低点,14.20,开盘价,14.20,收盘价,14.20,14.2,14.2,14.2,当前价,￥14.20,2026-04-22 18:00,0.00,0.00%,前收盘,￥14.20,日高点,￥14.20,日低点,￥14.20,$2.03,https://www.chinaflashmarket.com/price/usb2,https://www.chinaflashmarket.com/price/sz/100197,https://www.chinaflashmarket.com/price/sz/100197/1,2026-04-22 20:13:57
移动存储,USB 2.0,USB2.0(Micro COB) 16GB,人民币,2026-03-26,日低点,14.20,开盘价,14.20,收盘价,14.20,14.2,14.2,14.2,当前价,￥14.20,2026-04-22 18:00,0.00,0.00%,前收盘,￥14.20,日高点,￥14.20,日低点,￥14.20,$2.03,https://www.chinaflashmarket.com/price/usb2,https://www.chinaflashmarket.com/price/sz/100197,https://www.chinaflashmarket.com/price/sz/100197/1,2026-04-22 20:13:57
移动存储,USB 2.0,USB2.0(Micro COB) 16GB,人民币,2026-03-25,日低点,14.20,开盘价,14.20,收盘价,14.20,14.2,14.2,14.2,当前价,￥14.20,2026-04-22 18:00,0.00,0.00%,前收盘,￥14.20,日高点,￥14.20,日低点,￥14.20,$2.03,https://www.chinaflashmarket.com/price/usb2,https://www.chinaflashmarket.com/price/sz/100197,https://www.chinaflashmarket.com/price/sz/100197/1,2026-04-22 20:13:57
移动存储,USB 2.0,USB2.0(Micro COB) 16GB,人民币,2026-03-24,日低点,14.20,开盘价,14.20,收盘价,14.20,14.2,14.2,14.2,当前价,￥14.20,2026-04-22 18:00,0.00,0.00%,前收盘,￥14.20,日高点,￥14.20,日低点,￥14.20,$2.03,https://www.chinaflashmarket.com/price/usb2,https://www.chinaflashmarket.com/price/sz/100197,https://www.chinaflashmarket.com/price/sz/100197/1,2026-04-22 20:13:57
移动存储,USB 2.0,USB2.0(Micro COB) 16GB,人民币,2026-03-23,日低点,14.20,开盘价,14.20,收盘价,14.20,14.2,14.2,14.2,当前价,￥14.20,2026-04-22 18:00,0.00,0.00%,前收盘,￥14.20,日高点,￥14.20,日低点,￥14.20,$2.03,https://www.chinaflashmarket.com/price/usb2,https://www.chinaflashmarket.com/price/sz/100197,https://www.chinaflashmarket.com/price/sz/100197/1,2026-04-22 20:13:57
移动存储,USB 2.0,USB2.0(Micro COB) 16GB,人民币,2026-03-20,日低点,14.20,开盘价,14.20,收盘价,14.20,14.2,14.2,14.2,当前价,￥14.20,2026-04-22 18:00,0.00,0.00%,前收盘,￥14.20,日高点,￥14.20,日低点,￥14.20,$2.03,https://www.chinaflashmarket.com/price/usb2,https://www.chinaflashmarket.com/price/sz/100197,https://www.chinaflashmarket.com/price/sz/100197/1,2026-04-22 20:13:57
移动存储,USB 2.0,USB2.0(Micro COB) 16GB,人民币,2026-03-19,日低点,14.20,开盘价,14.20,收盘价,14.20,14.2,14.2,14.2,当前价,￥14.20,2026-04-22 18:00,0.00,0.00%,前收盘,￥14.20,日高点,￥14.20,日低点,￥14.20,$2.03,https://www.chinaflashmarket.com/price/usb2,https://www.chinaflashmarket.com/price/sz/100197,https://www.chinaflashmarket.com/price/sz/100197/1,2026-04-22 20:13:57
移动存储,USB 2.0,USB2.0(Micro COB) 16GB,人民币,2026-03-18,日低点,14.20,开盘价,14.20,收盘价,14.20,14.2,14.2,14.2,当前价,￥14.20,2026-04-22 18:00,0.00,0.00%,前收盘,￥14.20,日高点,￥14.20,日低点,￥14.20,$2.03,https://www.chinaflashmarket.com/price/usb2,https://www.chinaflashmarket.com/price/sz/100197,https://www.chinaflashmarket.com/price/sz/100197/1,2026-04-22 20:13:57
移动存储,USB 2.0,USB2.0(Micro COB) 16GB,人民币,2026-03-17,日低点,14.20,开盘价,14.20,收盘价,14.20,14.2,14.2,14.2,当前价,￥14.20,2026-04-22 18:00,0.00,0.00%,前收盘,￥14.20,日高点,￥14.20,日低点,￥14.20,$2.03,https://www.chinaflashmarket.com/price/usb2,https://www.chinaflashmarket.com/price/sz/100197,https://www.chinaflashmarket.com/price/sz/100197/1,2026-04-22 20:13:57
移动存储,USB 2.0,USB2.0(Micro COB) 16GB,人民币,2026-03-16,日低点,14.20,开盘价,14.20,收盘价,14.20,14.2,14.2,14.2,当前价,￥14.20,2026-04-22 18:00,0.00,0.00%,前收盘,￥14.20,日高点,￥14.20,日低点,￥14.20,$2.03,https://www.chinaflashmarket.com/price/usb2,https://www.chinaflashmarket.com/price/sz/100197,https://www.chinaflashmarket.com/price/sz/100197/1,2026-04-22 20:13:57
移动存储,USB 2.0,USB2.0(Micro COB) 16GB,人民币,2026-03-13,日低点,14.20,开盘价,14.20,收盘价,14.20,14.2,14.2,14.2,当前价,￥14.20,2026-04-22 18:00,0.00,0.00%,前收盘,￥14.20,日高点,￥14.20,日低点,￥14.20,$2.03,https://www.chinaflashmarket.com/price/usb2,https://www.chinaflashmarket.com/price/sz/100197,https://www.chinaflashmarket.com/price/sz/100197/1,2026-04-22 20:13:57
移动存储,USB 2.0,USB2.0(Micro COB) 16GB,人民币,2026-03-12,日低点,14.20,开盘价,14.20,收盘价,14.20,14.2,14.2,14.2,当前价,￥14.20,2026-04-22 18:00,0.00,0.00%,前收盘,￥14.20,日高点,￥14.20,日低点,￥14.20,$2.03,https://www.chinaflashmarket.com/price/usb2,https://www.chinaflashmarket.com/price/sz/100197,https://www.chinaflashmarket.com/price/sz/100197/1,2026-04-22 20:13:57
移动存储,USB 2.0,USB2.0(Micro COB) 16GB,人民币,2026-03-11,日低点,14.20,开盘价,14.20,收盘价,14.20,14.2,14.2,14.2,当前价,￥14.20,2026-04-22 18:00,0.00,0.00%,前收盘,￥14.20,日高点,￥14.20,日低点,￥14.20,$2.03,https://www.chinaflashmarket.com/price/usb2,https://www.chinaflashmarket.com/price/sz/100197,https://www.chinaflashmarket.com/price/sz/100197/1,2026-04-22 20:13:57
移动存储,USB 2.0,USB2.0(Micro COB) 16GB,人民币,2026-03-10,日低点,14.20,开盘价,14.20,收盘价,14.20,14.2,14.2,14.2,当前价,￥14.20,2026-04-22 18:00,0.00,0.00%,前收盘,￥14.20,日高点,￥14.20,日低点,￥14.20,$2.03,https://www.chinaflashmarket.com/price/usb2,https://www.chinaflashmarket.com/price/sz/100197,https://www.chinaflashmarket.com/price/sz/100197/1,2026-04-22 20:13:57
移动存储,USB 2.0,USB2.0(Micro COB) 16GB,人民币,2026-03-09,日低点,14.20,开盘价,14.20,收盘价,14.20,14.2,14.2,14.2,当前价,￥14.20,2026-04-22 18:00,0.00,0.00%,前收盘,￥14.20,日高点,￥14.20,日低点,￥14.20,$2.03,https://www.chinaflashmarket.com/price/usb2,https://www.chinaflashmarket.com/price/sz/100197,https://www.chinaflashmarket.com/price/sz/100197/1,2026-04-22 20:13:57
移动存储,USB 2.0,USB2.0(Micro COB) 16GB,人民币,2026-03-06,日低点,13.80,开盘价,13.80,收盘价,13.80,13.8,13.8,13.8,当前价,￥14.20,2026-04-22 18:00,0.00,0.00%,前收盘,￥14.20,日高点,￥14.20,日低点,￥14.20,$2.03,https://www.chinaflashmarket.com/price/usb2,https://www.chinaflashmarket.com/price/sz/100197,https://www.chinaflashmarket.com/price/sz/100197/1,2026-04-22 20:13:57
移动存储,USB 2.0,USB2.0(Micro COB) 16GB,人民币,2026-03-05,日低点,12.90,开盘价,12.90,收盘价,12.90,12.9,12.9,12.9,当前价,￥14.20,2026-04-22 18:00,0.00,0.00%,前收盘,￥14.20,日高点,￥14.20,日低点,￥14.20,$2.03,https://www.chinaflashmarket.com/price/usb2,https://www.chinaflashmarket.com/price/sz/100197,https://www.chinaflashmarket.com/price/sz/100197/1,2026-04-22 20:13:57
移动存储,USB 2.0,USB2.0(Micro COB) 16GB,人民币,2026-03-04,日低点,12.90,开盘价,12.90,收盘价,12.90,12.9,12.9,12.9,当前价,￥14.20,2026-04-22 18:00,0.00,0.00%,前收盘,￥14.20,日高点,￥14.20,日低点,￥14.20,$2.03,https://www.chinaflashmarket.com/price/usb2,https://www.chinaflashmarket.com/price/sz/100197,https://www.chinaflashmarket.com/price/sz/100197/1,2026-04-22 20:13:57
移动存储,USB 2.0,USB2.0(Micro COB) 16GB,人民币,2026-03-03,日低点,12.90,开盘价,12.90,收盘价,12.90,12.9,12.9,12.9,当前价,￥14.20,2026-04-22 18:00,0.00,0.00%,前收盘,￥14.20,日高点,￥14.20,日低点,￥14.20,$2.03,https://www.chinaflashmarket.com/price/usb2,https://www.chinaflashmarket.com/price/sz/100197,https://www.chinaflashmarket.com/price/sz/100197/1,2026-04-22 20:13:57
移动存储,USB 2.0,USB2.0(Micro COB) 16GB,人民币,2026-03-02,日低点,12.90,开盘价,12.90,收盘价,12.90,12.9,12.9,12.9,当前价,￥14.20,2026-04-22 18:00,0.00,0.00%,前收盘,￥14.20,日高点,￥14.20,日低点,￥14.20,$2.03,https://www.chinaflashmarket.com/price/usb2,https://www.chinaflashmarket.com/price/sz/100197,https://www.chinaflashmarket.com/price/sz/100197/1,2026-04-22 20:13:57
移动存储,USB 2.0,USB2.0(Micro COB) 16GB,人民币,2026-02-28,日低点,12.90,开盘价,12.90,收盘价,12.90,12.9,12.9,12.9,当前价,￥14.20,2026-04-22 18:00,0.00,0.00%,前收盘,￥14.20,日高点,￥14.20,日低点,￥14.20,$2.03,https://www.chinaflashmarket.com/price/usb2,https://www.chinaflashmarket.com/price/sz/100197,https://www.chinaflashmarket.com/price/sz/100197/1,2026-04-22 20:13:57
移动存储,USB 2.0,USB2.0(Micro COB) 16GB,人民币,2026-02-27,日低点,12.90,开盘价,12.90,收盘价,12.90,12.9,12.9,12.9,当前价,￥14.20,2026-04-22 18:00,0.00,0.00%,前收盘,￥14.20,日高点,￥14.20,日低点,￥14.20,$2.03,https://www.chinaflashmarket.com/price/usb2,https://www.chinaflashmarket.com/price/sz/100197,https://www.chinaflashmarket.com/price/sz/100197/1,2026-04-22 20:13:57
移动存储,USB 2.0,USB2.0(Micro COB) 16GB,人民币,2026-02-26,日低点,12.90,开盘价,12.90,收盘价,12.90,12.9,12.9,12.9,当前价,￥14.20,2026-04-22 18:00,0.00,0.00%,前收盘,￥14.20,日高点,￥14.20,日低点,￥14.20,$2.03,https://www.chinaflashmarket.com/price/usb2,https://www.chinaflashmarket.com/price/sz/100197,https://www.chinaflashmarket.com/price/sz/100197/1,2026-04-22 20:13:57
移动存储,USB 2.0,USB2.0(Micro COB) 16GB,人民币,2026-02-25,日低点,12.90,开盘价,12.90,收盘价,12.90,12.9,12.9,12.9,当前价,￥14.20,2026-04-22 18:00,0.00,0.00%,前收盘,￥14.20,日高点,￥14.20,日低点,￥14.20,$2.03,https://www.chinaflashmarket.com/price/usb2,https://www.chinaflashmarket.com/price/sz/100197,https://www.chinaflashmarket.com/price/sz/100197/1,2026-04-22 20:13:57
移动存储,USB 2.0,USB2.0(Micro COB) 16GB,人民币,2026-02-24,日低点,12.90,开盘价,12.90,收盘价,12.90,12.9,12.9,12.9,当前价,￥14.20,2026-04-22 18:00,0.00,0.00%,前收盘,￥14.20,日高点,￥14.20,日低点,￥14.20,$2.03,https://www.chinaflashmarket.com/price/usb2,https://www.chinaflashmarket.com/price/sz/100197,https://www.chinaflashmarket.com/price/sz/100197/1,2026-04-22 20:13:57
移动存储,USB 2.0,USB2.0(Micro COB) 16GB,人民币,2026-02-14,日低点,12.90,开盘价,12.90,收盘价,12.90,12.9,12.9,12.9,当前价,￥14.20,2026-04-22 18:00,0.00,0.00%,前收盘,￥14.20,日高点,￥14.20,日低点,￥14.20,$2.03,https://www.chinaflashmarket.com/price/usb2,https://www.chinaflashmarket.com/price/sz/100197,https://www.chinaflashmarket.com/price/sz/100197/1,2026-04-22 20:13:57
移动存储,USB 2.0,USB2.0(Micro COB) 16GB,人民币,2026-02-13,日低点,12.90,开盘价,12.90,收盘价,12.90,12.9,12.9,12.9,当前价,￥14.20,2026-04-22 18:00,0.00,0.00%,前收盘,￥14.20,日高点,￥14.20,日低点,￥14.20,$2.03,https://www.chinaflashmarket.com/price/usb2,https://www.chinaflashmarket.com/price/sz/100197,https://www.chinaflashmarket.com/price/sz/100197/1,2026-04-22 20:13:57
移动存储,USB 2.0,USB2.0(Micro COB) 16GB,人民币,2026-02-12,日低点,12.90,开盘价,12.90,收盘价,12.90,12.9,12.9,12.9,当前价,￥14.20,2026-04-22 18:00,0.00,0.00%,前收盘,￥14.20,日高点,￥14.20,日低点,￥14.20,$2.03,https://www.chinaflashmarket.com/price/usb2,https://www.chinaflashmarket.com/price/sz/100197,https://www.chinaflashmarket.com/price/sz/100197/1,2026-04-22 20:13:57
移动存储,USB 2.0,USB2.0(Micro COB) 16GB,人民币,2026-02-11,日低点,12.90,开盘价,12.90,收盘价,12.90,12.9,12.9,12.9,当前价,￥14.20,2026-04-22 18:00,0.00,0.00%,前收盘,￥14.20,日高点,￥14.20,日低点,￥14.20,$2.03,https://www.chinaflashmarket.com/price/usb2,https://www.chinaflashmarket.com/price/sz/100197,https://www.chinaflashmarket.com/price/sz/100197/1,2026-04-22 20:13:57
移动存储,USB 2.0,USB2.0(Micro COB) 16GB,人民币,2026-02-10,日低点,12.90,开盘价,12.90,收盘价,12.90,12.9,12.9,12.9,当前价,￥14.20,2026-04-22 18:00,0.00,0.00%,前收盘,￥14.20,日高点,￥14.20,日低点,￥14.20,$2.03,https://www.chinaflashmarket.com/price/usb2,https://www.chinaflashmarket.com/price/sz/100197,https://www.chinaflashmarket.com/price/sz/100197/1,2026-04-22 20:13:57
移动存储,USB 2.0,USB2.0(Micro COB) 16GB,人民币,2026-02-09,日低点,12.90,开盘价,12.90,收盘价,12.90,12.9,12.9,12.9,当前价,￥14.20,2026-04-22 18:00,0.00,0.00%,前收盘,￥14.20,日高点,￥14.20,日低点,￥14.20,$2.03,https://www.chinaflashmarket.com/price/usb2,https://www.chinaflashmarket.com/price/sz/100197,https://www.chinaflashmarket.com/price/sz/100197/1,2026-04-22 20:13:57
移动存储,USB 2.0,USB2.0(Micro COB) 16GB,人民币,2026-02-06,日低点,12.90,开盘价,12.90,收盘价,12.90,12.9,12.9,12.9,当前价,￥14.20,2026-04-22 18:00,0.00,0.00%,前收盘,￥14.20,日高点,￥14.20,日低点,￥14.20,$2.03,https://www.chinaflashmarket.com/price/usb2,https://www.chinaflashmarket.com/price/sz/100197,https://www.chinaflashmarket.com/price/sz/100197/1,2026-04-22 20:13:57
移动存储,USB 2.0,USB2.0(Micro COB) 16GB,人民币,2026-02-05,日低点,12.90,开盘价,12.90,收盘价,12.90,12.9,12.9,12.9,当前价,￥14.20,2026-04-22 18:00,0.00,0.00%,前收盘,￥14.20,日高点,￥14.20,日低点,￥14.20,$2.03,https://www.chinaflashmarket.com/price/usb2,https://www.chinaflashmarket.com/price/sz/100197,https://www.chinaflashmarket.com/price/sz/100197/1,2026-04-22 20:13:57
移动存储,USB 2.0,USB2.0(Micro COB) 16GB,人民币,2026-02-04,日低点,12.90,开盘价,12.90,收盘价,12.90,12.9,12.9,12.9,当前价,￥14.20,2026-04-22 18:00,0.00,0.00%,前收盘,￥14.20,日高点,￥14.20,日低点,￥14.20,$2.03,https://www.chinaflashmarket.com/price/usb2,https://www.chinaflashmarket.com/price/sz/100197,https://www.chinaflashmarket.com/price/sz/100197/1,2026-04-22 20:13:57
移动存储,USB 2.0,USB2.0(Micro COB) 16GB,人民币,2026-02-03,日低点,12.90,开盘价,12.90,收盘价,12.90,12.9,12.9,12.9,当前价,￥14.20,2026-04-22 18:00,0.00,0.00%,前收盘,￥14.20,日高点,￥14.20,日低点,￥14.20,$2.03,https://www.chinaflashmarket.com/price/usb2,https://www.chinaflashmarket.com/price/sz/100197,https://www.chinaflashmarket.com/price/sz/100197/1,2026-04-22 20:13:57
移动存储,USB 2.0,USB2.0(Micro COB) 16GB,人民币,2026-02-02,日低点,12.90,开盘价,12.90,收盘价,12.90,12.9,12.9,12.9,当前价,￥14.20,2026-04-22 18:00,0.00,0.00%,前收盘,￥14.20,日高点,￥14.20,日低点,￥14.20,$2.03,https://www.chinaflashmarket.com/price/usb2,https://www.chinaflashmarket.com/price/sz/100197,https://www.chinaflashmarket.com/price/sz/100197/1,2026-04-22 20:13:57
移动存储,USB 2.0,USB2.0(Micro COB) 16GB,人民币,2026-01-30,日低点,12.90,开盘价,12.90,收盘价,12.90,12.9,12.9,12.9,当前价,￥14.20,2026-04-22 18:00,0.00,0.00%,前收盘,￥14.20,日高点,￥14.20,日低点,￥14.20,$2.03,https://www.chinaflashmarket.com/price/usb2,https://www.chinaflashmarket.com/price/sz/100197,https://www.chinaflashmarket.com/price/sz/100197/1,2026-04-22 20:13:57
移动存储,USB 2.0,USB2.0(Micro COB) 16GB,人民币,2026-01-29,日低点,12.90,开盘价,12.90,收盘价,12.90,12.9,12.9,12.9,当前价,￥14.20,2026-04-22 18:00,0.00,0.00%,前收盘,￥14.20,日高点,￥14.20,日低点,￥14.20,$2.03,https://www.chinaflashmarket.com/price/usb2,https://www.chinaflashmarket.com/price/sz/100197,https://www.chinaflashmarket.com/price/sz/100197/1,2026-04-22 20:13:57
移动存储,USB 2.0,USB2.0(Micro COB) 16GB,人民币,2026-01-28,日低点,12.90,开盘价,12.90,收盘价,12.90,12.9,12.9,12.9,当前价,￥14.20,2026-04-22 18:00,0.00,0.00%,前收盘,￥14.20,日高点,￥14.20,日低点,￥14.20,$2.03,https://www.chinaflashmarket.com/price/usb2,https://www.chinaflashmarket.com/price/sz/100197,https://www.chinaflashmarket.com/price/sz/100197/1,2026-04-22 20:13:57
移动存储,USB 2.0,USB2.0(Micro COB) 16GB,人民币,2026-01-27,日低点,12.90,开盘价,12.90,收盘价,12.90,12.9,12.9,12.9,当前价,￥14.20,2026-04-22 18:00,0.00,0.00%,前收盘,￥14.20,日高点,￥14.20,日低点,￥14.20,$2.03,https://www.chinaflashmarket.com/price/usb2,https://www.chinaflashmarket.com/price/sz/100197,https://www.chinaflashmarket.com/price/sz/100197/1,2026-04-22 20:13:57
移动存储,USB 2.0,USB2.0(Micro COB) 16GB,人民币,2026-01-26,日低点,12.90,开盘价,12.90,收盘价,12.90,12.9,12.9,12.9,当前价,￥14.20,2026-04-22 18:00,0.00,0.00%,前收盘,￥14.20,日高点,￥14.20,日低点,￥14.20,$2.03,https://www.chinaflashmarket.com/price/usb2,https://www.chinaflashmarket.com/price/sz/100197,https://www.chinaflashmarket.com/price/sz/100197/1,2026-04-22 20:13:57
移动存储,USB 2.0,USB2.0(Micro COB) 16GB,人民币,2026-01-23,日低点,12.90,开盘价,12.90,收盘价,12.90,12.9,12.9,12.9,当前价,￥14.20,2026-04-22 18:00,0.00,0.00%,前收盘,￥14.20,日高点,￥14.20,日低点,￥14.20,$2.03,https://www.chinaflashmarket.com/price/usb2,https://www.chinaflashmarket.com/price/sz/100197,https://www.chinaflashmarket.com/price/sz/100197/1,2026-04-22 20:13:57
移动存储,USB 2.0,USB2.0(Micro COB) 16GB,人民币,2026-01-22,日低点,12.90,开盘价,12.90,收盘价,12.90,12.9,12.9,12.9,当前价,￥14.20,2026-04-22 18:00,0.00,0.00%,前收盘,￥14.20,日高点,￥14.20,日低点,￥14.20,$2.03,https://www.chinaflashmarket.com/price/usb2,https://www.chinaflashmarket.com/price/sz/100197,https://www.chinaflashmarket.com/price/sz/100197/1,2026-04-22 20:13:57
移动存储,USB 2.0,USB2.0(Micro COB) 32GB,人民币,2026-04-21,日低点,20.00,开盘价,20.00,收盘价,20.00,20.0,20.0,20.0,当前价,￥20.00,2026-04-22 18:00,0.00,0.00%,前收盘,￥20.00,日高点,￥20.00,日低点,￥20.00,$2.85,https://www.chinaflashmarket.com/price/usb2,https://www.chinaflashmarket.com/price/sz/100198,https://www.chinaflashmarket.com/price/sz/100198/1,2026-04-22 20:13:57
移动存储,USB 2.0,USB2.0(Micro COB) 32GB,人民币,2026-04-20,日低点,20.00,开盘价,20.00,收盘价,20.00,20.0,20.0,20.0,当前价,￥20.00,2026-04-22 18:00,0.00,0.00%,前收盘,￥20.00,日高点,￥20.00,日低点,￥20.00,$2.85,https://www.chinaflashmarket.com/price/usb2,https://www.chinaflashmarket.com/price/sz/100198,https://www.chinaflashmarket.com/price/sz/100198/1,2026-04-22 20:13:57
移动存储,USB 2.0,USB2.0(Micro COB) 32GB,人民币,2026-04-17,日低点,20.00,开盘价,20.00,收盘价,20.00,20.0,20.0,20.0,当前价,￥20.00,2026-04-22 18:00,0.00,0.00%,前收盘,￥20.00,日高点,￥20.00,日低点,￥20.00,$2.85,https://www.chinaflashmarket.com/price/usb2,https://www.chinaflashmarket.com/price/sz/100198,https://www.chinaflashmarket.com/price/sz/100198/1,2026-04-22 20:13:57
移动存储,USB 2.0,USB2.0(Micro COB) 32GB,人民币,2026-04-16,日低点,20.00,开盘价,20.00,收盘价,20.00,20.0,20.0,20.0,当前价,￥20.00,2026-04-22 18:00,0.00,0.00%,前收盘,￥20.00,日高点,￥20.00,日低点,￥20.00,$2.85,https://www.chinaflashmarket.com/price/usb2,https://www.chinaflashmarket.com/price/sz/100198,https://www.chinaflashmarket.com/price/sz/100198/1,2026-04-22 20:13:57
移动存储,USB 2.0,USB2.0(Micro COB) 32GB,人民币,2026-04-15,日低点,20.00,开盘价,20.00,收盘价,20.00,20.0,20.0,20.0,当前价,￥20.00,2026-04-22 18:00,0.00,0.00%,前收盘,￥20.00,日高点,￥20.00,日低点,￥20.00,$2.85,https://www.chinaflashmarket.com/price/usb2,https://www.chinaflashmarket.com/price/sz/100198,https://www.chinaflashmarket.com/price/sz/100198/1,2026-04-22 20:13:57
移动存储,USB 2.0,USB2.0(Micro COB) 32GB,人民币,2026-04-14,日低点,20.00,开盘价,20.00,收盘价,20.00,20.0,20.0,20.0,当前价,￥20.00,2026-04-22 18:00,0.00,0.00%,前收盘,￥20.00,日高点,￥20.00,日低点,￥20.00,$2.85,https://www.chinaflashmarket.com/price/usb2,https://www.chinaflashmarket.com/price/sz/100198,https://www.chinaflashmarket.com/price/sz/100198/1,2026-04-22 20:13:57
移动存储,USB 2.0,USB2.0(Micro COB) 32GB,人民币,2026-04-13,日低点,20.00,开盘价,20.00,收盘价,20.00,20.0,20.0,20.0,当前价,￥20.00,2026-04-22 18:00,0.00,0.00%,前收盘,￥20.00,日高点,￥20.00,日低点,￥20.00,$2.85,https://www.chinaflashmarket.com/price/usb2,https://www.chinaflashmarket.com/price/sz/100198,https://www.chinaflashmarket.com/price/sz/100198/1,2026-04-22 20:13:57
移动存储,USB 2.0,USB2.0(Micro COB) 32GB,人民币,2026-04-10,日低点,20.00,开盘价,20.00,收盘价,20.00,20.0,20.0,20.0,当前价,￥20.00,2026-04-22 18:00,0.00,0.00%,前收盘,￥20.00,日高点,￥20.00,日低点,￥20.00,$2.85,https://www.chinaflashmarket.com/price/usb2,https://www.chinaflashmarket.com/price/sz/100198,https://www.chinaflashmarket.com/price/sz/100198/1,2026-04-22 20:13:57
移动存储,USB 2.0,USB2.0(Micro COB) 32GB,人民币,2026-04-09,日低点,20.00,开盘价,20.00,收盘价,20.00,20.0,20.0,20.0,当前价,￥20.00,2026-04-22 18:00,0.00,0.00%,前收盘,￥20.00,日高点,￥20.00,日低点,￥20.00,$2.85,https://www.chinaflashmarket.com/price/usb2,https://www.chinaflashmarket.com/price/sz/100198,https://www.chinaflashmarket.com/price/sz/100198/1,2026-04-22 20:13:57
移动存储,USB 2.0,USB2.0(Micro COB) 32GB,人民币,2026-04-08,日低点,20.00,开盘价,20.00,收盘价,20.00,20.0,20.0,20.0,当前价,￥20.00,2026-04-22 18:00,0.00,0.00%,前收盘,￥20.00,日高点,￥20.00,日低点,￥20.00,$2.85,https://www.chinaflashmarket.com/price/usb2,https://www.chinaflashmarket.com/price/sz/100198,https://www.chinaflashmarket.com/price/sz/100198/1,2026-04-22 20:13:57
移动存储,USB 2.0,USB2.0(Micro COB) 32GB,人民币,2026-04-07,日低点,20.00,开盘价,20.00,收盘价,20.00,20.0,20.0,20.0,当前价,￥20.00,2026-04-22 18:00,0.00,0.00%,前收盘,￥20.00,日高点,￥20.00,日低点,￥20.00,$2.85,https://www.chinaflashmarket.com/price/usb2,https://www.chinaflashmarket.com/price/sz/100198,https://www.chinaflashmarket.com/price/sz/100198/1,2026-04-22 20:13:57
移动存储,USB 2.0,USB2.0(Micro COB) 32GB,人民币,2026-04-03,日低点,20.00,开盘价,20.00,收盘价,20.00,20.0,20.0,20.0,当前价,￥20.00,2026-04-22 18:00,0.00,0.00%,前收盘,￥20.00,日高点,￥20.00,日低点,￥20.00,$2.85,https://www.chinaflashmarket.com/price/usb2,https://www.chinaflashmarket.com/price/sz/100198,https://www.chinaflashmarket.com/price/sz/100198/1,2026-04-22 20:13:57
移动存储,USB 2.0,USB2.0(Micro COB) 32GB,人民币,2026-04-02,日低点,20.00,开盘价,20.00,收盘价,20.00,20.0,20.0,20.0,当前价,￥20.00,2026-04-22 18:00,0.00,0.00%,前收盘,￥20.00,日高点,￥20.00,日低点,￥20.00,$2.85,https://www.chinaflashmarket.com/price/usb2,https://www.chinaflashmarket.com/price/sz/100198,https://www.chinaflashmarket.com/price/sz/100198/1,2026-04-22 20:13:57
移动存储,USB 2.0,USB2.0(Micro COB) 32GB,人民币,2026-04-01,日低点,20.00,开盘价,20.00,收盘价,20.00,20.0,20.0,20.0,当前价,￥20.00,2026-04-22 18:00,0.00,0.00%,前收盘,￥20.00,日高点,￥20.00,日低点,￥20.00,$2.85,https://www.chinaflashmarket.com/price/usb2,https://www.chinaflashmarket.com/price/sz/100198,https://www.chinaflashmarket.com/price/sz/100198/1,2026-04-22 20:13:57
移动存储,USB 2.0,USB2.0(Micro COB) 32GB,人民币,2026-03-31,日低点,20.00,开盘价,20.00,收盘价,20.00,20.0,20.0,20.0,当前价,￥20.00,2026-04-22 18:00,0.00,0.00%,前收盘,￥20.00,日高点,￥20.00,日低点,￥20.00,$2.85,https://www.chinaflashmarket.com/price/usb2,https://www.chinaflashmarket.com/price/sz/100198,https://www.chinaflashmarket.com/price/sz/100198/1,2026-04-22 20:13:57
移动存储,USB 2.0,USB2.0(Micro COB) 32GB,人民币,2026-03-30,日低点,20.00,开盘价,20.00,收盘价,20.00,20.0,20.0,20.0,当前价,￥20.00,2026-04-22 18:00,0.00,0.00%,前收盘,￥20.00,日高点,￥20.00,日低点,￥20.00,$2.85,https://www.chinaflashmarket.com/price/usb2,https://www.chinaflashmarket.com/price/sz/100198,https://www.chinaflashmarket.com/price/sz/100198/1,2026-04-22 20:13:57
移动存储,USB 2.0,USB2.0(Micro COB) 32GB,人民币,2026-03-27,日低点,20.00,开盘价,20.00,收盘价,20.00,20.0,20.0,20.0,当前价,￥20.00,2026-04-22 18:00,0.00,0.00%,前收盘,￥20.00,日高点,￥20.00,日低点,￥20.00,$2.85,https://www.chinaflashmarket.com/price/usb2,https://www.chinaflashmarket.com/price/sz/100198,https://www.chinaflashmarket.com/price/sz/100198/1,2026-04-22 20:13:57
移动存储,USB 2.0,USB2.0(Micro COB) 32GB,人民币,2026-03-26,日低点,20.00,开盘价,20.00,收盘价,20.00,20.0,20.0,20.0,当前价,￥20.00,2026-04-22 18:00,0.00,0.00%,前收盘,￥20.00,日高点,￥20.00,日低点,￥20.00,$2.85,https://www.chinaflashmarket.com/price/usb2,https://www.chinaflashmarket.com/price/sz/100198,https://www.chinaflashmarket.com/price/sz/100198/1,2026-04-22 20:13:57
移动存储,USB 2.0,USB2.0(Micro COB) 32GB,人民币,2026-03-25,日低点,20.00,开盘价,20.00,收盘价,20.00,20.0,20.0,20.0,当前价,￥20.00,2026-04-22 18:00,0.00,0.00%,前收盘,￥20.00,日高点,￥20.00,日低点,￥20.00,$2.85,https://www.chinaflashmarket.com/price/usb2,https://www.chinaflashmarket.com/price/sz/100198,https://www.chinaflashmarket.com/price/sz/100198/1,2026-04-22 20:13:57
移动存储,USB 2.0,USB2.0(Micro COB) 32GB,人民币,2026-03-24,日低点,20.00,开盘价,20.00,收盘价,20.00,20.0,20.0,20.0,当前价,￥20.00,2026-04-22 18:00,0.00,0.00%,前收盘,￥20.00,日高点,￥20.00,日低点,￥20.00,$2.85,https://www.chinaflashmarket.com/price/usb2,https://www.chinaflashmarket.com/price/sz/100198,https://www.chinaflashmarket.com/price/sz/100198/1,2026-04-22 20:13:57
移动存储,USB 2.0,USB2.0(Micro COB) 32GB,人民币,2026-03-23,日低点,20.00,开盘价,20.00,收盘价,20.00,20.0,20.0,20.0,当前价,￥20.00,2026-04-22 18:00,0.00,0.00%,前收盘,￥20.00,日高点,￥20.00,日低点,￥20.00,$2.85,https://www.chinaflashmarket.com/price/usb2,https://www.chinaflashmarket.com/price/sz/100198,https://www.chinaflashmarket.com/price/sz/100198/1,2026-04-22 20:13:57
移动存储,USB 2.0,USB2.0(Micro COB) 32GB,人民币,2026-03-20,日低点,20.00,开盘价,20.00,收盘价,20.00,20.0,20.0,20.0,当前价,￥20.00,2026-04-22 18:00,0.00,0.00%,前收盘,￥20.00,日高点,￥20.00,日低点,￥20.00,$2.85,https://www.chinaflashmarket.com/price/usb2,https://www.chinaflashmarket.com/price/sz/100198,https://www.chinaflashmarket.com/price/sz/100198/1,2026-04-22 20:13:57
移动存储,USB 2.0,USB2.0(Micro COB) 32GB,人民币,2026-03-19,日低点,20.00,开盘价,20.00,收盘价,20.00,20.0,20.0,20.0,当前价,￥20.00,2026-04-22 18:00,0.00,0.00%,前收盘,￥20.00,日高点,￥20.00,日低点,￥20.00,$2.85,https://www.chinaflashmarket.com/price/usb2,https://www.chinaflashmarket.com/price/sz/100198,https://www.chinaflashmarket.com/price/sz/100198/1,2026-04-22 20:13:57
移动存储,USB 2.0,USB2.0(Micro COB) 32GB,人民币,2026-03-18,日低点,20.00,开盘价,20.00,收盘价,20.00,20.0,20.0,20.0,当前价,￥20.00,2026-04-22 18:00,0.00,0.00%,前收盘,￥20.00,日高点,￥20.00,日低点,￥20.00,$2.85,https://www.chinaflashmarket.com/price/usb2,https://www.chinaflashmarket.com/price/sz/100198,https://www.chinaflashmarket.com/price/sz/100198/1,2026-04-22 20:13:57
移动存储,USB 2.0,USB2.0(Micro COB) 32GB,人民币,2026-03-17,日低点,20.00,开盘价,20.00,收盘价,20.00,20.0,20.0,20.0,当前价,￥20.00,2026-04-22 18:00,0.00,0.00%,前收盘,￥20.00,日高点,￥20.00,日低点,￥20.00,$2.85,https://www.chinaflashmarket.com/price/usb2,https://www.chinaflashmarket.com/price/sz/100198,https://www.chinaflashmarket.com/price/sz/100198/1,2026-04-22 20:13:57
移动存储,USB 2.0,USB2.0(Micro COB) 32GB,人民币,2026-03-16,日低点,20.00,开盘价,20.00,收盘价,20.00,20.0,20.0,20.0,当前价,￥20.00,2026-04-22 18:00,0.00,0.00%,前收盘,￥20.00,日高点,￥20.00,日低点,￥20.00,$2.85,https://www.chinaflashmarket.com/price/usb2,https://www.chinaflashmarket.com/price/sz/100198,https://www.chinaflashmarket.com/price/sz/100198/1,2026-04-22 20:13:57
移动存储,USB 2.0,USB2.0(Micro COB) 32GB,人民币,2026-03-13,日低点,20.00,开盘价,20.00,收盘价,20.00,20.0,20.0,20.0,当前价,￥20.00,2026-04-22 18:00,0.00,0.00%,前收盘,￥20.00,日高点,￥20.00,日低点,￥20.00,$2.85,https://www.chinaflashmarket.com/price/usb2,https://www.chinaflashmarket.com/price/sz/100198,https://www.chinaflashmarket.com/price/sz/100198/1,2026-04-22 20:13:57
移动存储,USB 2.0,USB2.0(Micro COB) 32GB,人民币,2026-03-12,日低点,19.30,开盘价,19.30,收盘价,19.30,19.3,19.3,19.3,当前价,￥20.00,2026-04-22 18:00,0.00,0.00%,前收盘,￥20.00,日高点,￥20.00,日低点,￥20.00,$2.85,https://www.chinaflashmarket.com/price/usb2,https://www.chinaflashmarket.com/price/sz/100198,https://www.chinaflashmarket.com/price/sz/100198/1,2026-04-22 20:13:57
移动存储,USB 2.0,USB2.0(Micro COB) 32GB,人民币,2026-03-11,日低点,19.30,开盘价,19.30,收盘价,19.30,19.3,19.3,19.3,当前价,￥20.00,2026-04-22 18:00,0.00,0.00%,前收盘,￥20.00,日高点,￥20.00,日低点,￥20.00,$2.85,https://www.chinaflashmarket.com/price/usb2,https://www.chinaflashmarket.com/price/sz/100198,https://www.chinaflashmarket.com/price/sz/100198/1,2026-04-22 20:13:57
移动存储,USB 2.0,USB2.0(Micro COB) 32GB,人民币,2026-03-10,日低点,19.30,开盘价,19.30,收盘价,19.30,19.3,19.3,19.3,当前价,￥20.00,2026-04-22 18:00,0.00,0.00%,前收盘,￥20.00,日高点,￥20.00,日低点,￥20.00,$2.85,https://www.chinaflashmarket.com/price/usb2,https://www.chinaflashmarket.com/price/sz/100198,https://www.chinaflashmarket.com/price/sz/100198/1,2026-04-22 20:13:57
移动存储,USB 2.0,USB2.0(Micro COB) 32GB,人民币,2026-03-09,日低点,19.30,开盘价,19.30,收盘价,19.30,19.3,19.3,19.3,当前价,￥20.00,2026-04-22 18:00,0.00,0.00%,前收盘,￥20.00,日高点,￥20.00,日低点,￥20.00,$2.85,https://www.chinaflashmarket.com/price/usb2,https://www.chinaflashmarket.com/price/sz/100198,https://www.chinaflashmarket.com/price/sz/100198/1,2026-04-22 20:13:57
移动存储,USB 2.0,USB2.0(Micro COB) 32GB,人民币,2026-03-06,日低点,17.90,开盘价,17.90,收盘价,17.90,17.9,17.9,17.9,当前价,￥20.00,2026-04-22 18:00,0.00,0.00%,前收盘,￥20.00,日高点,￥20.00,日低点,￥20.00,$2.85,https://www.chinaflashmarket.com/price/usb2,https://www.chinaflashmarket.com/price/sz/100198,https://www.chinaflashmarket.com/price/sz/100198/1,2026-04-22 20:13:57
移动存储,USB 2.0,USB2.0(Micro COB) 32GB,人民币,2026-03-05,日低点,16.30,开盘价,16.30,收盘价,16.30,16.3,16.3,16.3,当前价,￥20.00,2026-04-22 18:00,0.00,0.00%,前收盘,￥20.00,日高点,￥20.00,日低点,￥20.00,$2.85,https://www.chinaflashmarket.com/price/usb2,https://www.chinaflashmarket.com/price/sz/100198,https://www.chinaflashmarket.com/price/sz/100198/1,2026-04-22 20:13:57
移动存储,USB 2.0,USB2.0(Micro COB) 32GB,人民币,2026-03-04,日低点,16.30,开盘价,16.30,收盘价,16.30,16.3,16.3,16.3,当前价,￥20.00,2026-04-22 18:00,0.00,0.00%,前收盘,￥20.00,日高点,￥20.00,日低点,￥20.00,$2.85,https://www.chinaflashmarket.com/price/usb2,https://www.chinaflashmarket.com/price/sz/100198,https://www.chinaflashmarket.com/price/sz/100198/1,2026-04-22 20:13:57
移动存储,USB 2.0,USB2.0(Micro COB) 32GB,人民币,2026-03-03,日低点,16.30,开盘价,16.30,收盘价,16.30,16.3,16.3,16.3,当前价,￥20.00,2026-04-22 18:00,0.00,0.00%,前收盘,￥20.00,日高点,￥20.00,日低点,￥20.00,$2.85,https://www.chinaflashmarket.com/price/usb2,https://www.chinaflashmarket.com/price/sz/100198,https://www.chinaflashmarket.com/price/sz/100198/1,2026-04-22 20:13:57
移动存储,USB 2.0,USB2.0(Micro COB) 32GB,人民币,2026-03-02,日低点,16.30,开盘价,16.30,收盘价,16.30,16.3,16.3,16.3,当前价,￥20.00,2026-04-22 18:00,0.00,0.00%,前收盘,￥20.00,日高点,￥20.00,日低点,￥20.00,$2.85,https://www.chinaflashmarket.com/price/usb2,https://www.chinaflashmarket.com/price/sz/100198,https://www.chinaflashmarket.com/price/sz/100198/1,2026-04-22 20:13:57
移动存储,USB 2.0,USB2.0(Micro COB) 32GB,人民币,2026-02-28,日低点,16.30,开盘价,16.30,收盘价,16.30,16.3,16.3,16.3,当前价,￥20.00,2026-04-22 18:00,0.00,0.00%,前收盘,￥20.00,日高点,￥20.00,日低点,￥20.00,$2.85,https://www.chinaflashmarket.com/price/usb2,https://www.chinaflashmarket.com/price/sz/100198,https://www.chinaflashmarket.com/price/sz/100198/1,2026-04-22 20:13:57
移动存储,USB 2.0,USB2.0(Micro COB) 32GB,人民币,2026-02-27,日低点,16.30,开盘价,16.30,收盘价,16.30,16.3,16.3,16.3,当前价,￥20.00,2026-04-22 18:00,0.00,0.00%,前收盘,￥20.00,日高点,￥20.00,日低点,￥20.00,$2.85,https://www.chinaflashmarket.com/price/usb2,https://www.chinaflashmarket.com/price/sz/100198,https://www.chinaflashmarket.com/price/sz/100198/1,2026-04-22 20:13:57
移动存储,USB 2.0,USB2.0(Micro COB) 32GB,人民币,2026-02-26,日低点,16.30,开盘价,16.30,收盘价,16.30,16.3,16.3,16.3,当前价,￥20.00,2026-04-22 18:00,0.00,0.00%,前收盘,￥20.00,日高点,￥20.00,日低点,￥20.00,$2.85,https://www.chinaflashmarket.com/price/usb2,https://www.chinaflashmarket.com/price/sz/100198,https://www.chinaflashmarket.com/price/sz/100198/1,2026-04-22 20:13:57
移动存储,USB 2.0,USB2.0(Micro COB) 32GB,人民币,2026-02-25,日低点,16.30,开盘价,16.30,收盘价,16.30,16.3,16.3,16.3,当前价,￥20.00,2026-04-22 18:00,0.00,0.00%,前收盘,￥20.00,日高点,￥20.00,日低点,￥20.00,$2.85,https://www.chinaflashmarket.com/price/usb2,https://www.chinaflashmarket.com/price/sz/100198,https://www.chinaflashmarket.com/price/sz/100198/1,2026-04-22 20:13:57
移动存储,USB 2.0,USB2.0(Micro COB) 32GB,人民币,2026-02-24,日低点,16.30,开盘价,16.30,收盘价,16.30,16.3,16.3,16.3,当前价,￥20.00,2026-04-22 18:00,0.00,0.00%,前收盘,￥20.00,日高点,￥20.00,日低点,￥20.00,$2.85,https://www.chinaflashmarket.com/price/usb2,https://www.chinaflashmarket.com/price/sz/100198,https://www.chinaflashmarket.com/price/sz/100198/1,2026-04-22 20:13:57
移动存储,USB 2.0,USB2.0(Micro COB) 32GB,人民币,2026-02-14,日低点,16.30,开盘价,16.30,收盘价,16.30,16.3,16.3,16.3,当前价,￥20.00,2026-04-22 18:00,0.00,0.00%,前收盘,￥20.00,日高点,￥20.00,日低点,￥20.00,$2.85,https://www.chinaflashmarket.com/price/usb2,https://www.chinaflashmarket.com/price/sz/100198,https://www.chinaflashmarket.com/price/sz/100198/1,2026-04-22 20:13:57
移动存储,USB 2.0,USB2.0(Micro COB) 32GB,人民币,2026-02-13,日低点,16.30,开盘价,16.30,收盘价,16.30,16.3,16.3,16.3,当前价,￥20.00,2026-04-22 18:00,0.00,0.00%,前收盘,￥20.00,日高点,￥20.00,日低点,￥20.00,$2.85,https://www.chinaflashmarket.com/price/usb2,https://www.chinaflashmarket.com/price/sz/100198,https://www.chinaflashmarket.com/price/sz/100198/1,2026-04-22 20:13:57
移动存储,USB 2.0,USB2.0(Micro COB) 32GB,人民币,2026-02-12,日低点,16.30,开盘价,16.30,收盘价,16.30,16.3,16.3,16.3,当前价,￥20.00,2026-04-22 18:00,0.00,0.00%,前收盘,￥20.00,日高点,￥20.00,日低点,￥20.00,$2.85,https://www.chinaflashmarket.com/price/usb2,https://www.chinaflashmarket.com/price/sz/100198,https://www.chinaflashmarket.com/price/sz/100198/1,2026-04-22 20:13:57
移动存储,USB 2.0,USB2.0(Micro COB) 32GB,人民币,2026-02-11,日低点,16.30,开盘价,16.30,收盘价,16.30,16.3,16.3,16.3,当前价,￥20.00,2026-04-22 18:00,0.00,0.00%,前收盘,￥20.00,日高点,￥20.00,日低点,￥20.00,$2.85,https://www.chinaflashmarket.com/price/usb2,https://www.chinaflashmarket.com/price/sz/100198,https://www.chinaflashmarket.com/price/sz/100198/1,2026-04-22 20:13:57
移动存储,USB 2.0,USB2.0(Micro COB) 32GB,人民币,2026-02-10,日低点,16.30,开盘价,16.30,收盘价,16.30,16.3,16.3,16.3,当前价,￥20.00,2026-04-22 18:00,0.00,0.00%,前收盘,￥20.00,日高点,￥20.00,日低点,￥20.00,$2.85,https://www.chinaflashmarket.com/price/usb2,https://www.chinaflashmarket.com/price/sz/100198,https://www.chinaflashmarket.com/price/sz/100198/1,2026-04-22 20:13:57
移动存储,USB 2.0,USB2.0(Micro COB) 32GB,人民币,2026-02-09,日低点,16.30,开盘价,16.30,收盘价,16.30,16.3,16.3,16.3,当前价,￥20.00,2026-04-22 18:00,0.00,0.00%,前收盘,￥20.00,日高点,￥20.00,日低点,￥20.00,$2.85,https://www.chinaflashmarket.com/price/usb2,https://www.chinaflashmarket.com/price/sz/100198,https://www.chinaflashmarket.com/price/sz/100198/1,2026-04-22 20:13:57
移动存储,USB 2.0,USB2.0(Micro COB) 32GB,人民币,2026-02-06,日低点,16.30,开盘价,16.30,收盘价,16.30,16.3,16.3,16.3,当前价,￥20.00,2026-04-22 18:00,0.00,0.00%,前收盘,￥20.00,日高点,￥20.00,日低点,￥20.00,$2.85,https://www.chinaflashmarket.com/price/usb2,https://www.chinaflashmarket.com/price/sz/100198,https://www.chinaflashmarket.com/price/sz/100198/1,2026-04-22 20:13:57
移动存储,USB 2.0,USB2.0(Micro COB) 32GB,人民币,2026-02-05,日低点,16.30,开盘价,16.30,收盘价,16.30,16.3,16.3,16.3,当前价,￥20.00,2026-04-22 18:00,0.00,0.00%,前收盘,￥20.00,日高点,￥20.00,日低点,￥20.00,$2.85,https://www.chinaflashmarket.com/price/usb2,https://www.chinaflashmarket.com/price/sz/100198,https://www.chinaflashmarket.com/price/sz/100198/1,2026-04-22 20:13:57
移动存储,USB 2.0,USB2.0(Micro COB) 32GB,人民币,2026-02-04,日低点,16.30,开盘价,16.30,收盘价,16.30,16.3,16.3,16.3,当前价,￥20.00,2026-04-22 18:00,0.00,0.00%,前收盘,￥20.00,日高点,￥20.00,日低点,￥20.00,$2.85,https://www.chinaflashmarket.com/price/usb2,https://www.chinaflashmarket.com/price/sz/100198,https://www.chinaflashmarket.com/price/sz/100198/1,2026-04-22 20:13:57
移动存储,USB 2.0,USB2.0(Micro COB) 32GB,人民币,2026-02-03,日低点,16.30,开盘价,16.30,收盘价,16.30,16.3,16.3,16.3,当前价,￥20.00,2026-04-22 18:00,0.00,0.00%,前收盘,￥20.00,日高点,￥20.00,日低点,￥20.00,$2.85,https://www.chinaflashmarket.com/price/usb2,https://www.chinaflashmarket.com/price/sz/100198,https://www.chinaflashmarket.com/price/sz/100198/1,2026-04-22 20:13:57
移动存储,USB 2.0,USB2.0(Micro COB) 32GB,人民币,2026-02-02,日低点,16.30,开盘价,16.30,收盘价,16.30,16.3,16.3,16.3,当前价,￥20.00,2026-04-22 18:00,0.00,0.00%,前收盘,￥20.00,日高点,￥20.00,日低点,￥20.00,$2.85,https://www.chinaflashmarket.com/price/usb2,https://www.chinaflashmarket.com/price/sz/100198,https://www.chinaflashmarket.com/price/sz/100198/1,2026-04-22 20:13:57
移动存储,USB 2.0,USB2.0(Micro COB) 32GB,人民币,2026-01-30,日低点,16.30,开盘价,16.30,收盘价,16.30,16.3,16.3,16.3,当前价,￥20.00,2026-04-22 18:00,0.00,0.00%,前收盘,￥20.00,日高点,￥20.00,日低点,￥20.00,$2.85,https://www.chinaflashmarket.com/price/usb2,https://www.chinaflashmarket.com/price/sz/100198,https://www.chinaflashmarket.com/price/sz/100198/1,2026-04-22 20:13:57
移动存储,USB 2.0,USB2.0(Micro COB) 32GB,人民币,2026-01-29,日低点,16.30,开盘价,16.30,收盘价,16.30,16.3,16.3,16.3,当前价,￥20.00,2026-04-22 18:00,0.00,0.00%,前收盘,￥20.00,日高点,￥20.00,日低点,￥20.00,$2.85,https://www.chinaflashmarket.com/price/usb2,https://www.chinaflashmarket.com/price/sz/100198,https://www.chinaflashmarket.com/price/sz/100198/1,2026-04-22 20:13:57
移动存储,USB 2.0,USB2.0(Micro COB) 32GB,人民币,2026-01-28,日低点,16.30,开盘价,16.30,收盘价,16.30,16.3,16.3,16.3,当前价,￥20.00,2026-04-22 18:00,0.00,0.00%,前收盘,￥20.00,日高点,￥20.00,日低点,￥20.00,$2.85,https://www.chinaflashmarket.com/price/usb2,https://www.chinaflashmarket.com/price/sz/100198,https://www.chinaflashmarket.com/price/sz/100198/1,2026-04-22 20:13:57
移动存储,USB 2.0,USB2.0(Micro COB) 32GB,人民币,2026-01-27,日低点,16.30,开盘价,16.30,收盘价,16.30,16.3,16.3,16.3,当前价,￥20.00,2026-04-22 18:00,0.00,0.00%,前收盘,￥20.00,日高点,￥20.00,日低点,￥20.00,$2.85,https://www.chinaflashmarket.com/price/usb2,https://www.chinaflashmarket.com/price/sz/100198,https://www.chinaflashmarket.com/price/sz/100198/1,2026-04-22 20:13:57
移动存储,USB 2.0,USB2.0(Micro COB) 32GB,人民币,2026-01-26,日低点,16.30,开盘价,16.30,收盘价,16.30,16.3,16.3,16.3,当前价,￥20.00,2026-04-22 18:00,0.00,0.00%,前收盘,￥20.00,日高点,￥20.00,日低点,￥20.00,$2.85,https://www.chinaflashmarket.com/price/usb2,https://www.chinaflashmarket.com/price/sz/100198,https://www.chinaflashmarket.com/price/sz/100198/1,2026-04-22 20:13:57
移动存储,USB 2.0,USB2.0(Micro COB) 32GB,人民币,2026-01-23,日低点,16.30,开盘价,16.30,收盘价,16.30,16.3,16.3,16.3,当前价,￥20.00,2026-04-22 18:00,0.00,0.00%,前收盘,￥20.00,日高点,￥20.00,日低点,￥20.00,$2.85,https://www.chinaflashmarket.com/price/usb2,https://www.chinaflashmarket.com/price/sz/100198,https://www.chinaflashmarket.com/price/sz/100198/1,2026-04-22 20:13:57
移动存储,USB 2.0,USB2.0(Micro COB) 32GB,人民币,2026-01-22,日低点,16.30,开盘价,16.30,收盘价,16.30,16.3,16.3,16.3,当前价,￥20.00,2026-04-22 18:00,0.00,0.00%,前收盘,￥20.00,日高点,￥20.00,日低点,￥20.00,$2.85,https://www.chinaflashmarket.com/price/usb2,https://www.chinaflashmarket.com/price/sz/100198,https://www.chinaflashmarket.com/price/sz/100198/1,2026-04-22 20:13:57
移动存储,USB 2.0,USB2.0(Micro COB) 64GB,人民币,2026-04-21,日低点,26.60,开盘价,26.60,收盘价,26.60,26.6,26.6,26.6,当前价,￥26.60,2026-04-22 18:00,0.00,0.00%,前收盘,￥26.60,日高点,￥26.60,日低点,￥26.60,$3.80,https://www.chinaflashmarket.com/price/usb2,https://www.chinaflashmarket.com/price/sz/100199,https://www.chinaflashmarket.com/price/sz/100199/1,2026-04-22 20:13:57
移动存储,USB 2.0,USB2.0(Micro COB) 64GB,人民币,2026-04-20,日低点,26.60,开盘价,26.60,收盘价,26.60,26.6,26.6,26.6,当前价,￥26.60,2026-04-22 18:00,0.00,0.00%,前收盘,￥26.60,日高点,￥26.60,日低点,￥26.60,$3.80,https://www.chinaflashmarket.com/price/usb2,https://www.chinaflashmarket.com/price/sz/100199,https://www.chinaflashmarket.com/price/sz/100199/1,2026-04-22 20:13:57
移动存储,USB 2.0,USB2.0(Micro COB) 64GB,人民币,2026-04-17,日低点,26.60,开盘价,26.60,收盘价,26.60,26.6,26.6,26.6,当前价,￥26.60,2026-04-22 18:00,0.00,0.00%,前收盘,￥26.60,日高点,￥26.60,日低点,￥26.60,$3.80,https://www.chinaflashmarket.com/price/usb2,https://www.chinaflashmarket.com/price/sz/100199,https://www.chinaflashmarket.com/price/sz/100199/1,2026-04-22 20:13:57
移动存储,USB 2.0,USB2.0(Micro COB) 64GB,人民币,2026-04-16,日低点,26.60,开盘价,26.60,收盘价,26.60,26.6,26.6,26.6,当前价,￥26.60,2026-04-22 18:00,0.00,0.00%,前收盘,￥26.60,日高点,￥26.60,日低点,￥26.60,$3.80,https://www.chinaflashmarket.com/price/usb2,https://www.chinaflashmarket.com/price/sz/100199,https://www.chinaflashmarket.com/price/sz/100199/1,2026-04-22 20:13:57
移动存储,USB 2.0,USB2.0(Micro COB) 64GB,人民币,2026-04-15,日低点,26.60,开盘价,26.60,收盘价,26.60,26.6,26.6,26.6,当前价,￥26.60,2026-04-22 18:00,0.00,0.00%,前收盘,￥26.60,日高点,￥26.60,日低点,￥26.60,$3.80,https://www.chinaflashmarket.com/price/usb2,https://www.chinaflashmarket.com/price/sz/100199,https://www.chinaflashmarket.com/price/sz/100199/1,2026-04-22 20:13:57
移动存储,USB 2.0,USB2.0(Micro COB) 64GB,人民币,2026-04-14,日低点,26.60,开盘价,26.60,收盘价,26.60,26.6,26.6,26.6,当前价,￥26.60,2026-04-22 18:00,0.00,0.00%,前收盘,￥26.60,日高点,￥26.60,日低点,￥26.60,$3.80,https://www.chinaflashmarket.com/price/usb2,https://www.chinaflashmarket.com/price/sz/100199,https://www.chinaflashmarket.com/price/sz/100199/1,2026-04-22 20:13:57
移动存储,USB 2.0,USB2.0(Micro COB) 64GB,人民币,2026-04-13,日低点,26.60,开盘价,26.60,收盘价,26.60,26.6,26.6,26.6,当前价,￥26.60,2026-04-22 18:00,0.00,0.00%,前收盘,￥26.60,日高点,￥26.60,日低点,￥26.60,$3.80,https://www.chinaflashmarket.com/price/usb2,https://www.chinaflashmarket.com/price/sz/100199,https://www.chinaflashmarket.com/price/sz/100199/1,2026-04-22 20:13:57
移动存储,USB 2.0,USB2.0(Micro COB) 64GB,人民币,2026-04-10,日低点,26.60,开盘价,26.60,收盘价,26.60,26.6,26.6,26.6,当前价,￥26.60,2026-04-22 18:00,0.00,0.00%,前收盘,￥26.60,日高点,￥26.60,日低点,￥26.60,$3.80,https://www.chinaflashmarket.com/price/usb2,https://www.chinaflashmarket.com/price/sz/100199,https://www.chinaflashmarket.com/price/sz/100199/1,2026-04-22 20:13:57
移动存储,USB 2.0,USB2.0(Micro COB) 64GB,人民币,2026-04-09,日低点,26.60,开盘价,26.60,收盘价,26.60,26.6,26.6,26.6,当前价,￥26.60,2026-04-22 18:00,0.00,0.00%,前收盘,￥26.60,日高点,￥26.60,日低点,￥26.60,$3.80,https://www.chinaflashmarket.com/price/usb2,https://www.chinaflashmarket.com/price/sz/100199,https://www.chinaflashmarket.com/price/sz/100199/1,2026-04-22 20:13:57
移动存储,USB 2.0,USB2.0(Micro COB) 64GB,人民币,2026-04-08,日低点,26.60,开盘价,26.60,收盘价,26.60,26.6,26.6,26.6,当前价,￥26.60,2026-04-22 18:00,0.00,0.00%,前收盘,￥26.60,日高点,￥26.60,日低点,￥26.60,$3.80,https://www.chinaflashmarket.com/price/usb2,https://www.chinaflashmarket.com/price/sz/100199,https://www.chinaflashmarket.com/price/sz/100199/1,2026-04-22 20:13:57
移动存储,USB 2.0,USB2.0(Micro COB) 64GB,人民币,2026-04-07,日低点,26.60,开盘价,26.60,收盘价,26.60,26.6,26.6,26.6,当前价,￥26.60,2026-04-22 18:00,0.00,0.00%,前收盘,￥26.60,日高点,￥26.60,日低点,￥26.60,$3.80,https://www.chinaflashmarket.com/price/usb2,https://www.chinaflashmarket.com/price/sz/100199,https://www.chinaflashmarket.com/price/sz/100199/1,2026-04-22 20:13:57
移动存储,USB 2.0,USB2.0(Micro COB) 64GB,人民币,2026-04-03,日低点,26.60,开盘价,26.60,收盘价,26.60,26.6,26.6,26.6,当前价,￥26.60,2026-04-22 18:00,0.00,0.00%,前收盘,￥26.60,日高点,￥26.60,日低点,￥26.60,$3.80,https://www.chinaflashmarket.com/price/usb2,https://www.chinaflashmarket.com/price/sz/100199,https://www.chinaflashmarket.com/price/sz/100199/1,2026-04-22 20:13:57
移动存储,USB 2.0,USB2.0(Micro COB) 64GB,人民币,2026-04-02,日低点,26.60,开盘价,26.60,收盘价,26.60,26.6,26.6,26.6,当前价,￥26.60,2026-04-22 18:00,0.00,0.00%,前收盘,￥26.60,日高点,￥26.60,日低点,￥26.60,$3.80,https://www.chinaflashmarket.com/price/usb2,https://www.chinaflashmarket.com/price/sz/100199,https://www.chinaflashmarket.com/price/sz/100199/1,2026-04-22 20:13:57
移动存储,USB 2.0,USB2.0(Micro COB) 64GB,人民币,2026-04-01,日低点,26.60,开盘价,26.60,收盘价,26.60,26.6,26.6,26.6,当前价,￥26.60,2026-04-22 18:00,0.00,0.00%,前收盘,￥26.60,日高点,￥26.60,日低点,￥26.60,$3.80,https://www.chinaflashmarket.com/price/usb2,https://www.chinaflashmarket.com/price/sz/100199,https://www.chinaflashmarket.com/price/sz/100199/1,2026-04-22 20:13:57
移动存储,USB 2.0,USB2.0(Micro COB) 64GB,人民币,2026-03-31,日低点,26.60,开盘价,26.60,收盘价,26.60,26.6,26.6,26.6,当前价,￥26.60,2026-04-22 18:00,0.00,0.00%,前收盘,￥26.60,日高点,￥26.60,日低点,￥26.60,$3.80,https://www.chinaflashmarket.com/price/usb2,https://www.chinaflashmarket.com/price/sz/100199,https://www.chinaflashmarket.com/price/sz/100199/1,2026-04-22 20:13:57
移动存储,USB 2.0,USB2.0(Micro COB) 64GB,人民币,2026-03-30,日低点,26.60,开盘价,26.60,收盘价,26.60,26.6,26.6,26.6,当前价,￥26.60,2026-04-22 18:00,0.00,0.00%,前收盘,￥26.60,日高点,￥26.60,日低点,￥26.60,$3.80,https://www.chinaflashmarket.com/price/usb2,https://www.chinaflashmarket.com/price/sz/100199,https://www.chinaflashmarket.com/price/sz/100199/1,2026-04-22 20:13:57
移动存储,USB 2.0,USB2.0(Micro COB) 64GB,人民币,2026-03-27,日低点,26.60,开盘价,26.60,收盘价,26.60,26.6,26.6,26.6,当前价,￥26.60,2026-04-22 18:00,0.00,0.00%,前收盘,￥26.60,日高点,￥26.60,日低点,￥26.60,$3.80,https://www.chinaflashmarket.com/price/usb2,https://www.chinaflashmarket.com/price/sz/100199,https://www.chinaflashmarket.com/price/sz/100199/1,2026-04-22 20:13:57
移动存储,USB 2.0,USB2.0(Micro COB) 64GB,人民币,2026-03-26,日低点,26.60,开盘价,26.60,收盘价,26.60,26.6,26.6,26.6,当前价,￥26.60,2026-04-22 18:00,0.00,0.00%,前收盘,￥26.60,日高点,￥26.60,日低点,￥26.60,$3.80,https://www.chinaflashmarket.com/price/usb2,https://www.chinaflashmarket.com/price/sz/100199,https://www.chinaflashmarket.com/price/sz/100199/1,2026-04-22 20:13:57
移动存储,USB 2.0,USB2.0(Micro COB) 64GB,人民币,2026-03-25,日低点,26.60,开盘价,26.60,收盘价,26.60,26.6,26.6,26.6,当前价,￥26.60,2026-04-22 18:00,0.00,0.00%,前收盘,￥26.60,日高点,￥26.60,日低点,￥26.60,$3.80,https://www.chinaflashmarket.com/price/usb2,https://www.chinaflashmarket.com/price/sz/100199,https://www.chinaflashmarket.com/price/sz/100199/1,2026-04-22 20:13:57
移动存储,USB 2.0,USB2.0(Micro COB) 64GB,人民币,2026-03-24,日低点,26.60,开盘价,26.60,收盘价,26.60,26.6,26.6,26.6,当前价,￥26.60,2026-04-22 18:00,0.00,0.00%,前收盘,￥26.60,日高点,￥26.60,日低点,￥26.60,$3.80,https://www.chinaflashmarket.com/price/usb2,https://www.chinaflashmarket.com/price/sz/100199,https://www.chinaflashmarket.com/price/sz/100199/1,2026-04-22 20:13:57
移动存储,USB 2.0,USB2.0(Micro COB) 64GB,人民币,2026-03-23,日低点,26.60,开盘价,26.60,收盘价,26.60,26.6,26.6,26.6,当前价,￥26.60,2026-04-22 18:00,0.00,0.00%,前收盘,￥26.60,日高点,￥26.60,日低点,￥26.60,$3.80,https://www.chinaflashmarket.com/price/usb2,https://www.chinaflashmarket.com/price/sz/100199,https://www.chinaflashmarket.com/price/sz/100199/1,2026-04-22 20:13:57
移动存储,USB 2.0,USB2.0(Micro COB) 64GB,人民币,2026-03-20,日低点,26.60,开盘价,26.60,收盘价,26.60,26.6,26.6,26.6,当前价,￥26.60,2026-04-22 18:00,0.00,0.00%,前收盘,￥26.60,日高点,￥26.60,日低点,￥26.60,$3.80,https://www.chinaflashmarket.com/price/usb2,https://www.chinaflashmarket.com/price/sz/100199,https://www.chinaflashmarket.com/price/sz/100199/1,2026-04-22 20:13:57
移动存储,USB 2.0,USB2.0(Micro COB) 64GB,人民币,2026-03-19,日低点,26.60,开盘价,26.60,收盘价,26.60,26.6,26.6,26.6,当前价,￥26.60,2026-04-22 18:00,0.00,0.00%,前收盘,￥26.60,日高点,￥26.60,日低点,￥26.60,$3.80,https://www.chinaflashmarket.com/price/usb2,https://www.chinaflashmarket.com/price/sz/100199,https://www.chinaflashmarket.com/price/sz/100199/1,2026-04-22 20:13:57
移动存储,USB 2.0,USB2.0(Micro COB) 64GB,人民币,2026-03-18,日低点,26.60,开盘价,26.60,收盘价,26.60,26.6,26.6,26.6,当前价,￥26.60,2026-04-22 18:00,0.00,0.00%,前收盘,￥26.60,日高点,￥26.60,日低点,￥26.60,$3.80,https://www.chinaflashmarket.com/price/usb2,https://www.chinaflashmarket.com/price/sz/100199,https://www.chinaflashmarket.com/price/sz/100199/1,2026-04-22 20:13:57
移动存储,USB 2.0,USB2.0(Micro COB) 64GB,人民币,2026-03-17,日低点,26.60,开盘价,26.60,收盘价,26.60,26.6,26.6,26.6,当前价,￥26.60,2026-04-22 18:00,0.00,0.00%,前收盘,￥26.60,日高点,￥26.60,日低点,￥26.60,$3.80,https://www.chinaflashmarket.com/price/usb2,https://www.chinaflashmarket.com/price/sz/100199,https://www.chinaflashmarket.com/price/sz/100199/1,2026-04-22 20:13:57
移动存储,USB 2.0,USB2.0(Micro COB) 64GB,人民币,2026-03-16,日低点,26.60,开盘价,26.60,收盘价,26.60,26.6,26.6,26.6,当前价,￥26.60,2026-04-22 18:00,0.00,0.00%,前收盘,￥26.60,日高点,￥26.60,日低点,￥26.60,$3.80,https://www.chinaflashmarket.com/price/usb2,https://www.chinaflashmarket.com/price/sz/100199,https://www.chinaflashmarket.com/price/sz/100199/1,2026-04-22 20:13:57
移动存储,USB 2.0,USB2.0(Micro COB) 64GB,人民币,2026-03-13,日低点,26.60,开盘价,26.60,收盘价,26.60,26.6,26.6,26.6,当前价,￥26.60,2026-04-22 18:00,0.00,0.00%,前收盘,￥26.60,日高点,￥26.60,日低点,￥26.60,$3.80,https://www.chinaflashmarket.com/price/usb2,https://www.chinaflashmarket.com/price/sz/100199,https://www.chinaflashmarket.com/price/sz/100199/1,2026-04-22 20:13:57
移动存储,USB 2.0,USB2.0(Micro COB) 64GB,人民币,2026-03-12,日低点,24.50,开盘价,24.50,收盘价,24.50,24.5,24.5,24.5,当前价,￥26.60,2026-04-22 18:00,0.00,0.00%,前收盘,￥26.60,日高点,￥26.60,日低点,￥26.60,$3.80,https://www.chinaflashmarket.com/price/usb2,https://www.chinaflashmarket.com/price/sz/100199,https://www.chinaflashmarket.com/price/sz/100199/1,2026-04-22 20:13:57
移动存储,USB 2.0,USB2.0(Micro COB) 64GB,人民币,2026-03-11,日低点,24.50,开盘价,24.50,收盘价,24.50,24.5,24.5,24.5,当前价,￥26.60,2026-04-22 18:00,0.00,0.00%,前收盘,￥26.60,日高点,￥26.60,日低点,￥26.60,$3.80,https://www.chinaflashmarket.com/price/usb2,https://www.chinaflashmarket.com/price/sz/100199,https://www.chinaflashmarket.com/price/sz/100199/1,2026-04-22 20:13:57
移动存储,USB 2.0,USB2.0(Micro COB) 64GB,人民币,2026-03-10,日低点,24.50,开盘价,24.50,收盘价,24.50,24.5,24.5,24.5,当前价,￥26.60,2026-04-22 18:00,0.00,0.00%,前收盘,￥26.60,日高点,￥26.60,日低点,￥26.60,$3.80,https://www.chinaflashmarket.com/price/usb2,https://www.chinaflashmarket.com/price/sz/100199,https://www.chinaflashmarket.com/price/sz/100199/1,2026-04-22 20:13:57
移动存储,USB 2.0,USB2.0(Micro COB) 64GB,人民币,2026-03-09,日低点,24.50,开盘价,24.50,收盘价,24.50,24.5,24.5,24.5,当前价,￥26.60,2026-04-22 18:00,0.00,0.00%,前收盘,￥26.60,日高点,￥26.60,日低点,￥26.60,$3.80,https://www.chinaflashmarket.com/price/usb2,https://www.chinaflashmarket.com/price/sz/100199,https://www.chinaflashmarket.com/price/sz/100199/1,2026-04-22 20:13:57
移动存储,USB 2.0,USB2.0(Micro COB) 64GB,人民币,2026-03-06,日低点,22.40,开盘价,22.40,收盘价,22.40,22.4,22.4,22.4,当前价,￥26.60,2026-04-22 18:00,0.00,0.00%,前收盘,￥26.60,日高点,￥26.60,日低点,￥26.60,$3.80,https://www.chinaflashmarket.com/price/usb2,https://www.chinaflashmarket.com/price/sz/100199,https://www.chinaflashmarket.com/price/sz/100199/1,2026-04-22 20:13:57
移动存储,USB 2.0,USB2.0(Micro COB) 64GB,人民币,2026-03-05,日低点,20.30,开盘价,20.30,收盘价,20.30,20.3,20.3,20.3,当前价,￥26.60,2026-04-22 18:00,0.00,0.00%,前收盘,￥26.60,日高点,￥26.60,日低点,￥26.60,$3.80,https://www.chinaflashmarket.com/price/usb2,https://www.chinaflashmarket.com/price/sz/100199,https://www.chinaflashmarket.com/price/sz/100199/1,2026-04-22 20:13:57
移动存储,USB 2.0,USB2.0(Micro COB) 64GB,人民币,2026-03-04,日低点,20.30,开盘价,20.30,收盘价,20.30,20.3,20.3,20.3,当前价,￥26.60,2026-04-22 18:00,0.00,0.00%,前收盘,￥26.60,日高点,￥26.60,日低点,￥26.60,$3.80,https://www.chinaflashmarket.com/price/usb2,https://www.chinaflashmarket.com/price/sz/100199,https://www.chinaflashmarket.com/price/sz/100199/1,2026-04-22 20:13:57
移动存储,USB 2.0,USB2.0(Micro COB) 64GB,人民币,2026-03-03,日低点,20.30,开盘价,20.30,收盘价,20.30,20.3,20.3,20.3,当前价,￥26.60,2026-04-22 18:00,0.00,0.00%,前收盘,￥26.60,日高点,￥26.60,日低点,￥26.60,$3.80,https://www.chinaflashmarket.com/price/usb2,https://www.chinaflashmarket.com/price/sz/100199,https://www.chinaflashmarket.com/price/sz/100199/1,2026-04-22 20:13:57
移动存储,USB 2.0,USB2.0(Micro COB) 64GB,人民币,2026-03-02,日低点,20.30,开盘价,20.30,收盘价,20.30,20.3,20.3,20.3,当前价,￥26.60,2026-04-22 18:00,0.00,0.00%,前收盘,￥26.60,日高点,￥26.60,日低点,￥26.60,$3.80,https://www.chinaflashmarket.com/price/usb2,https://www.chinaflashmarket.com/price/sz/100199,https://www.chinaflashmarket.com/price/sz/100199/1,2026-04-22 20:13:57
移动存储,USB 2.0,USB2.0(Micro COB) 64GB,人民币,2026-02-28,日低点,20.30,开盘价,20.30,收盘价,20.30,20.3,20.3,20.3,当前价,￥26.60,2026-04-22 18:00,0.00,0.00%,前收盘,￥26.60,日高点,￥26.60,日低点,￥26.60,$3.80,https://www.chinaflashmarket.com/price/usb2,https://www.chinaflashmarket.com/price/sz/100199,https://www.chinaflashmarket.com/price/sz/100199/1,2026-04-22 20:13:57
移动存储,USB 2.0,USB2.0(Micro COB) 64GB,人民币,2026-02-27,日低点,20.30,开盘价,20.30,收盘价,20.30,20.3,20.3,20.3,当前价,￥26.60,2026-04-22 18:00,0.00,0.00%,前收盘,￥26.60,日高点,￥26.60,日低点,￥26.60,$3.80,https://www.chinaflashmarket.com/price/usb2,https://www.chinaflashmarket.com/price/sz/100199,https://www.chinaflashmarket.com/price/sz/100199/1,2026-04-22 20:13:57
移动存储,USB 2.0,USB2.0(Micro COB) 64GB,人民币,2026-02-26,日低点,20.30,开盘价,20.30,收盘价,20.30,20.3,20.3,20.3,当前价,￥26.60,2026-04-22 18:00,0.00,0.00%,前收盘,￥26.60,日高点,￥26.60,日低点,￥26.60,$3.80,https://www.chinaflashmarket.com/price/usb2,https://www.chinaflashmarket.com/price/sz/100199,https://www.chinaflashmarket.com/price/sz/100199/1,2026-04-22 20:13:57
移动存储,USB 2.0,USB2.0(Micro COB) 64GB,人民币,2026-02-25,日低点,20.30,开盘价,20.30,收盘价,20.30,20.3,20.3,20.3,当前价,￥26.60,2026-04-22 18:00,0.00,0.00%,前收盘,￥26.60,日高点,￥26.60,日低点,￥26.60,$3.80,https://www.chinaflashmarket.com/price/usb2,https://www.chinaflashmarket.com/price/sz/100199,https://www.chinaflashmarket.com/price/sz/100199/1,2026-04-22 20:13:57
移动存储,USB 2.0,USB2.0(Micro COB) 64GB,人民币,2026-02-24,日低点,20.30,开盘价,20.30,收盘价,20.30,20.3,20.3,20.3,当前价,￥26.60,2026-04-22 18:00,0.00,0.00%,前收盘,￥26.60,日高点,￥26.60,日低点,￥26.60,$3.80,https://www.chinaflashmarket.com/price/usb2,https://www.chinaflashmarket.com/price/sz/100199,https://www.chinaflashmarket.com/price/sz/100199/1,2026-04-22 20:13:57
移动存储,USB 2.0,USB2.0(Micro COB) 64GB,人民币,2026-02-14,日低点,20.30,开盘价,20.30,收盘价,20.30,20.3,20.3,20.3,当前价,￥26.60,2026-04-22 18:00,0.00,0.00%,前收盘,￥26.60,日高点,￥26.60,日低点,￥26.60,$3.80,https://www.chinaflashmarket.com/price/usb2,https://www.chinaflashmarket.com/price/sz/100199,https://www.chinaflashmarket.com/price/sz/100199/1,2026-04-22 20:13:57
移动存储,USB 2.0,USB2.0(Micro COB) 64GB,人民币,2026-02-13,日低点,20.30,开盘价,20.30,收盘价,20.30,20.3,20.3,20.3,当前价,￥26.60,2026-04-22 18:00,0.00,0.00%,前收盘,￥26.60,日高点,￥26.60,日低点,￥26.60,$3.80,https://www.chinaflashmarket.com/price/usb2,https://www.chinaflashmarket.com/price/sz/100199,https://www.chinaflashmarket.com/price/sz/100199/1,2026-04-22 20:13:57
移动存储,USB 2.0,USB2.0(Micro COB) 64GB,人民币,2026-02-12,日低点,20.30,开盘价,20.30,收盘价,20.30,20.3,20.3,20.3,当前价,￥26.60,2026-04-22 18:00,0.00,0.00%,前收盘,￥26.60,日高点,￥26.60,日低点,￥26.60,$3.80,https://www.chinaflashmarket.com/price/usb2,https://www.chinaflashmarket.com/price/sz/100199,https://www.chinaflashmarket.com/price/sz/100199/1,2026-04-22 20:13:57
移动存储,USB 2.0,USB2.0(Micro COB) 64GB,人民币,2026-02-11,日低点,20.30,开盘价,20.30,收盘价,20.30,20.3,20.3,20.3,当前价,￥26.60,2026-04-22 18:00,0.00,0.00%,前收盘,￥26.60,日高点,￥26.60,日低点,￥26.60,$3.80,https://www.chinaflashmarket.com/price/usb2,https://www.chinaflashmarket.com/price/sz/100199,https://www.chinaflashmarket.com/price/sz/100199/1,2026-04-22 20:13:57
移动存储,USB 2.0,USB2.0(Micro COB) 64GB,人民币,2026-02-10,日低点,20.30,开盘价,20.30,收盘价,20.30,20.3,20.3,20.3,当前价,￥26.60,2026-04-22 18:00,0.00,0.00%,前收盘,￥26.60,日高点,￥26.60,日低点,￥26.60,$3.80,https://www.chinaflashmarket.com/price/usb2,https://www.chinaflashmarket.com/price/sz/100199,https://www.chinaflashmarket.com/price/sz/100199/1,2026-04-22 20:13:57
移动存储,USB 2.0,USB2.0(Micro COB) 64GB,人民币,2026-02-09,日低点,20.30,开盘价,20.30,收盘价,20.30,20.3,20.3,20.3,当前价,￥26.60,2026-04-22 18:00,0.00,0.00%,前收盘,￥26.60,日高点,￥26.60,日低点,￥26.60,$3.80,https://www.chinaflashmarket.com/price/usb2,https://www.chinaflashmarket.com/price/sz/100199,https://www.chinaflashmarket.com/price/sz/100199/1,2026-04-22 20:13:57
移动存储,USB 2.0,USB2.0(Micro COB) 64GB,人民币,2026-02-06,日低点,20.30,开盘价,20.30,收盘价,20.30,20.3,20.3,20.3,当前价,￥26.60,2026-04-22 18:00,0.00,0.00%,前收盘,￥26.60,日高点,￥26.60,日低点,￥26.60,$3.80,https://www.chinaflashmarket.com/price/usb2,https://www.chinaflashmarket.com/price/sz/100199,https://www.chinaflashmarket.com/price/sz/100199/1,2026-04-22 20:13:57
移动存储,USB 2.0,USB2.0(Micro COB) 64GB,人民币,2026-02-05,日低点,20.30,开盘价,20.30,收盘价,20.30,20.3,20.3,20.3,当前价,￥26.60,2026-04-22 18:00,0.00,0.00%,前收盘,￥26.60,日高点,￥26.60,日低点,￥26.60,$3.80,https://www.chinaflashmarket.com/price/usb2,https://www.chinaflashmarket.com/price/sz/100199,https://www.chinaflashmarket.com/price/sz/100199/1,2026-04-22 20:13:57
移动存储,USB 2.0,USB2.0(Micro COB) 64GB,人民币,2026-02-04,日低点,20.30,开盘价,20.30,收盘价,20.30,20.3,20.3,20.3,当前价,￥26.60,2026-04-22 18:00,0.00,0.00%,前收盘,￥26.60,日高点,￥26.60,日低点,￥26.60,$3.80,https://www.chinaflashmarket.com/price/usb2,https://www.chinaflashmarket.com/price/sz/100199,https://www.chinaflashmarket.com/price/sz/100199/1,2026-04-22 20:13:57
移动存储,USB 2.0,USB2.0(Micro COB) 64GB,人民币,2026-02-03,日低点,20.30,开盘价,20.30,收盘价,20.30,20.3,20.3,20.3,当前价,￥26.60,2026-04-22 18:00,0.00,0.00%,前收盘,￥26.60,日高点,￥26.60,日低点,￥26.60,$3.80,https://www.chinaflashmarket.com/price/usb2,https://www.chinaflashmarket.com/price/sz/100199,https://www.chinaflashmarket.com/price/sz/100199/1,2026-04-22 20:13:57
移动存储,USB 2.0,USB2.0(Micro COB) 64GB,人民币,2026-02-02,日低点,20.30,开盘价,20.30,收盘价,20.30,20.3,20.3,20.3,当前价,￥26.60,2026-04-22 18:00,0.00,0.00%,前收盘,￥26.60,日高点,￥26.60,日低点,￥26.60,$3.80,https://www.chinaflashmarket.com/price/usb2,https://www.chinaflashmarket.com/price/sz/100199,https://www.chinaflashmarket.com/price/sz/100199/1,2026-04-22 20:13:57
移动存储,USB 2.0,USB2.0(Micro COB) 64GB,人民币,2026-01-30,日低点,20.30,开盘价,20.30,收盘价,20.30,20.3,20.3,20.3,当前价,￥26.60,2026-04-22 18:00,0.00,0.00%,前收盘,￥26.60,日高点,￥26.60,日低点,￥26.60,$3.80,https://www.chinaflashmarket.com/price/usb2,https://www.chinaflashmarket.com/price/sz/100199,https://www.chinaflashmarket.com/price/sz/100199/1,2026-04-22 20:13:57
移动存储,USB 2.0,USB2.0(Micro COB) 64GB,人民币,2026-01-29,日低点,20.30,开盘价,20.30,收盘价,20.30,20.3,20.3,20.3,当前价,￥26.60,2026-04-22 18:00,0.00,0.00%,前收盘,￥26.60,日高点,￥26.60,日低点,￥26.60,$3.80,https://www.chinaflashmarket.com/price/usb2,https://www.chinaflashmarket.com/price/sz/100199,https://www.chinaflashmarket.com/price/sz/100199/1,2026-04-22 20:13:57
移动存储,USB 2.0,USB2.0(Micro COB) 64GB,人民币,2026-01-28,日低点,20.30,开盘价,20.30,收盘价,20.30,20.3,20.3,20.3,当前价,￥26.60,2026-04-22 18:00,0.00,0.00%,前收盘,￥26.60,日高点,￥26.60,日低点,￥26.60,$3.80,https://www.chinaflashmarket.com/price/usb2,https://www.chinaflashmarket.com/price/sz/100199,https://www.chinaflashmarket.com/price/sz/100199/1,2026-04-22 20:13:57
移动存储,USB 2.0,USB2.0(Micro COB) 64GB,人民币,2026-01-27,日低点,20.30,开盘价,20.30,收盘价,20.30,20.3,20.3,20.3,当前价,￥26.60,2026-04-22 18:00,0.00,0.00%,前收盘,￥26.60,日高点,￥26.60,日低点,￥26.60,$3.80,https://www.chinaflashmarket.com/price/usb2,https://www.chinaflashmarket.com/price/sz/100199,https://www.chinaflashmarket.com/price/sz/100199/1,2026-04-22 20:13:57
移动存储,USB 2.0,USB2.0(Micro COB) 64GB,人民币,2026-01-26,日低点,20.30,开盘价,20.30,收盘价,20.30,20.3,20.3,20.3,当前价,￥26.60,2026-04-22 18:00,0.00,0.00%,前收盘,￥26.60,日高点,￥26.60,日低点,￥26.60,$3.80,https://www.chinaflashmarket.com/price/usb2,https://www.chinaflashmarket.com/price/sz/100199,https://www.chinaflashmarket.com/price/sz/100199/1,2026-04-22 20:13:57
移动存储,USB 2.0,USB2.0(Micro COB) 64GB,人民币,2026-01-23,日低点,20.30,开盘价,20.30,收盘价,20.30,20.3,20.3,20.3,当前价,￥26.60,2026-04-22 18:00,0.00,0.00%,前收盘,￥26.60,日高点,￥26.60,日低点,￥26.60,$3.80,https://www.chinaflashmarket.com/price/usb2,https://www.chinaflashmarket.com/price/sz/100199,https://www.chinaflashmarket.com/price/sz/100199/1,2026-04-22 20:13:57
移动存储,USB 2.0,USB2.0(Micro COB) 64GB,人民币,2026-01-22,日低点,20.30,开盘价,20.30,收盘价,20.30,20.3,20.3,20.3,当前价,￥26.60,2026-04-22 18:00,0.00,0.00%,前收盘,￥26.60,日高点,￥26.60,日低点,￥26.60,$3.80,https://www.chinaflashmarket.com/price/usb2,https://www.chinaflashmarket.com/price/sz/100199,https://www.chinaflashmarket.com/price/sz/100199/1,2026-04-22 20:13:57
